-- MySQL dump 10.13  Distrib 5.5.60, for debian-linux-gnu (x86_64)
--
-- Host: mysql    Database: dime
-- ------------------------------------------------------
-- Server version	5.6.33

/*!40101 SET @OLD_CHARACTER_SET_CLIENT=@@CHARACTER_SET_CLIENT */;
/*!40101 SET @OLD_CHARACTER_SET_RESULTS=@@CHARACTER_SET_RESULTS */;
/*!40101 SET @OLD_COLLATION_CONNECTION=@@COLLATION_CONNECTION */;
/*!40101 SET NAMES utf8 */;
/*!40103 SET @OLD_TIME_ZONE=@@TIME_ZONE */;
/*!40103 SET TIME_ZONE='+00:00' */;
/*!40014 SET @OLD_UNIQUE_CHECKS=@@UNIQUE_CHECKS, UNIQUE_CHECKS=0 */;
/*!40014 SET @OLD_FOREIGN_KEY_CHECKS=@@FOREIGN_KEY_CHECKS, FOREIGN_KEY_CHECKS=0 */;
/*!40101 SET @OLD_SQL_MODE=@@SQL_MODE, SQL_MODE='NO_AUTO_VALUE_ON_ZERO' */;
/*!40111 SET @OLD_SQL_NOTES=@@SQL_NOTES, SQL_NOTES=0 */;

--
-- Table structure for table `WorkingPeriods`
--

DROP TABLE IF EXISTS `WorkingPeriods`;
/*!40101 SET @saved_cs_client     = @@character_set_client */;
/*!40101 SET character_set_client = utf8 */;
CREATE TABLE `WorkingPeriods` (
  `id` int(11) NOT NULL AUTO_INCREMENT,
  `employee_id` int(11) DEFAULT NULL,
  `user_id` int(11) DEFAULT NULL,
  `start` date DEFAULT NULL,
  `end` date DEFAULT NULL,
  `pensum` decimal(10,2) DEFAULT NULL,
  `holidays` int(11) DEFAULT NULL,
  `yearly_employee_vacation_budget` int(11) NOT NULL,
  `last_year_holiday_balance` varchar(255) COLLATE utf8_unicode_ci DEFAULT NULL,
  `realTime` int(11) DEFAULT NULL,
  `created_at` datetime NOT NULL,
  `updated_at` datetime NOT NULL,
  PRIMARY KEY (`id`),
  KEY `IDX_57C1BB888C03F15C` (`employee_id`),
  KEY `IDX_57C1BB88A76ED395` (`user_id`),
  CONSTRAINT `FK_57C1BB888C03F15C` FOREIGN KEY (`employee_id`) REFERENCES `users` (`id`),
  CONSTRAINT `FK_57C1BB88A76ED395` FOREIGN KEY (`user_id`) REFERENCES `users` (`id`) ON DELETE SET NULL
) ENGINE=InnoDB AUTO_INCREMENT=51 DEFAULT CHARSET=utf8 COLLATE=utf8_unicode_ci;
/*!40101 SET character_set_client = @saved_cs_client */;

--
-- Dumping data for table `WorkingPeriods`
--

LOCK TABLES `WorkingPeriods` WRITE;
/*!40000 ALTER TABLE `WorkingPeriods` DISABLE KEYS */;
INSERT INTO `WorkingPeriods` VALUES (1,7,2,'2017-01-25','2017-06-07',0.80,177629,20,'28',210880,'2018-09-19 15:14:38','2018-09-19 15:14:38'),(2,7,5,'2018-05-02','2019-01-18',0.30,129742,20,'48',6040,'2018-09-19 15:14:38','2018-09-19 15:14:38'),(3,16,5,'2018-01-28','2019-01-14',0.50,290801,20,'49',2455,'2018-09-19 15:14:38','2018-09-19 15:14:38'),(4,8,3,'2018-03-06','2019-07-18',0.80,662795,20,'67',0,'2018-09-19 15:14:38','2018-09-19 15:14:38'),(5,11,2,'2018-09-07','2019-06-11',0.20,91797,20,'42',3,'2018-09-19 15:14:38','2018-09-19 15:14:38'),(6,9,2,'2017-10-07','2018-10-16',0.50,310685,20,'21',39157224,'2018-09-19 15:14:38','2018-09-19 15:14:38'),(7,14,4,'2018-05-31','2019-02-17',0.50,217065,20,'19',66019506,'2018-09-19 15:14:38','2018-09-19 15:14:38'),(8,18,2,'2018-08-09','2019-07-28',0.40,234629,20,'22',727966598,'2018-09-19 15:14:38','2018-09-19 15:14:38'),(9,16,5,'2017-11-09','2019-07-20',0.90,921616,20,'62',3703871,'2018-09-19 15:14:38','2018-09-19 15:14:38'),(10,12,5,'2018-09-14','2019-05-12',0.10,39933,25,'78',2660981,'2018-09-19 15:14:38','2018-09-19 15:14:38'),(11,20,2,'2018-04-30','2019-01-12',0.70,298092,20,'93',26,'2018-09-19 15:14:38','2018-09-19 15:14:38'),(12,20,6,'2018-03-10','2019-01-31',0.70,380444,20,'99',66265002,'2018-09-19 15:14:38','2018-09-19 15:14:38'),(13,22,3,'2018-07-23','2019-03-26',0.90,366857,20,'53',59,'2018-09-19 15:14:38','2018-09-19 15:14:38'),(14,14,5,'2018-08-01','2018-10-21',0.40,53686,20,'93',16069,'2018-09-19 15:14:38','2018-09-19 15:14:38'),(15,15,4,'2018-03-27','2019-03-16',0.50,294115,25,'46',4,'2018-09-19 15:14:38','2018-09-19 15:14:38'),(16,20,2,'2018-05-26','2018-11-25',0.10,30489,25,'73',1499,'2018-09-19 15:14:38','2018-09-19 15:14:38'),(17,25,6,'2018-04-05','2019-01-21',0.20,96768,20,'93',44185321,'2018-09-19 15:14:38','2018-09-19 15:14:38'),(18,25,5,'2018-05-31','2018-11-06',0.80,210769,20,'20',49590601,'2018-09-19 15:14:38','2018-09-19 15:14:38'),(19,20,4,'2018-07-30','2019-05-27',0.10,49875,25,'4',7366,'2018-09-19 15:14:38','2018-09-19 15:14:38'),(20,18,6,'2018-07-04','2019-05-13',0.20,104059,20,'5',9103,'2018-09-19 15:14:38','2018-09-19 15:14:38'),(21,11,6,'2018-06-03','2018-12-22',0.50,168184,20,'91',155,'2018-09-19 15:14:38','2018-09-19 15:14:38'),(22,23,3,'2018-02-15','2019-01-11',0.20,109692,20,'54',256475042,'2018-09-19 15:14:38','2018-09-19 15:14:38'),(23,23,5,'2018-04-30','2019-01-21',0.50,221208,20,'9',468608,'2018-09-19 15:14:38','2018-09-19 15:14:38'),(24,23,2,'2018-03-01','2019-03-30',0.60,391712,20,'62',9748,'2018-09-19 15:14:38','2018-09-19 15:14:38'),(25,22,3,'2018-08-04','2019-03-23',0.70,267935,25,'84',1,'2018-09-19 15:14:38','2018-09-19 15:14:38'),(26,15,2,'2018-08-21','2019-08-20',0.30,180943,20,'38',347921,'2018-09-19 15:14:38','2018-09-19 15:14:38'),(27,7,6,'2017-12-07','2019-01-16',1.00,672736,20,'61',944773296,'2018-09-19 15:14:38','2018-09-19 15:14:38'),(28,10,6,'2018-03-21','2019-03-03',0.20,115326,25,'40',714,'2018-09-19 15:14:38','2018-09-19 15:14:38'),(29,15,4,'2017-12-01','2019-07-22',0.50,496267,20,'11',9894007,'2018-09-19 15:14:38','2018-09-19 15:14:38'),(30,10,5,'2018-08-07','2019-06-30',0.20,108367,20,'73',7211,'2018-09-19 15:14:38','2018-09-19 15:14:38'),(31,17,5,'2018-08-23','2019-04-26',0.30,122783,20,'85',239,'2018-09-19 15:14:38','2018-09-19 15:14:38'),(32,23,4,'2018-03-02','2019-07-19',0.30,250536,20,'30',46941,'2018-09-19 15:14:38','2018-09-19 15:14:38'),(33,23,3,'2017-12-02','2019-08-15',0.10,103065,20,'64',4728,'2018-09-19 15:14:38','2018-09-19 15:14:38'),(34,23,3,'2018-02-02','2019-01-15',0.20,115326,20,'77',658554,'2018-09-19 15:14:38','2018-09-19 15:14:38'),(35,22,6,'2017-11-08','2019-03-16',0.80,654841,20,'51',670625303,'2018-09-19 15:14:38','2018-09-19 15:14:38'),(36,7,3,'2017-10-23','2019-09-07',0.60,681021,20,'35',2887717,'2018-09-19 15:14:38','2018-09-19 15:14:38'),(37,7,2,'2017-11-06','2018-10-25',0.30,175972,20,'63',71,'2018-09-19 15:14:38','2018-09-19 15:14:38'),(38,24,6,'2018-05-01','2018-11-16',0.40,131896,20,'97',9,'2018-09-19 15:14:38','2018-09-19 15:14:38'),(39,17,4,'2018-04-14','2019-02-22',0.60,313170,20,'49',770599112,'2018-09-19 15:14:38','2018-09-19 15:14:38'),(40,14,2,'2018-09-20','2019-09-05',0.10,57995,25,'15',56,'2018-09-19 15:14:38','2018-09-19 15:14:38'),(41,23,3,'2018-07-22','2019-02-08',0.40,133884,20,'41',242874,'2018-09-19 15:14:38','2018-09-19 15:14:38'),(42,9,4,'2018-06-23','2019-02-27',0.10,41425,20,'14',24318,'2018-09-19 15:14:38','2018-09-19 15:14:38'),(43,25,5,'2018-06-08','2018-12-19',0.30,96934,25,'43',8120,'2018-09-19 15:14:38','2018-09-19 15:14:38'),(44,23,5,'2017-09-24','2019-02-23',0.20,171332,20,'13',596668,'2018-09-19 15:14:38','2018-09-19 15:14:38'),(45,25,5,'2018-01-10','2019-02-26',0.60,409607,20,'22',1,'2018-09-19 15:14:38','2018-09-19 15:14:38'),(46,26,3,'2018-05-22','2019-06-24',0.40,264455,20,'6',527740,'2018-09-19 15:14:38','2018-09-19 15:14:38'),(47,7,4,'2018-05-01','2019-01-07',0.90,375804,25,'77',431608,'2018-09-19 15:14:38','2018-09-19 15:14:38'),(48,24,3,'2018-03-06','2018-11-10',0.50,206295,20,'11',8,'2018-09-19 15:14:38','2018-09-19 15:14:38'),(49,18,2,'2018-07-03','2019-02-12',0.70,260975,20,'9',566649,'2018-09-19 15:14:38','2018-09-19 15:14:38'),(50,11,3,'2018-06-07','2019-02-05',0.80,322118,25,'57',97506,'2018-09-19 15:14:38','2018-09-19 15:14:38');
/*!40000 ALTER TABLE `WorkingPeriods` ENABLE KEYS */;
UNLOCK TABLES;

--
-- Table structure for table `activities`
--

DROP TABLE IF EXISTS `activities`;
/*!40101 SET @saved_cs_client     = @@character_set_client */;
/*!40101 SET character_set_client = utf8 */;
CREATE TABLE `activities` (
  `id` int(11) NOT NULL AUTO_INCREMENT,
  `project_id` int(11) DEFAULT NULL,
  `service_id` int(11) DEFAULT NULL,
  `user_id` int(11) DEFAULT NULL,
  `description` longtext COLLATE utf8_unicode_ci,
  `rate_value` varchar(255) COLLATE utf8_unicode_ci DEFAULT NULL COMMENT '(DC2Type:money)',
  `chargeable` tinyint(1) DEFAULT NULL,
  `cargeable_reference` smallint(6) NOT NULL,
  `vat` decimal(10,3) DEFAULT NULL,
  `rate_unit` longtext COLLATE utf8_unicode_ci,
  `created_at` datetime NOT NULL,
  `updated_at` datetime NOT NULL,
  `deleted_at` datetime DEFAULT NULL,
  `rateUnitType_id` varchar(255) COLLATE utf8_unicode_ci DEFAULT NULL,
  PRIMARY KEY (`id`),
  KEY `IDX_B5F1AFE5166D1F9C` (`project_id`),
  KEY `IDX_B5F1AFE5ED5CA9E6` (`service_id`),
  KEY `IDX_B5F1AFE52BE78CCE` (`rateUnitType_id`),
  KEY `IDX_B5F1AFE5A76ED395` (`user_id`),
  CONSTRAINT `FK_B5F1AFE5166D1F9C` FOREIGN KEY (`project_id`) REFERENCES `projects` (`id`) ON DELETE SET NULL,
  CONSTRAINT `FK_B5F1AFE52BE78CCE` FOREIGN KEY (`rateUnitType_id`) REFERENCES `rateunittypes` (`id`) ON DELETE SET NULL,
  CONSTRAINT `FK_B5F1AFE5A76ED395` FOREIGN KEY (`user_id`) REFERENCES `users` (`id`) ON DELETE SET NULL,
  CONSTRAINT `FK_B5F1AFE5ED5CA9E6` FOREIGN KEY (`service_id`) REFERENCES `services` (`id`) ON DELETE SET NULL
) ENGINE=InnoDB AUTO_INCREMENT=55 DEFAULT CHARSET=utf8 COLLATE=utf8_unicode_ci;
/*!40101 SET character_set_client = @saved_cs_client */;

--
-- Dumping data for table `activities`
--

LOCK TABLES `activities` WRITE;
/*!40000 ALTER TABLE `activities` DISABLE KEYS */;
INSERT INTO `activities` VALUES (1,9,1,2,'DimERP Programmieren','CHF 10000',1,1,0.080,'CHF/h','2018-09-19 15:14:39','2018-09-19 15:14:39',NULL,'h'),(2,1,6,5,'Molestias est in sed.','CHF 18000',1,1,0.025,'CHF/h','2018-09-19 15:14:39','2018-09-19 15:14:39',NULL,'h'),(3,10,13,5,'Cum ducimus vitae quam.','CHF 8100',1,1,0.025,'CHF/h','2018-09-19 15:14:39','2018-09-19 15:14:39',NULL,'h'),(4,2,14,6,'Est officia voluptatibus corrupti commodi deserunt.','CHF 2800',1,1,0.080,'CHF/h','2018-09-19 15:14:39','2018-09-19 15:14:39',NULL,'h'),(5,16,6,3,'Aut numquam a harum aliquam est.','CHF 18000',1,1,0.025,'CHF/h','2018-09-19 15:14:39','2018-09-19 15:14:39',NULL,'h'),(6,5,2,2,'Ratione sunt ut officia est.','CHF 10300',1,1,0.080,'CHF/h','2018-09-19 15:14:39','2018-09-19 15:14:39',NULL,'h'),(7,19,8,5,'Eius necessitatibus qui.','CHF 2800',1,1,0.080,'CHF/h','2018-09-19 15:14:39','2018-09-19 15:14:39',NULL,'h'),(8,19,20,3,'Eum repellendus enim eum.','CHF 10300',1,1,0.080,'CHF/h','2018-09-19 15:14:39','2018-09-19 15:14:39',NULL,'h'),(9,12,19,3,'Explicabo odit similique nihil numquam est.','CHF 18000',1,1,0.080,'CHF/h','2018-09-19 15:14:39','2018-09-19 15:14:39',NULL,'h'),(10,20,9,3,'Sit quas quo totam quia.','CHF 18000',0,1,0.025,'CHF/h','2018-09-19 15:14:39','2018-09-19 15:14:39',NULL,'h'),(11,12,16,2,'Quidem dolorum neque repudiandae.','CHF 8100',1,1,0.080,'CHF/h','2018-09-19 15:14:39','2018-09-19 15:14:39',NULL,'h'),(12,5,38,3,'Occaecati ut et soluta.','CHF 16900',0,1,0.080,'CHF/d','2018-09-19 15:14:39','2018-09-19 15:14:39',NULL,'t'),(13,9,35,6,'Et nihil voluptates dolores consectetur quo.','CHF 3100',1,1,0.080,'CHF/d','2018-09-19 15:14:39','2018-09-19 15:14:39',NULL,'t'),(14,9,28,2,'Perspiciatis aspernatur nemo.','CHF 10800',0,1,0.025,'CHF/d','2018-09-19 15:14:39','2018-09-19 15:14:39',NULL,'t'),(15,1,35,4,'Dolorem consequatur rerum suscipit.','CHF 3100',1,1,0.080,'CHF/d','2018-09-19 15:14:39','2018-09-19 15:14:39',NULL,'t'),(16,20,40,5,'Et eos blanditiis.','CHF 10800',1,1,0.080,'CHF/d','2018-09-19 15:14:39','2018-09-19 15:14:39',NULL,'t'),(17,12,40,4,'Iste repellat qui ipsum sit illum.','CHF 10800',1,1,0.080,'CHF/d','2018-09-19 15:14:39','2018-09-19 15:14:39',NULL,'t'),(18,14,24,3,'Commodi modi quia culpa corrupti autem.','CHF 1500',1,1,0.025,'CHF/d','2018-09-19 15:14:39','2018-09-19 15:14:39',NULL,'t'),(19,5,27,6,'Consequuntur provident beatae culpa consequatur aut.','CHF 10800',1,1,0.080,'CHF/d','2018-09-19 15:14:39','2018-09-19 15:14:39',NULL,'t'),(20,16,30,4,'Excepturi magni qui at et inventore.','CHF 1500',1,1,0.080,'CHF/d','2018-09-19 15:14:39','2018-09-19 15:14:39',NULL,'t'),(21,9,25,4,'Corporis molestias nam maxime qui dolorem.','CHF 16900',1,1,0.025,'CHF/d','2018-09-19 15:14:39','2018-09-19 15:14:39',NULL,'t'),(22,16,58,3,'Ex occaecati dolorem.','CHF 18300',1,1,0.080,'Pauschal','2018-09-19 15:14:39','2018-09-19 15:14:39',NULL,'a'),(23,6,48,2,'Odio in vero reiciendis modi.','CHF 18300',1,1,0.080,'Pauschal','2018-09-19 15:14:39','2018-09-19 15:14:39',NULL,'a'),(24,1,50,5,'Labore minus iste corrupti.','CHF 18300',1,1,0.080,'Pauschal','2018-09-19 15:14:39','2018-09-19 15:14:39',NULL,'a'),(25,20,42,6,'Consectetur omnis eaque nobis qui recusandae.','CHF 18500',1,1,0.025,'Einheit','2018-09-19 15:14:39','2018-09-19 15:14:39',NULL,'a'),(26,3,58,2,'Aut delectus laudantium.','CHF 18300',1,1,0.080,'Pauschal','2018-09-19 15:14:39','2018-09-19 15:14:39',NULL,'a'),(27,9,45,5,'Omnis possimus numquam nostrum officiis.','CHF 13700',1,1,0.080,'Km','2018-09-19 15:14:39','2018-09-19 15:14:39',NULL,'a'),(28,7,52,2,'Sit aut temporibus dolorem occaecati.','CHF 18500',1,1,0.025,'Einheit','2018-09-19 15:14:39','2018-09-19 15:14:39',NULL,'a'),(29,12,54,4,'Molestias quod error.','CHF 13700',0,1,0.025,'Km','2018-09-19 15:14:39','2018-09-19 15:14:39',NULL,'a'),(30,2,59,3,'Temporibus et et veritatis quia.','CHF 18500',1,1,0.080,'Einheit','2018-09-19 15:14:39','2018-09-19 15:14:39',NULL,'a'),(31,7,49,4,'Dolore accusamus qui similique et aliquam.','CHF 5500',1,1,0.025,'Einheit','2018-09-19 15:14:39','2018-09-19 15:14:39',NULL,'a'),(32,15,68,5,'Commodi qui voluptate quia rerum ut.','CHF 6700',1,1,0.080,'Pauschal','2018-09-19 15:14:39','2018-09-19 15:14:39',NULL,'a'),(33,19,74,3,'Totam saepe nihil mollitia consequatur et.','CHF 18300',0,1,0.025,'Pauschal','2018-09-19 15:14:39','2018-09-19 15:14:39',NULL,'a'),(34,16,62,2,'Totam cupiditate odio asperiores.','CHF 18300',1,1,0.080,'Pauschal','2018-09-19 15:14:39','2018-09-19 15:14:39',NULL,'a'),(35,10,79,5,'Qui ipsam similique quaerat.','CHF 10700',1,1,0.025,'Pauschal','2018-09-19 15:14:39','2018-09-19 15:14:39',NULL,'a'),(36,13,72,6,'Ratione maiores et et ut.','CHF 18300',1,1,0.080,'Pauschal','2018-09-19 15:14:39','2018-09-19 15:14:39',NULL,'a'),(37,8,64,3,'Sed ipsa nam minus qui.','CHF 2700',1,1,0.080,'Pauschal','2018-09-19 15:14:39','2018-09-19 15:14:39',NULL,'a'),(38,16,78,4,'Eaque eos temporibus optio.','CHF 14500',1,1,0.025,'Pauschal','2018-09-19 15:14:39','2018-09-19 15:14:39',NULL,'a'),(39,1,71,5,'Officia fugit et voluptatibus quam.','CHF 18300',1,1,0.080,'Pauschal','2018-09-19 15:14:39','2018-09-19 15:14:39',NULL,'a'),(40,16,63,5,'Ut ratione ea aperiam quae nam.','CHF 14500',1,1,0.025,'Pauschal','2018-09-19 15:14:39','2018-09-19 15:14:39',NULL,'a'),(41,9,66,3,'Quis sed autem et velit dolores.','CHF 14500',0,1,0.080,'Pauschal','2018-09-19 15:14:39','2018-09-19 15:14:39',NULL,'a'),(42,21,62,2,'Quia molestiae dignissimos enim.','CHF 18300',1,1,0.080,'Pauschal','2018-09-19 15:14:39','2018-09-19 15:14:39',NULL,'a'),(43,21,63,4,'Dolorem vel in placeat error.','CHF 14500',1,1,0.025,'Pauschal','2018-09-19 15:14:39','2018-09-19 15:14:39',NULL,'a'),(44,22,62,4,'Aperiam sequi praesentium illo aut.','CHF 18300',1,1,0.080,'Pauschal','2018-09-19 15:14:39','2018-09-19 15:14:39',NULL,'a'),(45,5,1,2,'Aut hic autem.','CHF 10000',1,1,0.080,'CHF/h','2018-09-19 15:14:39','2018-09-19 15:14:39',NULL,'h'),(46,12,1,3,'Aut distinctio deleniti qui.','CHF 10000',1,1,0.080,'CHF/h','2018-09-19 15:14:39','2018-09-19 15:14:39',NULL,'h'),(47,10,1,2,'In vel neque dicta quam aut.','CHF 10000',1,1,0.080,'CHF/h','2018-09-19 15:14:39','2018-09-19 15:14:39',NULL,'h'),(48,5,1,2,'Aut et molestias.','CHF 10000',1,1,0.080,'CHF/h','2018-09-19 15:14:39','2018-09-19 15:14:39',NULL,'h'),(49,14,1,2,'Sed saepe maxime nobis ut cupiditate.','CHF 10000',1,1,0.080,'CHF/h','2018-09-19 15:14:39','2018-09-19 15:14:39',NULL,'h'),(50,9,1,2,'Culpa eveniet sint provident.','CHF 10000',1,1,0.080,'CHF/h','2018-09-19 15:14:39','2018-09-19 15:14:39',NULL,'h'),(51,9,1,5,'Et magnam qui.','CHF 10000',1,1,0.080,'CHF/h','2018-09-19 15:14:39','2018-09-19 15:14:39',NULL,'h'),(52,15,1,4,'Reiciendis sunt molestias iure cum.','CHF 10000',1,1,0.080,'CHF/h','2018-09-19 15:14:39','2018-09-19 15:14:39',NULL,'h'),(53,18,1,3,'Aut atque tempora assumenda soluta.','CHF 10000',1,1,0.080,'CHF/h','2018-09-19 15:14:39','2018-09-19 15:14:39',NULL,'h'),(54,15,1,2,'Libero repudiandae non ut.','CHF 10000',1,1,0.080,'CHF/h','2018-09-19 15:14:39','2018-09-19 15:14:39',NULL,'h');
/*!40000 ALTER TABLE `activities` ENABLE KEYS */;
UNLOCK TABLES;

--
-- Table structure for table `activity_tags`
--

DROP TABLE IF EXISTS `activity_tags`;
/*!40101 SET @saved_cs_client     = @@character_set_client */;
/*!40101 SET character_set_client = utf8 */;
CREATE TABLE `activity_tags` (
  `activity_id` int(11) NOT NULL,
  `tag_id` int(11) NOT NULL,
  PRIMARY KEY (`activity_id`,`tag_id`),
  KEY `IDX_6C784FB481C06096` (`activity_id`),
  KEY `IDX_6C784FB4BAD26311` (`tag_id`),
  CONSTRAINT `FK_6C784FB481C06096` FOREIGN KEY (`activity_id`) REFERENCES `activities` (`id`) ON DELETE CASCADE,
  CONSTRAINT `FK_6C784FB4BAD26311` FOREIGN KEY (`tag_id`) REFERENCES `tags` (`id`) ON DELETE CASCADE
) ENGINE=InnoDB DEFAULT CHARSET=utf8 COLLATE=utf8_unicode_ci;
/*!40101 SET character_set_client = @saved_cs_client */;

--
-- Dumping data for table `activity_tags`
--

LOCK TABLES `activity_tags` WRITE;
/*!40000 ALTER TABLE `activity_tags` DISABLE KEYS */;
INSERT INTO `activity_tags` VALUES (45,15),(45,17),(46,4),(46,8),(47,10),(47,11),(48,4),(48,9),(49,17),(49,19),(50,18),(50,19),(51,9),(51,14),(52,6),(52,13),(53,7),(53,8),(54,10),(54,16);
/*!40000 ALTER TABLE `activity_tags` ENABLE KEYS */;
UNLOCK TABLES;

--
-- Table structure for table `address`
--

DROP TABLE IF EXISTS `address`;
/*!40101 SET @saved_cs_client     = @@character_set_client */;
/*!40101 SET character_set_client = utf8 */;
CREATE TABLE `address` (
  `id` int(11) NOT NULL AUTO_INCREMENT,
  `street` varchar(255) COLLATE utf8_unicode_ci DEFAULT NULL,
  `supplement` varchar(255) COLLATE utf8_unicode_ci DEFAULT NULL,
  `city` varchar(255) COLLATE utf8_unicode_ci DEFAULT NULL,
  `plz` int(11) DEFAULT NULL,
  `country` varchar(255) COLLATE utf8_unicode_ci DEFAULT NULL,
  PRIMARY KEY (`id`)
) ENGINE=InnoDB AUTO_INCREMENT=26 DEFAULT CHARSET=utf8 COLLATE=utf8_unicode_ci;
/*!40101 SET character_set_client = @saved_cs_client */;

--
-- Dumping data for table `address`
--

LOCK TABLES `address` WRITE;
/*!40000 ALTER TABLE `address` DISABLE KEYS */;
INSERT INTO `address` VALUES (1,'Bahnhhofstrasse 25',NULL,'Zürich',8000,'Switzerland'),(2,'Kellerstr. 1',NULL,'Châtel-Saint-Denis',4129,'St. Lucia'),(3,'Rudolf-Stutz-Strasse 0','Postfach 6900506','Aubonne',9860,'Luxemburg'),(4,'Versoixgasse 5',NULL,'Bern',3520,'Irak'),(5,'Liselotte-Maurer-Gasse 16',NULL,'Olten',6598,'Norwegen'),(6,'Alex-Wenger-Platz 2','Postfach 28020837','Münchenstein',8712,'Estland'),(7,'Cossonaystr. 6c',NULL,'Leuk',3635,'Madagaskar'),(8,'Unterseenallee 025',NULL,'Unterseen',7228,'Thailand'),(9,'Klingnauallee 104',NULL,'Yverdon-les-Bains',7944,'Spanien'),(10,'Lehmannallee 499',NULL,'Yverdon-les-Bains',2847,'Italien'),(11,'Stein am Rheinstr. 13a',NULL,'Baden',4262,'St. Vincent und die Grenadinen'),(12,'Horwallee 9c',NULL,'Morcote',426,'Botsuana'),(13,'Jäggiallee 19a',NULL,'Laufen',5042,'Äquatorialguinea'),(14,'Studerplatz 608',NULL,'Saillon',521,'Tschechische Republik'),(15,'Margrith-Fehr-Weg 12c','Postfach 93038783','Rorschach',8170,'Belize'),(16,'Lachenallee 880',NULL,'Lachen',3847,'Côte d’Ivoire'),(17,'Mäderstr. 0b',NULL,'Werdenberg',3677,'Kap Verde'),(18,'Salvatore-Betschart-Gasse 384',NULL,'Bad Zurzach',2239,'Irak'),(19,'Saillongasse 1',NULL,'Baden',2663,'Sonderverwaltungszone Macao'),(20,'Kusterplatz 16',NULL,'Burgdorf',4576,'Französische Süd- und Antarktisgebiete'),(21,'Daniela-Zwahlen-Weg 20',NULL,'Les Clées',6641,'Marshallinseln'),(22,'Roman-Senn-Gasse 489',NULL,'Carouge',1057,'Suriname'),(23,'Tannerallee 9',NULL,'Bellinzona',9172,'Vatikanstadt'),(24,'Magdalena-Stadelmann-Ring 874',NULL,'Thônex',8280,'Senegal'),(25,'Bruggstrasse 17a',NULL,'Klingnau',5653,'Australien');
/*!40000 ALTER TABLE `address` ENABLE KEYS */;
UNLOCK TABLES;

--
-- Table structure for table `addresses`
--

DROP TABLE IF EXISTS `addresses`;
/*!40101 SET @saved_cs_client     = @@character_set_client */;
/*!40101 SET character_set_client = utf8 */;
CREATE TABLE `addresses` (
  `id` int(11) NOT NULL AUTO_INCREMENT,
  `user_id` int(11) DEFAULT NULL,
  `street` varchar(255) COLLATE utf8_unicode_ci DEFAULT NULL,
  `supplement` varchar(255) COLLATE utf8_unicode_ci DEFAULT NULL,
  `city` varchar(255) COLLATE utf8_unicode_ci NOT NULL,
  `postcode` int(11) NOT NULL,
  `country` varchar(255) COLLATE utf8_unicode_ci DEFAULT NULL,
  `created_at` datetime NOT NULL,
  `updated_at` datetime NOT NULL,
  PRIMARY KEY (`id`),
  KEY `IDX_6FCA7516A76ED395` (`user_id`),
  CONSTRAINT `FK_6FCA7516A76ED395` FOREIGN KEY (`user_id`) REFERENCES `users` (`id`) ON DELETE SET NULL
) ENGINE=InnoDB AUTO_INCREMENT=26 DEFAULT CHARSET=utf8 COLLATE=utf8_unicode_ci;
/*!40101 SET character_set_client = @saved_cs_client */;

--
-- Dumping data for table `addresses`
--

LOCK TABLES `addresses` WRITE;
/*!40000 ALTER TABLE `addresses` DISABLE KEYS */;
INSERT INTO `addresses` VALUES (1,NULL,'Kellerstr. 1',NULL,'Klingnau',1133,'St. Lucia','2018-09-19 15:14:39','2018-09-19 15:14:39'),(2,NULL,'Rudolf-Stutz-Strasse 0','Postfach 6900506','Wallisellen',424,'Luxemburg','2018-09-19 15:14:39','2018-09-19 15:14:39'),(3,NULL,'Versoixgasse 5',NULL,'Meyrin',6971,'Irak','2018-09-19 15:14:39','2018-09-19 15:14:39'),(4,NULL,'Liselotte-Maurer-Gasse 16',NULL,'Lenzburg',3603,'Norwegen','2018-09-19 15:14:39','2018-09-19 15:14:39'),(5,NULL,'Alex-Wenger-Platz 2','Postfach 28020837','Ostermundigen',1438,'Estland','2018-09-19 15:14:39','2018-09-19 15:14:39'),(6,NULL,'Cossonaystr. 6c',NULL,'Wetzikon',6594,'Madagaskar','2018-09-19 15:14:39','2018-09-19 15:14:39'),(7,NULL,'Unterseenallee 025',NULL,'Chur',6266,'Thailand','2018-09-19 15:14:39','2018-09-19 15:14:39'),(8,NULL,'Klingnauallee 104',NULL,'Agno',2643,'Spanien','2018-09-19 15:14:39','2018-09-19 15:14:39'),(9,NULL,'Lehmannallee 499',NULL,'Prilly',7679,'Italien','2018-09-19 15:14:39','2018-09-19 15:14:39'),(10,NULL,'Stein am Rheinstr. 13a',NULL,'Küsnacht',3992,'St. Vincent und die Grenadinen','2018-09-19 15:14:39','2018-09-19 15:14:39'),(11,NULL,'Horwallee 9c',NULL,'Brig',9103,'Botsuana','2018-09-19 15:14:39','2018-09-19 15:14:39'),(12,NULL,'Jäggiallee 19a',NULL,'Schaffhausen',8475,'Äquatorialguinea','2018-09-19 15:14:39','2018-09-19 15:14:39'),(13,NULL,'Studerplatz 608',NULL,'Bad Zurzach',9775,'Tschechische Republik','2018-09-19 15:14:39','2018-09-19 15:14:39'),(14,NULL,'Margrith-Fehr-Weg 12c','Postfach 93038783','Grenchen',2880,'Belize','2018-09-19 15:14:39','2018-09-19 15:14:39'),(15,NULL,'Lachenallee 880',NULL,'Payerne',5192,'Côte d’Ivoire','2018-09-19 15:14:39','2018-09-19 15:14:39'),(16,NULL,'Mäderstr. 0b',NULL,'Affoltern am Albis',9073,'Kap Verde','2018-09-19 15:14:39','2018-09-19 15:14:39'),(17,NULL,'Salvatore-Betschart-Gasse 384',NULL,'Châtel-Saint-Denis',1191,'Irak','2018-09-19 15:14:39','2018-09-19 15:14:39'),(18,NULL,'Saillongasse 1',NULL,'La Sarraz',4856,'Sonderverwaltungszone Macao','2018-09-19 15:14:39','2018-09-19 15:14:39'),(19,NULL,'Kusterplatz 16',NULL,'Spiez',9246,'Französische Süd- und Antarktisgebiete','2018-09-19 15:14:39','2018-09-19 15:14:39'),(20,NULL,'Daniela-Zwahlen-Weg 20',NULL,'Bülach',7717,'Marshallinseln','2018-09-19 15:14:39','2018-09-19 15:14:39'),(21,NULL,'Roman-Senn-Gasse 489',NULL,'Willisau',1404,'Suriname','2018-09-19 15:14:39','2018-09-19 15:14:39'),(22,NULL,'Tannerallee 9',NULL,'Meyrin',227,'Vatikanstadt','2018-09-19 15:14:39','2018-09-19 15:14:39'),(23,NULL,'Magdalena-Stadelmann-Ring 874',NULL,'Altstätten',7197,'Senegal','2018-09-19 15:14:39','2018-09-19 15:14:39'),(24,NULL,'Bruggstrasse 17a',NULL,'Muri bei Bern',1607,'Australien','2018-09-19 15:14:39','2018-09-19 15:14:39'),(25,NULL,'Saint-Mauricegasse 88',NULL,'Allschwil',5674,'Sonderverwaltungszone Macao','2018-09-19 15:14:39','2018-09-19 15:14:39');
/*!40000 ALTER TABLE `addresses` ENABLE KEYS */;
UNLOCK TABLES;

--
-- Table structure for table `companies`
--

DROP TABLE IF EXISTS `companies`;
/*!40101 SET @saved_cs_client     = @@character_set_client */;
/*!40101 SET character_set_client = utf8 */;
CREATE TABLE `companies` (
  `id` int(11) NOT NULL AUTO_INCREMENT,
  `rate_group_id` int(11) DEFAULT NULL,
  `address_id` int(11) NOT NULL,
  `user_id` int(11) DEFAULT NULL,
  `name` varchar(255) COLLATE utf8_unicode_ci NOT NULL,
  `department` varchar(255) COLLATE utf8_unicode_ci DEFAULT NULL,
  `comment` longtext COLLATE utf8_unicode_ci,
  `email` longtext COLLATE utf8_unicode_ci,
  `created_at` datetime NOT NULL,
  `updated_at` datetime NOT NULL,
  PRIMARY KEY (`id`),
  UNIQUE KEY `UNIQ_8244AA3AF5B7AF75` (`address_id`),
  KEY `IDX_8244AA3A2983C9E6` (`rate_group_id`),
  KEY `IDX_8244AA3AA76ED395` (`user_id`),
  CONSTRAINT `FK_8244AA3A2983C9E6` FOREIGN KEY (`rate_group_id`) REFERENCES `rate_groups` (`id`) ON DELETE SET NULL,
  CONSTRAINT `FK_8244AA3AA76ED395` FOREIGN KEY (`user_id`) REFERENCES `users` (`id`) ON DELETE SET NULL,
  CONSTRAINT `FK_8244AA3AF5B7AF75` FOREIGN KEY (`address_id`) REFERENCES `addresses` (`id`)
) ENGINE=InnoDB AUTO_INCREMENT=26 DEFAULT CHARSET=utf8 COLLATE=utf8_unicode_ci;
/*!40101 SET character_set_client = @saved_cs_client */;

--
-- Dumping data for table `companies`
--

LOCK TABLES `companies` WRITE;
/*!40000 ALTER TABLE `companies` DISABLE KEYS */;
INSERT INTO `companies` VALUES (1,1,1,NULL,'Röthlisberger GmbH',NULL,'Dolor.','vfrey@naf.li','2018-09-19 15:14:39','2018-09-19 15:14:39'),(2,2,2,NULL,'Steinmann AG','minima','Quam omnis.','jorg.haller@gloor.net','2018-09-19 15:14:39','2018-09-19 15:14:39'),(3,2,3,NULL,'Tobler AG',NULL,'Molestiae.','aeschlimann.ruth@gmail.com','2018-09-19 15:14:39','2018-09-19 15:14:39'),(4,2,4,NULL,'Tobler',NULL,'Ut officia.','friedrich26@gmail.com','2018-09-19 15:14:39','2018-09-19 15:14:39'),(5,2,5,NULL,'Erni Krebs AG',NULL,'Neque quia.','andrea86@wenger.ch','2018-09-19 15:14:39','2018-09-19 15:14:39'),(6,2,6,NULL,'Bolliger Bürki AG',NULL,'Sit suscipit.','nstadelmann@gmx.ch','2018-09-19 15:14:39','2018-09-19 15:14:39'),(7,1,7,NULL,'Lehmann GmbH',NULL,'Quidem.','ramon17@hotmail.com','2018-09-19 15:14:39','2018-09-19 15:14:39'),(8,2,8,NULL,'Betschart Gloor AG',NULL,'Ut dignissimos.','sburgi@gmail.com','2018-09-19 15:14:39','2018-09-19 15:14:39'),(9,1,9,NULL,'Gloor Lutz AG',NULL,'Perspiciatis.','schmid.michaela@eugster.ch','2018-09-19 15:14:39','2018-09-19 15:14:39'),(10,2,10,NULL,'Hasler','ullam','Qui.','zpeter@bluewin.ch','2018-09-19 15:14:39','2018-09-19 15:14:39'),(11,1,11,NULL,'Steffen',NULL,'Ipsum.','weiss.claudio@googlemail.com','2018-09-19 15:14:39','2018-09-19 15:14:39'),(12,2,12,NULL,'Bürki',NULL,'Autem.','xprobst@hotmail.com','2018-09-19 15:14:39','2018-09-19 15:14:39'),(13,1,13,NULL,'Wagner AG',NULL,'Ducimus.','zhug@gmx.ch','2018-09-19 15:14:39','2018-09-19 15:14:39'),(14,1,14,NULL,'Berger Vogt AG',NULL,'Eaque autem.','studer.ralf@beck.ch','2018-09-19 15:14:39','2018-09-19 15:14:39'),(15,1,15,NULL,'Scherrer',NULL,'Ab repudiandae.','nicole28@gmail.com','2018-09-19 15:14:39','2018-09-19 15:14:39'),(16,1,16,NULL,'Frey','sit','Labore.','bpeter@seiler.com','2018-09-19 15:14:39','2018-09-19 15:14:39'),(17,1,17,NULL,'Bieri',NULL,'Nobis qui.','michele.leuenberger@googlemail.com','2018-09-19 15:14:39','2018-09-19 15:14:39'),(18,2,18,NULL,'Marty AG',NULL,'Illo neque.','ljaggi@hotmail.com','2018-09-19 15:14:39','2018-09-19 15:14:39'),(19,2,19,NULL,'Stocker GmbH',NULL,'Temporibus dolorem.','ana92@frei.com','2018-09-19 15:14:39','2018-09-19 15:14:39'),(20,2,20,NULL,'Roth','dolore','Temporibus et.','uhaller@hofer.com','2018-09-19 15:14:39','2018-09-19 15:14:39'),(21,2,21,NULL,'Zürcher GmbH',NULL,'Et.','aschmid@gasser.com','2018-09-19 15:14:39','2018-09-19 15:14:39'),(22,2,22,NULL,'Friedli',NULL,'Rem provident.','burri.michelle@stettler.li','2018-09-19 15:14:39','2018-09-19 15:14:39'),(23,1,23,NULL,'Steffen Burri AG',NULL,'Totam.','usenn@steiner.com','2018-09-19 15:14:39','2018-09-19 15:14:39'),(24,1,24,NULL,'Keller',NULL,'Et.','tanner.sebastian@merz.ch','2018-09-19 15:14:39','2018-09-19 15:14:39'),(25,1,25,NULL,'Reber AG',NULL,'Ipsa nam.','ikaser@yahoo.com','2018-09-19 15:14:39','2018-09-19 15:14:39');
/*!40000 ALTER TABLE `companies` ENABLE KEYS */;
UNLOCK TABLES;

--
-- Table structure for table `costgroups`
--

DROP TABLE IF EXISTS `costgroups`;
/*!40101 SET @saved_cs_client     = @@character_set_client */;
/*!40101 SET character_set_client = utf8 */;
CREATE TABLE `costgroups` (
  `id` int(11) NOT NULL AUTO_INCREMENT,
  `user_id` int(11) DEFAULT NULL,
  `number` int(11) DEFAULT NULL,
  `description` varchar(255) COLLATE utf8_unicode_ci DEFAULT NULL,
  `created_at` datetime NOT NULL,
  `updated_at` datetime NOT NULL,
  PRIMARY KEY (`id`),
  KEY `IDX_21D763E8A76ED395` (`user_id`),
  CONSTRAINT `FK_21D763E8A76ED395` FOREIGN KEY (`user_id`) REFERENCES `users` (`id`) ON DELETE SET NULL
) ENGINE=InnoDB AUTO_INCREMENT=6 DEFAULT CHARSET=utf8 COLLATE=utf8_unicode_ci;
/*!40101 SET character_set_client = @saved_cs_client */;

--
-- Dumping data for table `costgroups`
--

LOCK TABLES `costgroups` WRITE;
/*!40000 ALTER TABLE `costgroups` DISABLE KEYS */;
INSERT INTO `costgroups` VALUES (1,2,100,'Zivildienst','2018-09-19 15:14:39','2018-09-19 15:14:39'),(2,5,880,'dolor','2018-09-19 15:14:39','2018-09-19 15:14:39'),(3,4,351,'est','2018-09-19 15:14:39','2018-09-19 15:14:39'),(4,5,718,'qui','2018-09-19 15:14:39','2018-09-19 15:14:39'),(5,5,129,'velit','2018-09-19 15:14:39','2018-09-19 15:14:39');
/*!40000 ALTER TABLE `costgroups` ENABLE KEYS */;
UNLOCK TABLES;

--
-- Table structure for table `customer_phones`
--

DROP TABLE IF EXISTS `customer_phones`;
/*!40101 SET @saved_cs_client     = @@character_set_client */;
/*!40101 SET character_set_client = utf8 */;
CREATE TABLE `customer_phones` (
  `customer_id` int(11) NOT NULL,
  `phone_id` int(11) NOT NULL,
  PRIMARY KEY (`customer_id`,`phone_id`),
  UNIQUE KEY `UNIQ_52EDF2A43B7323CB` (`phone_id`),
  KEY `IDX_52EDF2A49395C3F3` (`customer_id`),
  CONSTRAINT `FK_52EDF2A43B7323CB` FOREIGN KEY (`phone_id`) REFERENCES `phone` (`id`),
  CONSTRAINT `FK_52EDF2A49395C3F3` FOREIGN KEY (`customer_id`) REFERENCES `customers` (`id`)
) ENGINE=InnoDB DEFAULT CHARSET=utf8 COLLATE=utf8_unicode_ci;
/*!40101 SET character_set_client = @saved_cs_client */;

--
-- Dumping data for table `customer_phones`
--

LOCK TABLES `customer_phones` WRITE;
/*!40000 ALTER TABLE `customer_phones` DISABLE KEYS */;
/*!40000 ALTER TABLE `customer_phones` ENABLE KEYS */;
UNLOCK TABLES;

--
-- Table structure for table `customer_tags`
--

DROP TABLE IF EXISTS `customer_tags`;
/*!40101 SET @saved_cs_client     = @@character_set_client */;
/*!40101 SET character_set_client = utf8 */;
CREATE TABLE `customer_tags` (
  `customer_id` int(11) NOT NULL,
  `tag_id` int(11) NOT NULL,
  PRIMARY KEY (`customer_id`,`tag_id`),
  KEY `IDX_3B2D30519395C3F3` (`customer_id`),
  KEY `IDX_3B2D3051BAD26311` (`tag_id`),
  CONSTRAINT `FK_3B2D30519395C3F3` FOREIGN KEY (`customer_id`) REFERENCES `customers` (`id`) ON DELETE CASCADE,
  CONSTRAINT `FK_3B2D3051BAD26311` FOREIGN KEY (`tag_id`) REFERENCES `tags` (`id`) ON DELETE CASCADE
) ENGINE=InnoDB DEFAULT CHARSET=utf8 COLLATE=utf8_unicode_ci;
/*!40101 SET character_set_client = @saved_cs_client */;

--
-- Dumping data for table `customer_tags`
--

LOCK TABLES `customer_tags` WRITE;
/*!40000 ALTER TABLE `customer_tags` DISABLE KEYS */;
INSERT INTO `customer_tags` VALUES (2,6),(2,16),(2,18),(3,3),(3,19),(9,8),(10,6),(10,13),(11,10),(11,18),(12,1),(12,4),(12,13),(13,2),(13,6),(13,11),(14,9),(14,15),(14,17),(15,4),(15,7),(15,16),(16,15),(17,20),(20,17),(20,19),(21,2),(21,6),(21,18),(23,5),(23,16),(24,5);
/*!40000 ALTER TABLE `customer_tags` ENABLE KEYS */;
UNLOCK TABLES;

--
-- Table structure for table `customers`
--

DROP TABLE IF EXISTS `customers`;
/*!40101 SET @saved_cs_client     = @@character_set_client */;
/*!40101 SET character_set_client = utf8 */;
CREATE TABLE `customers` (
  `id` int(11) NOT NULL AUTO_INCREMENT,
  `rate_group_id` int(11) DEFAULT NULL,
  `address_id` int(11) DEFAULT NULL,
  `user_id` int(11) DEFAULT NULL,
  `name` varchar(255) COLLATE utf8_unicode_ci NOT NULL,
  `alias` varchar(30) COLLATE utf8_unicode_ci NOT NULL,
  `company` varchar(60) COLLATE utf8_unicode_ci DEFAULT NULL,
  `department` varchar(60) COLLATE utf8_unicode_ci DEFAULT NULL,
  `fullname` varchar(60) COLLATE utf8_unicode_ci DEFAULT NULL,
  `salutation` varchar(60) COLLATE utf8_unicode_ci DEFAULT NULL,
  `email` varchar(60) COLLATE utf8_unicode_ci DEFAULT NULL,
  `phone` varchar(60) COLLATE utf8_unicode_ci DEFAULT NULL,
  `mobilephone` varchar(60) COLLATE utf8_unicode_ci DEFAULT NULL,
  `comment` longtext COLLATE utf8_unicode_ci,
  `chargeable` tinyint(1) NOT NULL,
  `system_customer` tinyint(1) NOT NULL,
  `created_at` datetime NOT NULL,
  `updated_at` datetime NOT NULL,
  PRIMARY KEY (`id`),
  UNIQUE KEY `unique_customer_alias_user` (`alias`,`user_id`),
  KEY `IDX_62534E212983C9E6` (`rate_group_id`),
  KEY `IDX_62534E21F5B7AF75` (`address_id`),
  KEY `IDX_62534E21A76ED395` (`user_id`),
  CONSTRAINT `FK_62534E212983C9E6` FOREIGN KEY (`rate_group_id`) REFERENCES `rate_groups` (`id`) ON DELETE SET NULL,
  CONSTRAINT `FK_62534E21A76ED395` FOREIGN KEY (`user_id`) REFERENCES `users` (`id`) ON DELETE SET NULL,
  CONSTRAINT `FK_62534E21F5B7AF75` FOREIGN KEY (`address_id`) REFERENCES `address` (`id`)
) ENGINE=InnoDB AUTO_INCREMENT=26 DEFAULT CHARSET=utf8 COLLATE=utf8_unicode_ci;
/*!40101 SET character_set_client = @saved_cs_client */;

--
-- Dumping data for table `customers`
--

LOCK TABLES `customers` WRITE;
/*!40000 ALTER TABLE `customers` DISABLE KEYS */;
INSERT INTO `customers` VALUES (1,1,1,5,'StiftungSWO','stiftungswo',NULL,NULL,NULL,NULL,NULL,NULL,NULL,NULL,1,1,'2018-09-19 15:14:38','2018-09-19 15:14:38'),(2,1,2,6,'Jost AG','et-velit-dolores-expedita-opti','Lutz','enim','Marco Schumacher','Frau',NULL,NULL,NULL,NULL,1,0,'2018-09-19 15:14:38','2018-09-19 15:14:38'),(3,2,3,6,'Beck GmbH','illo-aut-quod-exercitationem-n','Walser','voluptatem','Rosa Flückiger','Frau',NULL,NULL,NULL,NULL,1,0,'2018-09-19 15:14:38','2018-09-19 15:14:38'),(4,2,4,6,'Schmidt GmbH','quia-et-et-blanditiis-in-vel-n','Vogt AG','accusamus','Karin Hunziker','Herr',NULL,NULL,NULL,NULL,1,0,'2018-09-19 15:14:38','2018-09-19 15:14:38'),(5,1,5,3,'Hug AG','qui-fugit-sed-saepe-maxime','Achermann','rem','Ernst Meister MBA.','Herr',NULL,NULL,NULL,NULL,0,1,'2018-09-19 15:14:38','2018-09-19 15:14:38'),(6,1,6,4,'Jenni GmbH','distinctio-qui-quia-ut-et','Widmer','ea','Frau Prof. Gisela Kohler','Frau',NULL,NULL,NULL,NULL,1,0,'2018-09-19 15:14:38','2018-09-19 15:14:38'),(7,1,7,6,'Liechti','laborum-sequi-laborum-distinct','Knecht','accusantium','Fritz Jost','Frau',NULL,NULL,NULL,NULL,1,1,'2018-09-19 15:14:38','2018-09-19 15:14:38'),(8,1,8,4,'Widmer','est-eaque-et-fugit','Leuenberger','reiciendis','Richard Liechti','Herr',NULL,NULL,NULL,NULL,1,1,'2018-09-19 15:14:38','2018-09-19 15:14:38'),(9,1,9,6,'Jenni Siegrist AG','molestiae-rerum-omnis-exercita','Schmidt Stadelmann AG','ut','Christian Siegrist','Frau',NULL,NULL,NULL,NULL,1,0,'2018-09-19 15:14:38','2018-09-19 15:14:38'),(10,1,10,6,'Hauser Schütz AG','et-deserunt-sunt-hic-architect','Niederberger','dolore','Martin Liechti','Frau',NULL,NULL,NULL,NULL,1,1,'2018-09-19 15:14:38','2018-09-19 15:14:38'),(11,1,11,2,'Scherrer Locher AG','quasi-aut-a-ea-libero-veritati','Hartmann GmbH','at','Janine Bachmann B.A.','Herr',NULL,NULL,NULL,NULL,1,1,'2018-09-19 15:14:38','2018-09-19 15:14:38'),(12,1,12,6,'Stutz','eos-adipisci-dolores-debitis-u','Lang','sint','Rebecca Arnold-Rüegg','Frau',NULL,NULL,NULL,NULL,1,1,'2018-09-19 15:14:38','2018-09-19 15:14:38'),(13,2,13,6,'Küng','dolores-veritatis-illo-eveniet','Mathis','assumenda','Priska Frey','Frau',NULL,NULL,NULL,NULL,1,1,'2018-09-19 15:14:38','2018-09-19 15:14:38'),(14,1,14,6,'Iten Ziegler AG','praesentium-et-sunt-magnam-sol','Roth','error','Konrad Sigrist B.Eng.','Frau',NULL,NULL,NULL,NULL,1,1,'2018-09-19 15:14:38','2018-09-19 15:14:38'),(15,1,15,2,'Eugster','cum-dolorem-reprehenderit-ea-n','Zimmermann','aut','Oliver Wüthrich-Frei','Frau',NULL,NULL,NULL,NULL,0,0,'2018-09-19 15:14:38','2018-09-19 15:14:38'),(16,1,16,2,'Wehrli','sit-a-qui-omnis-doloribus-pari','Weibel','nesciunt','Denise Aeschlimann MBA.','Herr',NULL,NULL,NULL,NULL,1,0,'2018-09-19 15:14:38','2018-09-19 15:14:38'),(17,2,17,3,'Stocker GmbH','quis-molestiae-corporis-placea','Ammann','sed','Michele Brunner','Herr',NULL,NULL,NULL,NULL,1,0,'2018-09-19 15:14:38','2018-09-19 15:14:38'),(18,1,18,5,'Hug','nemo-ipsa-dolores-est-dolores-','Kuster','reprehenderit','Rosmarie Marti','Herr',NULL,NULL,NULL,NULL,1,1,'2018-09-19 15:14:38','2018-09-19 15:14:38'),(19,2,19,5,'Mathis Arnold GmbH','inventore-minima-laboriosam-qu','Schärer GmbH','necessitatibus','Herr Prof. Lars Haller','Herr',NULL,NULL,NULL,NULL,1,0,'2018-09-19 15:14:38','2018-09-19 15:14:38'),(20,1,20,2,'Haller GmbH','animi-ea-nihil-est-sed-rerum-p','Marti','consectetur','Urs Arnold','Herr',NULL,NULL,NULL,NULL,1,1,'2018-09-19 15:14:38','2018-09-19 15:14:38'),(21,1,21,4,'Lang Flückiger GmbH','rerum-vero-eos-atque-voluptate','Furrer Giger GmbH','sequi','Frau Prof. Dr. Rebecca Walser','Herr',NULL,NULL,NULL,NULL,1,0,'2018-09-19 15:14:38','2018-09-19 15:14:38'),(22,1,22,3,'Hartmann AG','dignissimos-sit-aut-repellendu','Ziegler GmbH','voluptatibus','Janine Keller','Frau',NULL,NULL,NULL,NULL,1,1,'2018-09-19 15:14:38','2018-09-19 15:14:38'),(23,2,23,4,'Röthlisberger AG','molestias-maxime-adipisci-et-s','Hofstetter','nemo','Frau Prof. Dr. Marianne Wirth B.Sc.','Frau',NULL,NULL,NULL,NULL,1,1,'2018-09-19 15:14:38','2018-09-19 15:14:38'),(24,1,24,4,'Flückiger GmbH','velit-ipsam-beatae-quia-repreh','Kälin AG','dolores','Ida Siegrist','Frau',NULL,NULL,NULL,NULL,1,1,'2018-09-19 15:14:38','2018-09-19 15:14:38'),(25,1,25,4,'Reber Gloor AG','facilis-enim-omnis-consectetur','Stutz','ut','Roland Seiler-Schüpbach','Herr',NULL,NULL,NULL,NULL,1,1,'2018-09-19 15:14:38','2018-09-19 15:14:38');
/*!40000 ALTER TABLE `customers` ENABLE KEYS */;
UNLOCK TABLES;

--
-- Table structure for table `holidays`
--

DROP TABLE IF EXISTS `holidays`;
/*!40101 SET @saved_cs_client     = @@character_set_client */;
/*!40101 SET character_set_client = utf8 */;
CREATE TABLE `holidays` (
  `id` int(11) NOT NULL AUTO_INCREMENT,
  `user_id` int(11) DEFAULT NULL,
  `date` date DEFAULT NULL,
  `duration` int(11) DEFAULT NULL,
  `created_at` datetime NOT NULL,
  `updated_at` datetime NOT NULL,
  PRIMARY KEY (`id`),
  KEY `IDX_3A66A10CA76ED395` (`user_id`),
  CONSTRAINT `FK_3A66A10CA76ED395` FOREIGN KEY (`user_id`) REFERENCES `users` (`id`) ON DELETE SET NULL
) ENGINE=InnoDB AUTO_INCREMENT=21 DEFAULT CHARSET=utf8 COLLATE=utf8_unicode_ci;
/*!40101 SET character_set_client = @saved_cs_client */;

--
-- Dumping data for table `holidays`
--

LOCK TABLES `holidays` WRITE;
/*!40000 ALTER TABLE `holidays` DISABLE KEYS */;
INSERT INTO `holidays` VALUES (1,5,'2017-11-16',30240,'2018-09-19 15:14:38','2018-09-19 15:14:38'),(2,6,'2017-11-21',30240,'2018-09-19 15:14:38','2018-09-19 15:14:38'),(3,2,'2018-03-24',3600,'2018-09-19 15:14:38','2018-09-19 15:14:38'),(4,5,'2018-04-27',16200,'2018-09-19 15:14:38','2018-09-19 15:14:38'),(5,3,'2018-07-11',3600,'2018-09-19 15:14:38','2018-09-19 15:14:38'),(6,2,'2018-05-21',30240,'2018-09-19 15:14:38','2018-09-19 15:14:38'),(7,5,'2018-03-09',30240,'2018-09-19 15:14:38','2018-09-19 15:14:38'),(8,4,'2017-12-16',30240,'2018-09-19 15:14:38','2018-09-19 15:14:38'),(9,2,'2018-03-29',16200,'2018-09-19 15:14:38','2018-09-19 15:14:38'),(10,3,'2018-01-09',16200,'2018-09-19 15:14:38','2018-09-19 15:14:38'),(11,3,'2018-07-31',16200,'2018-09-19 15:14:38','2018-09-19 15:14:38'),(12,5,'2018-08-09',30240,'2018-09-19 15:14:38','2018-09-19 15:14:38'),(13,4,'2018-07-26',30240,'2018-09-19 15:14:38','2018-09-19 15:14:38'),(14,3,'2018-07-24',30240,'2018-09-19 15:14:38','2018-09-19 15:14:38'),(15,6,'2017-09-23',30240,'2018-09-19 15:14:38','2018-09-19 15:14:38'),(16,5,'2017-11-16',30240,'2018-09-19 15:14:38','2018-09-19 15:14:38'),(17,2,'2017-10-08',30240,'2018-09-19 15:14:38','2018-09-19 15:14:38'),(18,3,'2018-04-21',30240,'2018-09-19 15:14:38','2018-09-19 15:14:38'),(19,3,'2017-12-11',30240,'2018-09-19 15:14:38','2018-09-19 15:14:38'),(20,5,'2018-06-16',30240,'2018-09-19 15:14:38','2018-09-19 15:14:38');
/*!40000 ALTER TABLE `holidays` ENABLE KEYS */;
UNLOCK TABLES;

--
-- Table structure for table `invoiceDiscounts`
--

DROP TABLE IF EXISTS `invoiceDiscounts`;
/*!40101 SET @saved_cs_client     = @@character_set_client */;
/*!40101 SET character_set_client = utf8 */;
CREATE TABLE `invoiceDiscounts` (
  `id` int(11) NOT NULL AUTO_INCREMENT,
  `invoice_id` int(11) DEFAULT NULL,
  `user_id` int(11) DEFAULT NULL,
  `name` varchar(255) COLLATE utf8_unicode_ci NOT NULL,
  `value` decimal(10,2) DEFAULT NULL,
  `percentage` tinyint(1) DEFAULT NULL,
  `minus` tinyint(1) DEFAULT NULL,
  `created_at` datetime NOT NULL,
  `updated_at` datetime NOT NULL,
  PRIMARY KEY (`id`),
  KEY `IDX_4F4E9F232989F1FD` (`invoice_id`),
  KEY `IDX_4F4E9F23A76ED395` (`user_id`),
  CONSTRAINT `FK_4F4E9F232989F1FD` FOREIGN KEY (`invoice_id`) REFERENCES `invoices` (`id`),
  CONSTRAINT `FK_4F4E9F23A76ED395` FOREIGN KEY (`user_id`) REFERENCES `users` (`id`) ON DELETE SET NULL
) ENGINE=InnoDB AUTO_INCREMENT=6 DEFAULT CHARSET=utf8 COLLATE=utf8_unicode_ci;
/*!40101 SET character_set_client = @saved_cs_client */;

--
-- Dumping data for table `invoiceDiscounts`
--

LOCK TABLES `invoiceDiscounts` WRITE;
/*!40000 ALTER TABLE `invoiceDiscounts` DISABLE KEYS */;
INSERT INTO `invoiceDiscounts` VALUES (1,49,2,'10% Off',0.10,1,1,'2018-09-19 15:14:39','2018-09-19 15:14:39'),(2,50,5,'10% Off',0.10,1,1,'2018-09-19 15:14:39','2018-09-19 15:14:39'),(3,50,2,'10% Off',0.10,1,1,'2018-09-19 15:14:39','2018-09-19 15:14:39'),(4,48,6,'10% Off',0.10,1,1,'2018-09-19 15:14:39','2018-09-19 15:14:39'),(5,46,4,'10% Off',0.10,1,1,'2018-09-19 15:14:39','2018-09-19 15:14:39');
/*!40000 ALTER TABLE `invoiceDiscounts` ENABLE KEYS */;
UNLOCK TABLES;

--
-- Table structure for table `invoice_costgroups`
--

DROP TABLE IF EXISTS `invoice_costgroups`;
/*!40101 SET @saved_cs_client     = @@character_set_client */;
/*!40101 SET character_set_client = utf8 */;
CREATE TABLE `invoice_costgroups` (
  `id` int(11) NOT NULL AUTO_INCREMENT,
  `invoice_id` int(11) DEFAULT NULL,
  `costgroup_id` int(11) DEFAULT NULL,
  `user_id` int(11) DEFAULT NULL,
  `weight` double NOT NULL,
  `created_at` datetime NOT NULL,
  `updated_at` datetime NOT NULL,
  PRIMARY KEY (`id`),
  KEY `IDX_D80B13762989F1FD` (`invoice_id`),
  KEY `IDX_D80B1376CC72B005` (`costgroup_id`),
  KEY `IDX_D80B1376A76ED395` (`user_id`),
  CONSTRAINT `FK_D80B13762989F1FD` FOREIGN KEY (`invoice_id`) REFERENCES `invoices` (`id`),
  CONSTRAINT `FK_D80B1376A76ED395` FOREIGN KEY (`user_id`) REFERENCES `users` (`id`) ON DELETE SET NULL,
  CONSTRAINT `FK_D80B1376CC72B005` FOREIGN KEY (`costgroup_id`) REFERENCES `costgroups` (`id`)
) ENGINE=InnoDB AUTO_INCREMENT=21 DEFAULT CHARSET=utf8 COLLATE=utf8_unicode_ci;
/*!40101 SET character_set_client = @saved_cs_client */;

--
-- Dumping data for table `invoice_costgroups`
--

LOCK TABLES `invoice_costgroups` WRITE;
/*!40000 ALTER TABLE `invoice_costgroups` DISABLE KEYS */;
INSERT INTO `invoice_costgroups` VALUES (1,1,1,NULL,30,'2018-09-19 15:14:39','2018-09-19 15:14:39'),(2,1,2,NULL,60,'2018-09-19 15:14:39','2018-09-19 15:14:39'),(3,29,1,NULL,24,'2018-09-19 15:14:39','2018-09-19 15:14:39'),(4,43,2,NULL,40,'2018-09-19 15:14:39','2018-09-19 15:14:39'),(5,44,4,NULL,33,'2018-09-19 15:14:39','2018-09-19 15:14:39'),(6,49,5,NULL,11,'2018-09-19 15:14:39','2018-09-19 15:14:39'),(7,24,4,NULL,55,'2018-09-19 15:14:39','2018-09-19 15:14:39'),(8,36,2,NULL,38,'2018-09-19 15:14:39','2018-09-19 15:14:39'),(9,17,2,NULL,92,'2018-09-19 15:14:39','2018-09-19 15:14:39'),(10,1,2,NULL,50,'2018-09-19 15:14:39','2018-09-19 15:14:39'),(11,48,5,NULL,61,'2018-09-19 15:14:39','2018-09-19 15:14:39'),(12,11,5,NULL,6,'2018-09-19 15:14:39','2018-09-19 15:14:39'),(13,46,5,NULL,13,'2018-09-19 15:14:39','2018-09-19 15:14:39'),(14,4,3,NULL,2,'2018-09-19 15:14:39','2018-09-19 15:14:39'),(15,6,3,NULL,6,'2018-09-19 15:14:39','2018-09-19 15:14:39'),(16,7,2,NULL,24,'2018-09-19 15:14:39','2018-09-19 15:14:39'),(17,21,2,NULL,33,'2018-09-19 15:14:39','2018-09-19 15:14:39'),(18,38,3,NULL,95,'2018-09-19 15:14:39','2018-09-19 15:14:39'),(19,50,1,NULL,6,'2018-09-19 15:14:39','2018-09-19 15:14:39'),(20,49,2,NULL,16,'2018-09-19 15:14:39','2018-09-19 15:14:39');
/*!40000 ALTER TABLE `invoice_costgroups` ENABLE KEYS */;
UNLOCK TABLES;

--
-- Table structure for table `invoice_items`
--

DROP TABLE IF EXISTS `invoice_items`;
/*!40101 SET @saved_cs_client     = @@character_set_client */;
/*!40101 SET character_set_client = utf8 */;
CREATE TABLE `invoice_items` (
  `id` int(11) NOT NULL AUTO_INCREMENT,
  `invoice_id` int(11) DEFAULT NULL,
  `activity_id` int(11) DEFAULT NULL,
  `user_id` int(11) DEFAULT NULL,
  `name` varchar(255) COLLATE utf8_unicode_ci NOT NULL,
  `rate_value` varchar(255) COLLATE utf8_unicode_ci DEFAULT NULL COMMENT '(DC2Type:money)',
  `rateUnit` varchar(255) COLLATE utf8_unicode_ci DEFAULT NULL,
  `vat` decimal(10,3) DEFAULT NULL,
  `amount` varchar(255) COLLATE utf8_unicode_ci DEFAULT NULL,
  `order_no` decimal(10,0) DEFAULT NULL,
  `created_at` datetime NOT NULL,
  `updated_at` datetime NOT NULL,
  PRIMARY KEY (`id`),
  KEY `IDX_DCC4B9F82989F1FD` (`invoice_id`),
  KEY `IDX_DCC4B9F881C06096` (`activity_id`),
  KEY `IDX_DCC4B9F8A76ED395` (`user_id`),
  CONSTRAINT `FK_DCC4B9F82989F1FD` FOREIGN KEY (`invoice_id`) REFERENCES `invoices` (`id`),
  CONSTRAINT `FK_DCC4B9F881C06096` FOREIGN KEY (`activity_id`) REFERENCES `activities` (`id`),
  CONSTRAINT `FK_DCC4B9F8A76ED395` FOREIGN KEY (`user_id`) REFERENCES `users` (`id`) ON DELETE SET NULL
) ENGINE=InnoDB AUTO_INCREMENT=42 DEFAULT CHARSET=utf8 COLLATE=utf8_unicode_ci;
/*!40101 SET character_set_client = @saved_cs_client */;

--
-- Dumping data for table `invoice_items`
--

LOCK TABLES `invoice_items` WRITE;
/*!40000 ALTER TABLE `invoice_items` DISABLE KEYS */;
INSERT INTO `invoice_items` VALUES (1,1,1,2,'Zivi (Tagespauschale)','CHF 88000','CHF/h',0.080,'28',1,'2018-09-19 15:14:39','2018-09-19 15:14:39'),(2,25,5,4,'molestias','CHF 64300','CHF/h',0.025,'40',48,'2018-09-19 15:14:39','2018-09-19 15:14:39'),(3,30,8,3,'possimus','CHF 45500','CHF/h',0.080,'8',38,'2018-09-19 15:14:39','2018-09-19 15:14:39'),(4,17,9,3,'odio','CHF 45600','CHF/h',0.025,'50',24,'2018-09-19 15:14:39','2018-09-19 15:14:39'),(5,12,5,2,'minima','CHF 39500','CHF/h',0.025,'6',53,'2018-09-19 15:14:39','2018-09-19 15:14:39'),(6,3,3,4,'harum','CHF 70600','CHF/h',0.025,'82',24,'2018-09-19 15:14:39','2018-09-19 15:14:39'),(7,21,11,3,'ratione','CHF 58700','CHF/h',0.080,'87',90,'2018-09-19 15:14:39','2018-09-19 15:14:39'),(8,7,10,5,'voluptatem','CHF 15000','CHF/h',0.080,'16',3,'2018-09-19 15:14:39','2018-09-19 15:14:39'),(9,22,11,5,'neque','CHF 32600','CHF/h',0.025,'42',98,'2018-09-19 15:14:39','2018-09-19 15:14:39'),(10,37,10,5,'et','CHF 3200','CHF/h',0.025,'97',65,'2018-09-19 15:14:39','2018-09-19 15:14:39'),(11,39,9,3,'est','CHF 83700','CHF/h',0.080,'81',55,'2018-09-19 15:14:39','2018-09-19 15:14:39'),(12,4,21,4,'quo','CHF 2600','CHF/h',0.025,'16',11,'2018-09-19 15:14:39','2018-09-19 15:14:39'),(13,45,17,5,'quidem','CHF 37800','CHF/h',0.025,'57',17,'2018-09-19 15:14:39','2018-09-19 15:14:39'),(14,5,21,3,'nihil','CHF 50200','CHF/h',0.080,'25',66,'2018-09-19 15:14:39','2018-09-19 15:14:39'),(15,49,16,5,'omnis','CHF 62500','CHF/h',0.025,'87',69,'2018-09-19 15:14:39','2018-09-19 15:14:39'),(16,12,15,2,'illo','CHF 14800','CHF/h',0.025,'22',29,'2018-09-19 15:14:39','2018-09-19 15:14:39'),(17,45,17,2,'officia','CHF 70000','CHF/h',0.080,'99',81,'2018-09-19 15:14:39','2018-09-19 15:14:39'),(18,1,20,6,'suscipit','CHF 70800','CHF/h',0.080,'7',47,'2018-09-19 15:14:39','2018-09-19 15:14:39'),(19,32,20,6,'blanditiis','CHF 35200','CHF/h',0.080,'43',58,'2018-09-19 15:14:39','2018-09-19 15:14:39'),(20,14,14,6,'qui','CHF 95700','CHF/h',0.025,'1',62,'2018-09-19 15:14:39','2018-09-19 15:14:39'),(21,14,21,4,'quia','CHF 36600','CHF/h',0.080,'58',49,'2018-09-19 15:14:39','2018-09-19 15:14:39'),(22,10,31,3,'perferendis','CHF 72500','CHF/h',0.080,'24',26,'2018-09-19 15:14:39','2018-09-19 15:14:39'),(23,15,27,6,'consequatur','CHF 65400','CHF/h',0.080,'33',68,'2018-09-19 15:14:39','2018-09-19 15:14:39'),(24,20,22,6,'magni','CHF 34000','CHF/h',0.080,'76',42,'2018-09-19 15:14:39','2018-09-19 15:14:39'),(25,22,28,5,'autem','CHF 87600','CHF/h',0.080,'18',40,'2018-09-19 15:14:39','2018-09-19 15:14:39'),(26,9,23,6,'quam','CHF 77500','CHF/h',0.025,'10',38,'2018-09-19 15:14:39','2018-09-19 15:14:39'),(27,35,27,5,'ab','CHF 48500','CHF/h',0.025,'71',70,'2018-09-19 15:14:39','2018-09-19 15:14:39'),(28,29,22,4,'reiciendis','CHF 33500','CHF/h',0.080,'34',8,'2018-09-19 15:14:39','2018-09-19 15:14:39'),(29,21,22,3,'minus','CHF 27700','CHF/h',0.025,'21',99,'2018-09-19 15:14:39','2018-09-19 15:14:39'),(30,41,26,2,'consectetur','CHF 29600','CHF/h',0.025,'86',47,'2018-09-19 15:14:39','2018-09-19 15:14:39'),(31,20,24,5,'expedita','CHF 14000','CHF/h',0.025,'96',79,'2018-09-19 15:14:39','2018-09-19 15:14:39'),(32,21,39,4,'quia','CHF 82100','CHF/h',0.080,'83',77,'2018-09-19 15:14:39','2018-09-19 15:14:39'),(33,40,39,5,'dolor','CHF 86600','CHF/h',0.025,'3',11,'2018-09-19 15:14:39','2018-09-19 15:14:39'),(34,9,33,2,'dolorem','CHF 23000','CHF/h',0.080,'68',92,'2018-09-19 15:14:39','2018-09-19 15:14:39'),(35,40,33,4,'quod','CHF 83700','CHF/h',0.025,'63',37,'2018-09-19 15:14:39','2018-09-19 15:14:39'),(36,23,38,3,'et','CHF 46700','CHF/h',0.025,'64',63,'2018-09-19 15:14:39','2018-09-19 15:14:39'),(37,47,38,4,'nobis','CHF 49900','CHF/h',0.080,'49',16,'2018-09-19 15:14:39','2018-09-19 15:14:39'),(38,17,38,4,'at','CHF 24600','CHF/h',0.080,'54',99,'2018-09-19 15:14:39','2018-09-19 15:14:39'),(39,46,40,4,'rerum','CHF 30300','CHF/h',0.080,'85',72,'2018-09-19 15:14:39','2018-09-19 15:14:39'),(40,17,39,2,'saepe','CHF 36200','CHF/h',0.080,'13',41,'2018-09-19 15:14:39','2018-09-19 15:14:39'),(41,44,33,2,'aut','CHF 49000','CHF/h',0.025,'82',49,'2018-09-19 15:14:39','2018-09-19 15:14:39');
/*!40000 ALTER TABLE `invoice_items` ENABLE KEYS */;
UNLOCK TABLES;

--
-- Table structure for table `invoice_tags`
--

DROP TABLE IF EXISTS `invoice_tags`;
/*!40101 SET @saved_cs_client     = @@character_set_client */;
/*!40101 SET character_set_client = utf8 */;
CREATE TABLE `invoice_tags` (
  `invoice_id` int(11) NOT NULL,
  `tag_id` int(11) NOT NULL,
  PRIMARY KEY (`invoice_id`,`tag_id`),
  KEY `IDX_6D79F6432989F1FD` (`invoice_id`),
  KEY `IDX_6D79F643BAD26311` (`tag_id`),
  CONSTRAINT `FK_6D79F6432989F1FD` FOREIGN KEY (`invoice_id`) REFERENCES `invoices` (`id`) ON DELETE CASCADE,
  CONSTRAINT `FK_6D79F643BAD26311` FOREIGN KEY (`tag_id`) REFERENCES `tags` (`id`) ON DELETE CASCADE
) ENGINE=InnoDB DEFAULT CHARSET=utf8 COLLATE=utf8_unicode_ci;
/*!40101 SET character_set_client = @saved_cs_client */;

--
-- Dumping data for table `invoice_tags`
--

LOCK TABLES `invoice_tags` WRITE;
/*!40000 ALTER TABLE `invoice_tags` DISABLE KEYS */;
/*!40000 ALTER TABLE `invoice_tags` ENABLE KEYS */;
UNLOCK TABLES;

--
-- Table structure for table `invoices`
--

DROP TABLE IF EXISTS `invoices`;
/*!40101 SET @saved_cs_client     = @@character_set_client */;
/*!40101 SET character_set_client = utf8 */;
CREATE TABLE `invoices` (
  `id` int(11) NOT NULL AUTO_INCREMENT,
  `project_id` int(11) DEFAULT NULL,
  `customer_id` int(11) DEFAULT NULL,
  `accountant_id` int(11) DEFAULT NULL,
  `user_id` int(11) DEFAULT NULL,
  `name` varchar(255) COLLATE utf8_unicode_ci NOT NULL,
  `alias` varchar(30) COLLATE utf8_unicode_ci NOT NULL,
  `description` longtext COLLATE utf8_unicode_ci,
  `start` date DEFAULT NULL,
  `end` date DEFAULT NULL,
  `fixed_price` varchar(255) COLLATE utf8_unicode_ci DEFAULT NULL COMMENT '(DC2Type:money)',
  `created_at` datetime NOT NULL,
  `updated_at` datetime NOT NULL,
  PRIMARY KEY (`id`),
  KEY `IDX_6A2F2F95166D1F9C` (`project_id`),
  KEY `IDX_6A2F2F959395C3F3` (`customer_id`),
  KEY `IDX_6A2F2F959582AA74` (`accountant_id`),
  KEY `IDX_6A2F2F95A76ED395` (`user_id`),
  CONSTRAINT `FK_6A2F2F95166D1F9C` FOREIGN KEY (`project_id`) REFERENCES `projects` (`id`),
  CONSTRAINT `FK_6A2F2F959395C3F3` FOREIGN KEY (`customer_id`) REFERENCES `customers` (`id`) ON DELETE SET NULL,
  CONSTRAINT `FK_6A2F2F959582AA74` FOREIGN KEY (`accountant_id`) REFERENCES `users` (`id`) ON DELETE SET NULL,
  CONSTRAINT `FK_6A2F2F95A76ED395` FOREIGN KEY (`user_id`) REFERENCES `users` (`id`) ON DELETE SET NULL
) ENGINE=InnoDB AUTO_INCREMENT=51 DEFAULT CHARSET=utf8 COLLATE=utf8_unicode_ci;
/*!40101 SET character_set_client = @saved_cs_client */;

--
-- Dumping data for table `invoices`
--

LOCK TABLES `invoices` WRITE;
/*!40000 ALTER TABLE `invoices` DISABLE KEYS */;
INSERT INTO `invoices` VALUES (1,1,1,2,2,'Default Invoice','default-invoice','This is a detailed description','2017-07-30','2018-04-08',NULL,'2018-09-19 15:14:39','2018-09-19 15:14:39'),(2,12,16,5,5,'Test Invoice 2','test-invoice-2','Perspiciatis velit possimus cum ducimus vitae quam omnis ea. Odio quis est officia voluptatibus corrupti commodi. Minima reprehenderit laborum cumque molestiae aut numquam. Harum aliquam est quod. Qui ipsa ratione sunt ut. Est rerum reprehenderit autem voluptatem perspiciatis eius necessitatibus. Expedita quis saepe neque quia eum. Enim eum reiciendis ea et harum ut explicabo odit. Numquam est sit suscipit libero. Sunt sit quas quo totam quia. Numquam itaque magnam voluptas quidem dolorum neque. Non dolor voluptatibus nihil occaecati ut. Soluta sequi ut dignissimos omnis eveniet et nihil. Dolores consectetur quo illo molestiae quis et. Perspiciatis aspernatur nemo officia debitis.','2017-12-16','2018-04-07','CHF 6998200','2018-09-19 15:14:39','2018-09-19 15:14:39'),(3,19,17,6,2,'Test Invoice 3','test-invoice-3','Quae perferendis enim id beatae. Provident beatae culpa consequatur aut ducimus dignissimos est. Accusantium excepturi magni qui at. Voluptas soluta eaque autem veritatis. Molestias nam maxime qui dolorem quam cumque eius voluptatem. Ex occaecati dolorem ab. Eius quia iusto odio in. Modi magni perferendis iure suscipit. Labore minus iste corrupti rerum necessitatibus. Totam sit consectetur omnis eaque nobis. Recusandae tempore molestias expedita fugit delectus aut.','2017-12-27','2018-08-26',NULL,'2018-09-19 15:14:39','2018-09-19 15:14:39'),(4,4,22,5,4,'Test Invoice 4','test-invoice-4','Qui similique et aliquam et at. Consequatur est commodi qui voluptate quia rerum ut. Rem provident voluptas harum totam saepe nihil mollitia. At magni nihil aut. Totam cupiditate odio asperiores perspiciatis. Et natus optio qui ipsam similique quaerat commodi. Et placeat autem ratione. Et ut beatae rerum assumenda et. Sed ipsa nam minus qui recusandae nam. Non vitae eaque eos temporibus optio. Et eaque esse officia fugit et voluptatibus. Quaerat aut id commodi nihil. Ratione ea aperiam quae nam id repellat. Nihil ipsum quis sed autem et velit dolores. Optio quos quia molestiae dignissimos enim maxime tempore.','2017-06-17','2018-05-26',NULL,'2018-09-19 15:14:39','2018-09-19 15:14:39'),(5,12,15,2,5,'Test Invoice 5','test-invoice-5','Quam aut culpa illo quisquam. Distinctio quo aut aut et molestias culpa. Facilis est ut qui fugit. Maxime nobis ut cupiditate nemo rem. Voluptas dignissimos molestiae neque culpa. Sint provident magni eius nulla distinctio qui quia. Et magnam qui officia. Expedita ratione et sit reiciendis sunt molestias iure. Et molestiae laborum sequi laborum distinctio suscipit aut. Assumenda soluta aut magni accusantium voluptatem adipisci. Labore libero repudiandae non. Autem unde est eaque et. Incidunt exercitationem et reiciendis vel facilis sed facere. Est laboriosam beatae et. Quis illum molestiae rerum omnis exercitationem velit repellat. Cum vitae sunt vel ut molestiae.','2016-12-30','2018-05-28',NULL,'2018-09-19 15:14:39','2018-09-19 15:14:39'),(6,18,5,2,6,'Test Invoice 6','test-invoice-6','Nihil sit labore rem voluptas quasi. A ea libero veritatis. Ad incidunt voluptatem facere. Dolore et at debitis reprehenderit sequi occaecati rerum. Occaecati et quod deserunt dignissimos repudiandae eos adipisci dolores. Ut sint est quo quas eius quam architecto enim. Est quo eveniet quisquam iste dolorem. Praesentium autem qui sed sed cupiditate. Veritatis illo eveniet est non qui. Repellendus natus omnis assumenda eaque vel modi nisi. Ipsum praesentium cumque officia id quidem commodi. Aut fuga praesentium et.','2016-12-07','2018-03-19',NULL,'2018-09-19 15:14:39','2018-09-19 15:14:39'),(7,13,18,6,6,'Test Invoice 7','test-invoice-7','Quae sed atque occaecati error alias labore sit a. Omnis doloribus pariatur sint est. Cum autem nesciunt et numquam aspernatur. Odio magni est voluptatum. Adipisci corporis qui quis molestiae corporis placeat adipisci quibusdam. Omnis voluptas sed ut et. Minima quos est cumque facere numquam eius numquam nemo. Dolores est dolores neque facere fugit sint consequatur et. Quos id quo laudantium dolorem voluptatibus iure. Provident neque est inventore minima laboriosam quia possimus.','2016-09-30','2018-08-14',NULL,'2018-09-19 15:14:39','2018-09-19 15:14:39'),(8,4,15,2,4,'Test Invoice 8','test-invoice-8','Perspiciatis aliquam repellat quia sequi et nihil beatae. Et dolores et dicta sunt accusamus et occaecati. Iusto dignissimos sit aut repellendus. Voluptas sapiente autem non ut fuga voluptatibus atque. Saepe impedit eius ut alias quisquam at qui. Maxime adipisci et saepe esse. Sed aperiam rerum nemo animi necessitatibus. Facilis quam aut iusto harum reiciendis magnam. Molestiae iste dolorum velit ipsam. Quia reprehenderit earum nulla consequatur occaecati. Dolores et est quia ex sit. Explicabo libero placeat ex aperiam. Dolorum facilis enim omnis consectetur nihil ipsum velit. Tenetur totam ad ut. Corporis veniam minima a numquam. Repellat ea atque veniam pariatur quos nulla ipsa dolorem.','2017-11-23','2018-08-28',NULL,'2018-09-19 15:14:39','2018-09-19 15:14:39'),(9,20,16,2,5,'Test Invoice 9','test-invoice-9','Maiores voluptate aperiam et aut at. Voluptas est aut placeat odio optio. Qui vel qui quasi autem molestias. Odit sapiente aliquid veritatis est fuga. Minima ipsam eum amet qui. Veniam est reiciendis quibusdam aut omnis labore. Consequuntur explicabo sint sequi non. Aliquam voluptatem quia hic sit. Rem enim eos necessitatibus omnis ullam maxime hic et. Expedita est id dolor aliquid officia perspiciatis autem. Et et nihil officia sit sed et pariatur et. Ut hic est quo et. Minus aut harum reprehenderit qui. Voluptatibus numquam dolores suscipit molestiae fugiat est saepe. Voluptate aut ullam tempore aspernatur sit eius est. Asperiores laborum eum consequatur corrupti tempora ut iure.','2018-02-03','2018-03-06',NULL,'2018-09-19 15:14:39','2018-09-19 15:14:39'),(10,2,22,5,6,'Test Invoice 10','test-invoice-10','Id molestias labore provident error consequatur modi et. Assumenda quos excepturi ipsam. Magni similique qui repellendus. Praesentium id porro tempora iste id. Voluptatem rerum optio sint voluptatem libero dolore. At modi assumenda et tempore ex. Vel quasi facilis eveniet repellat facere cupiditate sed rem. Ullam temporibus quia et in dolorem quidem. Enim aspernatur sed est voluptatem officia. Velit laboriosam ut eum nulla ea ut error. Eos blanditiis animi provident omnis et quidem. Est inventore velit laboriosam dignissimos est enim tenetur. Dolores laborum commodi quis sit eveniet. Dolor est voluptatum cum veniam. Blanditiis sit vero quo.','2017-04-05','2018-08-24','CHF 951700','2018-09-19 15:14:39','2018-09-19 15:14:39'),(11,4,8,3,2,'Test Invoice 11','test-invoice-11','Aut explicabo nam fuga. Error consequatur error maxime soluta modi eveniet est quis. Laudantium adipisci explicabo molestias provident totam voluptatibus. Veritatis fuga voluptas cupiditate voluptas sit. Aliquid libero et temporibus ut ad sint pariatur. Et sint sunt et aspernatur sapiente necessitatibus. Tempora laborum doloribus impedit eaque aliquam. Animi aut possimus quidem provident qui. Atque eaque laudantium reiciendis minima. Ratione quisquam ducimus velit eligendi delectus possimus. Doloribus molestias sit exercitationem consequuntur amet quia molestiae ad. Facere aut et voluptatem esse.','2017-11-22','2018-04-13',NULL,'2018-09-19 15:14:39','2018-09-19 15:14:39'),(12,14,6,2,6,'Test Invoice 12','test-invoice-12','Quo cum corrupti rerum consequatur. Expedita et voluptatibus aut voluptatem. In neque quos ut qui. Tempore labore quia nesciunt culpa cupiditate temporibus nulla. Fugit omnis sed ullam ut deserunt magni. Voluptate quidem eaque ut distinctio. Est ratione rerum ipsa culpa voluptatem eos. Quia adipisci amet consequatur dolorum. Consequatur quasi perferendis provident dicta sed esse dolorum. Quidem eos vel voluptas. Voluptas iure et commodi quidem dicta fugit. Voluptatem ratione et rerum. Voluptas maxime vel non ea voluptatem.','2017-12-12','2018-04-24','CHF 3028100','2018-09-19 15:14:39','2018-09-19 15:14:39'),(13,20,18,2,5,'Test Invoice 13','test-invoice-13','Molestias non perferendis voluptate ad facilis. Consequatur dolore deserunt dignissimos aliquam. Ipsam omnis eos molestias autem non sunt. Aut placeat nisi reiciendis nihil eos voluptate dolorem qui. Voluptatem consequuntur corporis ea quia. Molestias rerum iusto quia sapiente eum molestiae optio doloribus. Est quidem dolores et magni voluptatem temporibus. Officia ratione voluptatem similique qui ipsam itaque rerum. Quibusdam consectetur quas eius sint deserunt adipisci recusandae. Minus vel consequatur eum enim nihil laborum laboriosam consectetur. Architecto voluptatem qui occaecati voluptas sed voluptates.','2017-09-13','2018-04-16',NULL,'2018-09-19 15:14:39','2018-09-19 15:14:39'),(14,6,9,3,3,'Test Invoice 14','test-invoice-14','Ut nisi est similique. Et possimus deserunt omnis maxime. Iste architecto aut quia eius deserunt eius. Est quod vero ab omnis sunt. Non tempore est vel inventore asperiores fugiat dicta. Voluptas fuga et molestiae et minima a cum. Et eius ut et vel. Nesciunt dolores officia ut. Quasi ut est molestiae error minus. Neque repudiandae quae non ad eos. Exercitationem voluptatem sunt pariatur nulla et. At soluta molestias autem. Sunt praesentium velit aut sint voluptatibus ipsa. Omnis consequatur et cupiditate quisquam corporis laboriosam repudiandae itaque. Alias sint et dolorem doloribus occaecati commodi quisquam. Ipsam provident ex recusandae aliquid beatae.','2016-10-29','2018-04-01',NULL,'2018-09-19 15:14:39','2018-09-19 15:14:39'),(15,8,13,6,6,'Test Invoice 15','test-invoice-15','Qui corrupti odit doloribus quia occaecati doloribus. Expedita incidunt velit porro beatae sit et autem. Sunt sit voluptatem et deleniti totam quae et. Asperiores corporis aperiam sit beatae. Neque distinctio odit quo et omnis est. Dolorem beatae quasi ipsa vel est ad. Illum eum eligendi reprehenderit et quas non et. Animi quibusdam labore numquam maxime modi. Deserunt qui sit tenetur inventore. Error occaecati enim aperiam dicta eaque id sit. Molestiae placeat nulla quia a et. Incidunt nulla aperiam officia eaque error cumque ullam. Ab qui minus ut sint. Autem eius mollitia perferendis dicta esse porro aut. Et et quia et enim dolor praesentium optio eveniet.','2017-06-27','2018-06-21',NULL,'2018-09-19 15:14:39','2018-09-19 15:14:39'),(16,1,1,3,6,'Test Invoice 16','test-invoice-16','Iure assumenda nemo vel vel. Aut aliquam non iste doloremque repellat impedit. Aliquam nisi quia nulla pariatur inventore. Tempora non eos mollitia fugit perferendis provident. Necessitatibus sit repudiandae dolorum magnam quo. Eaque et asperiores animi voluptatem in ut. Culpa et quae vero quas. Vitae harum quod rerum quis. Perferendis numquam sit iste hic. Laborum soluta sit accusantium et. Quam id autem explicabo hic consequatur consectetur. Aut quasi sit nam qui id et. Et aliquam minima corporis aut sequi qui. Quo sed provident aperiam vel impedit quos. Nesciunt odit esse repellat aliquid animi.','2018-01-09','2018-05-16',NULL,'2018-09-19 15:14:39','2018-09-19 15:14:39'),(17,12,8,6,3,'Test Invoice 17','test-invoice-17','Autem qui impedit repellendus dolor vitae illo minima. Ad et dolores eos voluptas consequatur commodi odit qui. A aut et veritatis esse dolorem cumque. Vel minus accusamus laudantium possimus laboriosam optio et. Accusantium dolorem dolores beatae est eos modi. Sit numquam voluptatibus cupiditate. Ipsa occaecati similique consequuntur voluptatum expedita. Facilis repellendus iste est fugiat ab accusamus nam. Est totam qui est omnis accusamus. In eaque asperiores ad officia quo. Voluptatem cum dicta quod totam. Dicta vel quasi molestiae. Vero expedita autem sint cumque quia.','2017-03-28','2018-08-08',NULL,'2018-09-19 15:14:39','2018-09-19 15:14:39'),(18,16,13,3,3,'Test Invoice 18','test-invoice-18','Non consequatur cumque voluptatibus repellendus eligendi inventore laudantium ut. Et numquam dolores ea nobis quo corrupti iste. Rem tenetur consequuntur sit tempora excepturi officiis ipsa. Nihil aperiam provident quae quia. Reprehenderit eum consequatur cum quod dolor dolores. Pariatur et molestias veritatis iusto quia delectus consectetur eveniet. Quae cupiditate consectetur at quam officia. Eum consequatur corporis voluptates voluptate quo doloremque. Vel unde eveniet debitis dolores iusto.','2017-06-13','2018-06-27',NULL,'2018-09-19 15:14:39','2018-09-19 15:14:39'),(19,16,15,2,3,'Test Invoice 19','test-invoice-19','Et sunt ut qui quae et perferendis. Quis dolores tenetur totam sunt ut molestias quisquam. Molestiae nostrum quod qui harum et. Numquam illo nulla eius eum. Omnis sed enim sit repellat. Doloremque quae voluptatem est beatae ipsum hic. Enim et dolor id tempora quas modi fugit. Illo provident aliquid repellendus fuga aspernatur cupiditate. Est repellendus repellat rerum quo laboriosam. Quae voluptas earum placeat facilis sunt quos aliquid. Voluptatem repellendus blanditiis ea atque. Doloremque ullam labore dignissimos quaerat molestiae nesciunt commodi. Qui iste ab non dolorem et dolores. Culpa et provident quisquam. Perspiciatis aliquam quibusdam dolor molestiae sit quis autem.','2017-08-08','2018-04-18',NULL,'2018-09-19 15:14:39','2018-09-19 15:14:39'),(20,19,10,4,2,'Test Invoice 20','test-invoice-20','Consequuntur nulla assumenda aut laboriosam. Corporis in amet ut labore. Accusantium qui veniam mollitia quia nihil. Accusantium maxime nesciunt ipsam itaque libero maxime. Minus omnis non eligendi nisi. Facere qui quas est molestiae nulla non. Non consequatur possimus tenetur consequuntur laborum temporibus natus. Impedit omnis sint explicabo exercitationem porro. Repudiandae recusandae quisquam ipsa veritatis. Sequi accusantium sit modi consectetur est. Molestiae nihil provident ratione quia dolores. Rerum et debitis officia labore et officiis at. Veniam magnam qui mollitia. Aut vel consequatur ducimus corporis excepturi eos.','2016-11-08','2018-07-26',NULL,'2018-09-19 15:14:39','2018-09-19 15:14:39'),(21,3,2,6,2,'Test Invoice 21','test-invoice-21','Vitae consectetur vero enim inventore. Minus natus enim quis nemo aut voluptatem. Fugiat iure facere labore ducimus et ut dolorum velit. Laboriosam nemo ab nihil quibusdam molestias. Voluptas neque qui alias sed exercitationem excepturi numquam. Modi sed placeat odio ut ullam velit rem. Eum quis eaque ipsa dolorum reiciendis dolore. Molestiae libero fugit corporis. Fuga ab quo temporibus rerum. Non nisi fuga quia deleniti unde minima. Doloremque nihil quia cum occaecati magnam hic expedita. Est iste fugit explicabo alias accusamus quo ratione. Perferendis provident provident aliquam sit eligendi.','2017-10-26','2018-09-12','CHF 9371200','2018-09-19 15:14:39','2018-09-19 15:14:39'),(22,8,14,3,4,'Test Invoice 22','test-invoice-22','Exercitationem vel et ea quam ad ipsa. Non omnis enim impedit aliquam cupiditate. Facilis quo minus dolor. Mollitia corrupti magnam odit adipisci. Consequatur perferendis voluptas corporis recusandae repudiandae. Quisquam earum animi aut quisquam. Excepturi odit eius voluptatum officia reprehenderit eligendi totam temporibus. Et facilis dignissimos minima mollitia odit modi possimus eveniet. Culpa iste aliquid ipsam commodi blanditiis ipsam. Soluta dolore magni temporibus illum ex eveniet enim. Voluptatem perspiciatis consequatur repellendus eligendi. Doloremque ut dolores velit repellendus blanditiis.','2016-10-25','2018-06-28',NULL,'2018-09-19 15:14:39','2018-09-19 15:14:39'),(23,10,21,2,5,'Test Invoice 23','test-invoice-23','Nihil recusandae facere voluptatem. Id magnam eveniet enim delectus animi quo maxime. Voluptatem accusantium illum perferendis suscipit. Aut suscipit dolore ut eos voluptatem reiciendis soluta. Maiores eius voluptatem ut aspernatur sunt omnis dolore consequatur. Asperiores quisquam nobis animi consequatur eligendi laudantium voluptatem. Aut et vel fugiat fuga. Rerum maxime consequuntur iusto. Consectetur harum nemo laborum cupiditate. Sit soluta facilis ut numquam vel tempore et eius. Sunt sequi sed ad quibusdam sequi. Ea pariatur incidunt aspernatur impedit nisi. Nisi officia perspiciatis reiciendis aperiam est nobis ipsa. Magnam nobis veritatis accusantium est pariatur.','2017-09-22','2018-04-05','CHF 4703200','2018-09-19 15:14:39','2018-09-19 15:14:39'),(24,12,20,4,5,'Test Invoice 24','test-invoice-24','Rerum nihil voluptatem debitis excepturi. A voluptas voluptate corrupti totam non aliquid fuga. Sed id et provident ea sequi. Quam rerum laboriosam in dolores id suscipit. In velit modi aliquid repudiandae facere perferendis. Quaerat et delectus aut dolores. Odio molestiae et dolor officia. Fugiat dignissimos est ullam eligendi. Numquam non ad vel officiis dolores dolor natus. Labore est nisi illum impedit. Est veniam dicta qui. Et a corrupti quia aut. Cumque dolore error natus impedit commodi. Cupiditate porro sed dolorum accusantium. Consequatur quia tenetur quae odit.','2016-12-05','2018-06-17',NULL,'2018-09-19 15:14:39','2018-09-19 15:14:39'),(25,12,23,4,3,'Test Invoice 25','test-invoice-25','Voluptas et et quis sed nobis et. Quae sit atque molestiae nihil molestiae eos sint. Adipisci qui quae minima qui dignissimos maiores quae quo. Quasi minima et odio voluptatibus. Qui enim neque odit est et fuga corporis. Dolores inventore eos tempore est ullam voluptas et fugiat. Architecto aut assumenda dolorum alias sit deserunt earum porro. Ducimus molestias fuga et. Sunt aut ad molestiae officia. Nihil aliquam minima et porro omnis temporibus odio quam. Omnis quia deleniti ullam eum iure. Nemo sunt odit quia.','2017-01-06','2018-04-17','CHF 9225100','2018-09-19 15:14:39','2018-09-19 15:14:39'),(26,10,9,4,5,'Test Invoice 26','test-invoice-26','Sed id voluptates possimus velit. Repellendus aliquam voluptatem ut amet. Rerum beatae sit hic sit at ex temporibus. Voluptas aut eligendi et doloribus dolore quae. Hic qui harum est eius tenetur et ducimus. Nihil dolorem maiores laboriosam expedita est neque velit. Dolores aut provident deserunt sunt. Nihil cumque id nihil quidem quia consectetur. Vero voluptatem quis consequatur alias voluptatem. Provident cupiditate harum quos dolorem perspiciatis odio. Dolorum incidunt minus maiores molestiae nulla maiores. Et dignissimos minus nulla ut excepturi a fugit. Est maiores tempora quos laboriosam. Quam suscipit ducimus iste a repellendus.','2017-02-21','2018-04-11',NULL,'2018-09-19 15:14:39','2018-09-19 15:14:39'),(27,12,23,2,2,'Test Invoice 27','test-invoice-27','Alias tempora quia qui ut ut quod. Quis est qui ad et placeat eaque itaque. Occaecati eos labore in est recusandae quaerat facilis. Consequuntur optio expedita ipsa incidunt debitis iure. Inventore voluptas voluptatem quia porro omnis ducimus eos. Nemo omnis cum et sunt fugiat. Illo officia perspiciatis consectetur aut ab. Earum fugiat est voluptatem sit rerum fuga accusamus praesentium. Autem enim ullam dicta qui et. Eum omnis esse sapiente debitis id fugit neque voluptatem. Molestiae delectus quae qui deleniti doloribus modi quia. Accusamus et praesentium quia quo in. Quis ipsum magnam consectetur non modi. Id neque facere quo illum quae sapiente ut est. Facere et ut et consequuntur.','2017-05-18','2018-06-30',NULL,'2018-09-19 15:14:39','2018-09-19 15:14:39'),(28,6,5,6,4,'Test Invoice 28','test-invoice-28','Repellendus velit enim nostrum vero nemo et ut quisquam. Fugiat vel optio voluptatem et eligendi vitae iusto minima. Debitis saepe sit earum nostrum consequatur ipsa et. Consequatur sint voluptatum id molestiae. Et et non quam sint quae animi eligendi. Cum accusamus eveniet quae atque. Voluptatibus corrupti molestiae dolorem error facilis. Et voluptas dicta facere vero molestias. Doloribus repudiandae temporibus quia perspiciatis commodi eligendi alias. Sint veniam explicabo sequi maiores. Expedita excepturi provident rerum corporis in sunt. Reiciendis recusandae sit ad magnam distinctio aut laborum. Ducimus provident et dolorem aliquam aut autem.','2017-03-29','2018-09-07',NULL,'2018-09-19 15:14:39','2018-09-19 15:14:39'),(29,10,4,2,2,'Test Invoice 29','test-invoice-29','Quibusdam consequatur sit consectetur aliquid ad nihil quas. Et est voluptatem qui maiores vel quis. Quia voluptatem non explicabo qui reiciendis ut atque. Et ducimus nostrum sunt quasi qui sed nihil. Cupiditate provident aperiam esse. Dolore et ab omnis vitae quod. Ut assumenda expedita quia rem et rerum qui. Ut dolores quisquam nam unde expedita. Doloribus numquam ut qui saepe. Magnam excepturi aut est pariatur. Eveniet debitis consectetur et illum. Dolores eius quibusdam laudantium blanditiis enim. Consectetur nihil reprehenderit facilis qui. Neque nulla enim praesentium rerum deleniti. Eos error animi quaerat similique omnis tenetur sapiente. Magnam nemo voluptate perspiciatis quaerat.','2017-12-02','2018-03-09','CHF 3152700','2018-09-19 15:14:39','2018-09-19 15:14:39'),(30,3,7,2,2,'Test Invoice 30','test-invoice-30','Vel velit illum nisi placeat atque voluptas beatae. Dolor rem eligendi veniam sint excepturi. Iure occaecati est beatae voluptate quia cupiditate amet. Nobis et totam non voluptas. Veritatis velit et repellat tenetur eum. Et libero beatae omnis enim fugiat est ut vero. Aut cumque repudiandae aut totam. Beatae omnis incidunt magnam expedita aut voluptas earum. Dolor ipsam qui doloribus. Magnam iusto quasi cum sed. Rerum error hic accusantium debitis excepturi odit fugit fuga. Aliquam voluptate amet adipisci modi veritatis.','2017-01-30','2018-08-13',NULL,'2018-09-19 15:14:39','2018-09-19 15:14:39'),(31,16,25,4,3,'Test Invoice 31','test-invoice-31','Quisquam dolores doloremque unde eaque dolorum. Commodi magnam dolorem et doloribus ipsum. Hic ut cum nostrum corrupti qui dignissimos. Fugiat pariatur et nihil earum. Facere qui est possimus omnis omnis. Nesciunt qui delectus sed beatae unde architecto non. Numquam molestiae perspiciatis cumque illum. Sed dolor et labore quasi perferendis similique numquam. Aut rerum sint fugiat est nemo. Expedita consequuntur dolores ad. Et et incidunt nesciunt voluptas ratione tempore nobis. Quo est vel qui iure. Ea aut rem ipsum itaque voluptas. Praesentium ratione deleniti et aut. Maxime sed aliquam velit rerum in. Et fugiat dolorem molestiae sit.','2017-05-28','2018-05-13','CHF 2324500','2018-09-19 15:14:39','2018-09-19 15:14:39'),(32,6,7,5,3,'Test Invoice 32','test-invoice-32','Reprehenderit ea aut tempora dolorum eveniet sunt. Ex sit quia saepe ullam corrupti molestiae natus assumenda. Consequatur ullam nam est in ipsa. Eius quo ut labore molestias harum. Est non modi sit libero velit molestiae rerum. A quas aut praesentium commodi iste voluptatem nobis. Itaque quo dolorum temporibus exercitationem totam praesentium fugiat. Repellendus quam sequi fugit blanditiis doloribus eum. Porro ea recusandae autem laborum voluptatem. Reprehenderit est voluptate et nesciunt est. Et quidem perspiciatis placeat necessitatibus id. Facilis dicta incidunt et odio sapiente. Sed natus delectus nesciunt blanditiis nemo.','2017-06-13','2018-07-13','CHF 3110800','2018-09-19 15:14:39','2018-09-19 15:14:39'),(33,8,17,4,4,'Test Invoice 33','test-invoice-33','Aut nihil aut voluptatibus sed ut. Nulla sed quas amet beatae modi. Qui accusantium provident expedita ut. Laboriosam provident aut sed sit rerum. Quasi eos illo tempore ut odio natus temporibus. Et aspernatur quaerat unde iure sapiente harum nam reiciendis. Nesciunt sit et cumque molestiae voluptatem ut. Adipisci qui at quis numquam et mollitia. Quisquam reprehenderit ex quasi doloribus. Nemo sit est suscipit. Saepe hic voluptates vitae autem vero officia. Repudiandae at sed soluta est ex magnam. Quia adipisci corporis qui doloribus esse facilis. Reprehenderit molestiae vero quos excepturi occaecati in. Vel sit est consectetur cumque qui a. Quia labore magni est.','2017-04-15','2018-04-28',NULL,'2018-09-19 15:14:39','2018-09-19 15:14:39'),(34,17,14,3,5,'Test Invoice 34','test-invoice-34','Cupiditate animi recusandae quod. Maiores autem nobis ad excepturi velit ratione. Pariatur error sed ratione quasi optio sunt. Totam a rem quia unde tempore voluptate quia. Nobis explicabo autem voluptatibus harum. Est iusto perspiciatis consequatur quis minus. Beatae vero ut hic vero. Ea aliquam culpa voluptas repudiandae iste atque dolorem nesciunt. Necessitatibus id molestiae sed maiores omnis laborum. Nihil ipsum hic eum autem temporibus. Porro atque repellat sapiente autem unde voluptatem. Id porro nisi vero voluptatem nihil ipsa voluptatum.','2016-11-19','2018-06-05',NULL,'2018-09-19 15:14:39','2018-09-19 15:14:39'),(35,4,19,6,2,'Test Invoice 35','test-invoice-35','Voluptatem dolor aut voluptatem consequatur. Doloremque id magnam labore voluptas rem officiis magnam. Velit est magnam nulla cupiditate. Rem consequatur quidem et debitis nisi voluptas maiores iste. Nobis quisquam cumque et. Quaerat quia ipsa enim voluptatem quas. Et ut ut tenetur optio et. Qui rerum maxime qui quibusdam repellendus. Occaecati rerum consequuntur dolores et rerum aut. Ullam distinctio ea dolores ad tenetur. Dolorum reiciendis quia sit eos minus. Harum totam cum sit consequatur. Cumque est sequi architecto aut. Ex provident pariatur molestiae facilis fugit quos. Quia magnam voluptates et earum esse sequi.','2016-10-11','2018-04-27',NULL,'2018-09-19 15:14:39','2018-09-19 15:14:39'),(36,9,8,6,5,'Test Invoice 36','test-invoice-36','In dicta dolores veritatis rerum quo et voluptas. Ut perferendis et et quo. Doloremque qui et a rerum maxime. Autem aut iusto suscipit commodi explicabo. Sed veniam sunt nulla quis tempore repellendus. Nihil voluptatem voluptatum dignissimos rerum perspiciatis dolorem libero. Aspernatur aut iure perspiciatis quas ut voluptatem veritatis debitis. Vel enim enim officiis quia. Rerum eos magni sit ipsa vitae. Ratione nisi ipsam hic explicabo corrupti. Labore recusandae in eveniet dolore qui qui excepturi. Sequi illo dignissimos ipsum modi nulla nemo ea. Aut corrupti dolores voluptatem voluptatem.','2017-07-13','2018-07-29','CHF 9010100','2018-09-19 15:14:39','2018-09-19 15:14:39'),(37,16,11,5,2,'Test Invoice 37','test-invoice-37','Explicabo ea eos cupiditate. Sint ipsa sint qui ut amet sit. Error dolorem veritatis et qui consequatur dolorem nam rerum. Porro natus cupiditate aut rerum. Consequatur ea asperiores dolorem dolor harum deserunt. Quia enim iure eum. Accusantium impedit aliquam perferendis non consequuntur culpa suscipit. Et eius et modi quis et. Libero ut occaecati a iure maiores saepe accusamus et. Quo sit corporis ipsa ut voluptatum mollitia quis reiciendis. Explicabo sunt suscipit ex aliquam. Molestiae laborum expedita consectetur possimus.','2016-09-23','2018-04-23',NULL,'2018-09-19 15:14:39','2018-09-19 15:14:39'),(38,8,6,4,4,'Test Invoice 38','test-invoice-38','Eum quibusdam voluptas voluptas similique quo inventore. Corporis eos voluptas dicta. Aliquid consequatur et maiores sint architecto. Dolor consequatur sint repudiandae asperiores. Rerum rerum libero delectus magni provident. Omnis illum porro nesciunt voluptas vel sint est. Ducimus iusto tempora ut labore nihil qui ea et. Et eum aut illo quas sit totam non consequatur. Doloremque tenetur sed velit laboriosam. Nihil iure qui voluptatum odio soluta blanditiis. Illum maiores incidunt aut asperiores. Fugiat necessitatibus nesciunt tempore consequatur et magnam.','2017-03-08','2018-07-31',NULL,'2018-09-19 15:14:39','2018-09-19 15:14:39'),(39,8,8,3,6,'Test Invoice 39','test-invoice-39','Quia consequatur omnis illo fugiat. Vitae error nulla consequuntur vel. Sint inventore praesentium et qui tenetur in. Nam voluptatem nemo aliquid natus error quasi. Aut quis non quaerat sit. Suscipit architecto dignissimos asperiores rerum dolores ratione. Aut id aut rerum quis cumque. Sapiente et rerum velit omnis officia aut velit. Neque commodi aliquam aperiam et et. Officiis sapiente sed sed error ex aut error. Quo ut atque numquam amet aliquam quis. Porro accusamus odit rerum hic neque velit. Est deleniti ad et officiis.','2016-10-13','2018-08-30',NULL,'2018-09-19 15:14:39','2018-09-19 15:14:39'),(40,9,17,5,4,'Test Invoice 40','test-invoice-40','Aut repudiandae modi debitis repudiandae mollitia. Quidem accusamus omnis tempora aliquid. Iusto amet consequuntur autem non quibusdam voluptatem soluta rerum. Quia et consequatur quia odit et veniam est. Sit voluptatum eum neque non. Repellendus blanditiis eos aperiam neque. Vel qui debitis et enim. Ratione iste omnis ut similique est alias id. Omnis similique minima aut repellat pariatur quia at. Temporibus expedita reiciendis aspernatur qui aut quia. Et non non molestiae est repellendus consequatur nostrum. Facilis occaecati consequatur voluptatem aperiam dicta autem. Pariatur expedita voluptates laborum aut ratione cum. Ipsum alias praesentium ut culpa nesciunt omnis eligendi expedita.','2017-03-30','2018-06-04',NULL,'2018-09-19 15:14:39','2018-09-19 15:14:39'),(41,2,22,4,4,'Test Invoice 41','test-invoice-41','Explicabo maiores et molestiae aliquam. Sed in voluptas nostrum sit. Illum atque qui aperiam dolores. Porro sit qui odit ut vel ratione reiciendis. Dolorum qui debitis facilis eum. Quia possimus molestiae qui ad ullam fuga est. Nostrum quis aut tempora unde. Enim porro nobis iusto et beatae et. Consectetur delectus accusantium totam molestiae. Quaerat vel magni vel consectetur earum voluptas voluptatum. Maxime ab et fuga voluptatibus. Iste iure culpa enim laudantium dolor ab aut. Ipsa ducimus debitis hic similique eum. Dolor corrupti et impedit odit dolorum dicta est. Id qui provident vel velit tempora rerum qui.','2017-02-16','2018-06-14',NULL,'2018-09-19 15:14:39','2018-09-19 15:14:39'),(42,20,13,4,3,'Test Invoice 42','test-invoice-42','Possimus animi quas dolor neque magni necessitatibus aut. Officiis qui impedit aliquam repudiandae. Quis nemo doloremque quis quia. Et sed ipsa autem ut consequatur laborum asperiores pariatur. Consectetur consequatur et maiores ex debitis sit enim. A consequuntur vel dolore illum ab adipisci. Aut eum nihil totam temporibus. Exercitationem tempore sunt est repudiandae illum. Ut reiciendis quidem distinctio quia esse officia sint officia. Officiis sit deleniti voluptatem recusandae officiis excepturi. Et laudantium tempore ea nihil vitae rerum doloribus. Nobis architecto aut error. Incidunt mollitia sed enim molestias et doloremque. Eos aut numquam eum quia.','2017-09-02','2018-05-28',NULL,'2018-09-19 15:14:39','2018-09-19 15:14:39'),(43,20,19,3,6,'Test Invoice 43','test-invoice-43','Natus eligendi laborum aut quo vel deserunt et. Quis autem ut incidunt aut harum. Enim et aperiam et. Officiis distinctio reprehenderit quae et. Dolore error veritatis sunt doloribus dolor debitis. Deleniti fuga nostrum sit voluptatem vitae non. Corporis voluptatem exercitationem ut non molestias et dolores. Tenetur placeat ut reiciendis recusandae rerum. Atque voluptas voluptatibus unde sed. Facere quisquam inventore ut reprehenderit. Temporibus enim reiciendis et illum ullam. Qui aut ut praesentium dicta dicta voluptates nostrum qui.','2017-06-09','2018-03-30',NULL,'2018-09-19 15:14:39','2018-09-19 15:14:39'),(44,2,4,5,4,'Test Invoice 44','test-invoice-44','Similique est dolorem nihil perferendis sequi et. Odio est sequi iusto placeat rerum placeat. Numquam id voluptas voluptas quod enim. Vero quo dolore in eius omnis illo. Qui quia error blanditiis. Iste omnis aut placeat facere rem dolor. Vel nesciunt dolor suscipit quibusdam itaque minima. Qui eos repellendus molestias quibusdam. Et minima voluptatum placeat eos. Voluptatum sint tempora enim. Ut optio quidem laborum ut est. Repellat ut sit et reprehenderit. Rerum tenetur consequuntur nihil et culpa. Facilis consequatur ex unde provident iure molestiae enim distinctio. Numquam aliquid dolores repellendus maiores. Beatae qui vero inventore.','2017-01-03','2018-04-29',NULL,'2018-09-19 15:14:39','2018-09-19 15:14:39'),(45,17,17,5,5,'Test Invoice 45','test-invoice-45','Voluptatem praesentium vero quasi aut quod sit quam. Doloremque est adipisci et ut laboriosam. Qui ex et quam. Neque sed nobis consequatur. Pariatur magni beatae ad in et placeat est. Sint pariatur dolorum qui quidem sunt dicta. Consequatur tenetur quaerat illo cupiditate. Quia sunt velit ex eos minima consequuntur repudiandae voluptas. Animi corporis officiis culpa non et voluptas. Omnis mollitia sed enim enim. Expedita eaque explicabo quisquam accusantium quos nisi. Repudiandae sequi nisi similique est. Saepe id corporis et quasi quasi quaerat atque. Voluptas quo est voluptatem maiores hic.','2017-06-10','2018-08-12',NULL,'2018-09-19 15:14:39','2018-09-19 15:14:39'),(46,5,8,5,4,'Test Invoice 46','test-invoice-46','Optio quae distinctio nesciunt quisquam. Laborum laudantium cum corrupti sed est velit. Doloribus in delectus quia ut id. Inventore numquam quidem sequi laborum. Nam aut voluptatem dolores dolore. Facere est qui illo cumque. Et ducimus ullam asperiores nostrum necessitatibus voluptatem. Fugiat blanditiis est reprehenderit eveniet. Odio maxime laborum nihil officiis voluptatem itaque. Sit et quaerat fugiat earum. Dolorem voluptatem deleniti odio enim aut eius aut. Neque temporibus sint aut asperiores eligendi. Et nihil illo aperiam repellendus quos dolor. Magni rerum eligendi reiciendis tempore perspiciatis nisi architecto. Praesentium et voluptatem necessitatibus dolorem velit.','2017-08-15','2018-06-22','CHF 7893700','2018-09-19 15:14:39','2018-09-19 15:14:39'),(47,15,11,3,6,'Test Invoice 47','test-invoice-47','Delectus sit dolores quis dicta et labore. Et optio harum ipsa quae maiores officia. Quis sint omnis vero officia et. Dicta sint rem cum praesentium ea non qui. Iste tempora inventore quia eligendi enim odio sunt expedita. Tempora distinctio quasi blanditiis eos doloribus sed et nemo. Dolores enim asperiores sunt tempora voluptas voluptas. At ab aut rerum adipisci. Animi quia cupiditate vel possimus qui dolor ut ut. Qui qui hic sunt ut dolores sed. Sed non exercitationem blanditiis ducimus temporibus nihil sunt.','2017-10-19','2018-09-02',NULL,'2018-09-19 15:14:39','2018-09-19 15:14:39'),(48,6,9,6,3,'Test Invoice 48','test-invoice-48','Aut vitae sint est rerum. Velit maiores et facilis voluptatem quaerat. Magnam accusamus velit incidunt quasi quisquam sapiente ipsa et. In vero debitis quasi aut aut reiciendis. Velit a rem mollitia ab minus. Voluptatibus eum consequatur molestiae ad consequatur omnis. Qui enim accusantium consequatur dolorem illo optio quo iste. Est assumenda omnis assumenda illo sit distinctio dolores ad. Aspernatur voluptatem aut hic accusamus commodi aut quo tempore. Omnis nostrum corporis qui explicabo aut fugit consequatur voluptas.','2017-07-31','2018-09-08',NULL,'2018-09-19 15:14:39','2018-09-19 15:14:39'),(49,5,5,3,4,'Test Invoice 49','test-invoice-49','Facere et non accusamus qui nostrum. Molestiae animi maxime ipsa natus culpa adipisci quae optio. Consequatur sapiente ab aut dolor dolor omnis. Voluptatum tempore ea libero quis qui. Dolorum unde alias amet quia aut. Natus sunt quisquam fugiat sed exercitationem velit. Reprehenderit dolorem illo voluptatem ipsam eum dolorum. Sed quo dolor natus. Dolor sed id consequatur autem hic. Ut quia consequuntur non nesciunt qui quia. Sit repellendus in qui. Occaecati aut enim ratione quo. Reprehenderit quod rerum omnis soluta eum. Minima deserunt fuga labore. Labore aut totam aspernatur dolorem.','2017-04-22','2018-03-25',NULL,'2018-09-19 15:14:39','2018-09-19 15:14:39'),(50,18,13,4,2,'Test Invoice 50','test-invoice-50','Illum officiis enim incidunt nobis aut. Amet enim omnis atque sunt recusandae nostrum. Quia omnis quae commodi natus. Qui laboriosam earum doloremque. Recusandae atque quae temporibus ex eos. Voluptatem molestiae tenetur qui atque esse qui est. Facilis assumenda velit dolores deserunt ut magni. Quia possimus rem nulla sit doloribus. Enim rerum dolorum velit tempore quos molestiae aut autem. Quae suscipit quo vero ab ut aperiam nesciunt. Iure sapiente qui doloremque tenetur perferendis non. A iusto minus doloribus eum molestias. Tempora ut modi nobis velit et.','2016-10-02','2018-03-22',NULL,'2018-09-19 15:14:39','2018-09-19 15:14:39');
/*!40000 ALTER TABLE `invoices` ENABLE KEYS */;
UNLOCK TABLES;

--
-- Table structure for table `offer_discounts`
--

DROP TABLE IF EXISTS `offer_discounts`;
/*!40101 SET @saved_cs_client     = @@character_set_client */;
/*!40101 SET character_set_client = utf8 */;
CREATE TABLE `offer_discounts` (
  `id` int(11) NOT NULL AUTO_INCREMENT,
  `offer_id` int(11) DEFAULT NULL,
  `user_id` int(11) DEFAULT NULL,
  `name` varchar(255) COLLATE utf8_unicode_ci NOT NULL,
  `value` decimal(10,2) DEFAULT NULL,
  `percentage` tinyint(1) DEFAULT NULL,
  `minus` tinyint(1) DEFAULT NULL,
  `created_at` datetime NOT NULL,
  `updated_at` datetime NOT NULL,
  PRIMARY KEY (`id`),
  KEY `IDX_5F927F7C53C674EE` (`offer_id`),
  KEY `IDX_5F927F7CA76ED395` (`user_id`),
  CONSTRAINT `FK_5F927F7C53C674EE` FOREIGN KEY (`offer_id`) REFERENCES `offers` (`id`),
  CONSTRAINT `FK_5F927F7CA76ED395` FOREIGN KEY (`user_id`) REFERENCES `users` (`id`) ON DELETE SET NULL
) ENGINE=InnoDB AUTO_INCREMENT=6 DEFAULT CHARSET=utf8 COLLATE=utf8_unicode_ci;
/*!40101 SET character_set_client = @saved_cs_client */;

--
-- Dumping data for table `offer_discounts`
--

LOCK TABLES `offer_discounts` WRITE;
/*!40000 ALTER TABLE `offer_discounts` DISABLE KEYS */;
INSERT INTO `offer_discounts` VALUES (1,46,2,'10% Off',0.10,1,1,'2018-09-19 15:14:39','2018-09-19 15:14:39'),(2,50,5,'10% Off',0.10,1,1,'2018-09-19 15:14:39','2018-09-19 15:14:39'),(3,49,2,'10% Off',0.10,1,1,'2018-09-19 15:14:39','2018-09-19 15:14:39'),(4,45,6,'10% Off',0.10,1,1,'2018-09-19 15:14:39','2018-09-19 15:14:39'),(5,44,4,'10% Off',0.10,1,1,'2018-09-19 15:14:39','2018-09-19 15:14:39');
/*!40000 ALTER TABLE `offer_discounts` ENABLE KEYS */;
UNLOCK TABLES;

--
-- Table structure for table `offer_positions`
--

DROP TABLE IF EXISTS `offer_positions`;
/*!40101 SET @saved_cs_client     = @@character_set_client */;
/*!40101 SET character_set_client = utf8 */;
CREATE TABLE `offer_positions` (
  `id` int(11) NOT NULL AUTO_INCREMENT,
  `offer_id` int(11) NOT NULL,
  `service_id` int(11) DEFAULT NULL,
  `user_id` int(11) DEFAULT NULL,
  `order_no` int(11) DEFAULT NULL,
  `amount` decimal(10,2) DEFAULT NULL,
  `rate_value` varchar(255) COLLATE utf8_unicode_ci DEFAULT NULL COMMENT '(DC2Type:money)',
  `rate_unit` longtext COLLATE utf8_unicode_ci,
  `vat` decimal(10,3) DEFAULT NULL,
  `chargeable` tinyint(1) DEFAULT NULL,
  `created_at` datetime NOT NULL,
  `updated_at` datetime NOT NULL,
  `rateUnitType_id` varchar(255) COLLATE utf8_unicode_ci DEFAULT NULL,
  PRIMARY KEY (`id`),
  KEY `IDX_755A98B853C674EE` (`offer_id`),
  KEY `IDX_755A98B8ED5CA9E6` (`service_id`),
  KEY `IDX_755A98B82BE78CCE` (`rateUnitType_id`),
  KEY `IDX_755A98B8A76ED395` (`user_id`),
  CONSTRAINT `FK_755A98B82BE78CCE` FOREIGN KEY (`rateUnitType_id`) REFERENCES `rateunittypes` (`id`),
  CONSTRAINT `FK_755A98B853C674EE` FOREIGN KEY (`offer_id`) REFERENCES `offers` (`id`),
  CONSTRAINT `FK_755A98B8A76ED395` FOREIGN KEY (`user_id`) REFERENCES `users` (`id`) ON DELETE SET NULL,
  CONSTRAINT `FK_755A98B8ED5CA9E6` FOREIGN KEY (`service_id`) REFERENCES `services` (`id`)
) ENGINE=InnoDB AUTO_INCREMENT=51 DEFAULT CHARSET=utf8 COLLATE=utf8_unicode_ci;
/*!40101 SET character_set_client = @saved_cs_client */;

--
-- Dumping data for table `offer_positions`
--

LOCK TABLES `offer_positions` WRITE;
/*!40000 ALTER TABLE `offer_positions` DISABLE KEYS */;
INSERT INTO `offer_positions` VALUES (1,1,1,2,1,20.00,'CHF 10000','CHF/h',0.080,1,'2018-09-19 15:14:39','2018-09-19 15:14:39','h'),(2,1,1,3,324,42.00,'CHF 10000','CHF/h',0.080,1,'2018-09-19 15:14:39','2018-09-19 15:14:39','h'),(3,2,1,6,133,48.00,'CHF 10000','CHF/h',0.080,1,'2018-09-19 15:14:39','2018-09-19 15:14:39','h'),(4,9,1,3,455,35.00,'CHF 10000','CHF/h',0.080,1,'2018-09-19 15:14:39','2018-09-19 15:14:39','h'),(5,1,1,3,292,50.00,'CHF 10000','CHF/h',0.080,1,'2018-09-19 15:14:39','2018-09-19 15:14:39','h'),(6,7,1,6,761,60.00,'CHF 10000','CHF/h',0.080,1,'2018-09-19 15:14:39','2018-09-19 15:14:39','h'),(7,3,1,4,213,53.00,'CHF 10000','CHF/h',0.080,1,'2018-09-19 15:14:39','2018-09-19 15:14:39','h'),(8,5,1,3,706,56.00,'CHF 10000','CHF/h',0.080,1,'2018-09-19 15:14:39','2018-09-19 15:14:39','h'),(9,6,1,4,133,87.00,'CHF 10000','CHF/h',0.080,0,'2018-09-19 15:14:39','2018-09-19 15:14:39','h'),(10,7,1,3,506,98.00,'CHF 10000','CHF/h',0.080,1,'2018-09-19 15:14:39','2018-09-19 15:14:39','h'),(11,9,1,3,718,3.00,'CHF 10000','CHF/h',0.080,1,'2018-09-19 15:14:39','2018-09-19 15:14:39','h'),(12,9,1,6,326,58.00,'CHF 10000','CHF/h',0.080,1,'2018-09-19 15:14:39','2018-09-19 15:14:39','h'),(13,7,1,4,871,97.00,'CHF 10000','CHF/h',0.080,1,'2018-09-19 15:14:39','2018-09-19 15:14:39','h'),(14,2,1,4,438,11.00,'CHF 10000','CHF/h',0.080,1,'2018-09-19 15:14:39','2018-09-19 15:14:39','h'),(15,3,1,5,307,55.00,'CHF 10000','CHF/h',0.080,1,'2018-09-19 15:14:39','2018-09-19 15:14:39','h'),(16,2,1,6,26,76.00,'CHF 10000','CHF/h',0.080,1,'2018-09-19 15:14:39','2018-09-19 15:14:39','h'),(17,3,1,5,635,57.00,'CHF 10000','CHF/h',0.080,1,'2018-09-19 15:14:39','2018-09-19 15:14:39','h'),(18,6,1,2,204,96.00,'CHF 10000','CHF/h',0.080,1,'2018-09-19 15:14:39','2018-09-19 15:14:39','h'),(19,9,1,5,659,66.00,'CHF 10000','CHF/h',0.080,1,'2018-09-19 15:14:39','2018-09-19 15:14:39','h'),(20,10,1,6,625,20.00,'CHF 10000','CHF/h',0.080,1,'2018-09-19 15:14:39','2018-09-19 15:14:39','h'),(21,7,1,5,104,22.00,'CHF 10000','CHF/h',0.080,1,'2018-09-19 15:14:39','2018-09-19 15:14:39','h'),(22,10,1,2,944,40.00,'CHF 10000','CHF/h',0.080,1,'2018-09-19 15:14:39','2018-09-19 15:14:39','h'),(23,10,1,2,295,81.00,'CHF 10000','CHF/h',0.080,1,'2018-09-19 15:14:39','2018-09-19 15:14:39','h'),(24,8,1,5,708,79.00,'CHF 10000','CHF/h',0.080,0,'2018-09-19 15:14:39','2018-09-19 15:14:39','h'),(25,2,1,4,321,43.00,'CHF 10000','CHF/h',0.080,1,'2018-09-19 15:14:39','2018-09-19 15:14:39','h'),(26,2,1,2,513,14.00,'CHF 10000','CHF/h',0.080,0,'2018-09-19 15:14:39','2018-09-19 15:14:39','h'),(27,3,1,5,982,62.00,'CHF 10000','CHF/h',0.080,1,'2018-09-19 15:14:39','2018-09-19 15:14:39','h'),(28,10,1,6,366,25.00,'CHF 10000','CHF/h',0.080,1,'2018-09-19 15:14:39','2018-09-19 15:14:39','h'),(29,4,1,2,71,24.00,'CHF 10000','CHF/h',0.080,1,'2018-09-19 15:14:39','2018-09-19 15:14:39','h'),(30,4,1,6,864,69.00,'CHF 10000','CHF/h',0.080,1,'2018-09-19 15:14:39','2018-09-19 15:14:39','h'),(31,5,1,6,155,68.00,'CHF 10000','CHF/h',0.080,1,'2018-09-19 15:14:39','2018-09-19 15:14:39','h'),(32,3,1,2,340,75.00,'CHF 10000','CHF/h',0.080,1,'2018-09-19 15:14:39','2018-09-19 15:14:39','h'),(33,6,1,3,43,18.00,'CHF 10000','CHF/h',0.080,1,'2018-09-19 15:14:39','2018-09-19 15:14:39','h'),(34,1,1,4,608,99.00,'CHF 10000','CHF/h',0.080,1,'2018-09-19 15:14:39','2018-09-19 15:14:39','h'),(35,9,1,6,521,38.00,'CHF 10000','CHF/h',0.080,1,'2018-09-19 15:14:39','2018-09-19 15:14:39','h'),(36,1,1,2,485,66.00,'CHF 10000','CHF/h',0.080,1,'2018-09-19 15:14:39','2018-09-19 15:14:39','h'),(37,2,1,2,411,34.00,'CHF 10000','CHF/h',0.080,1,'2018-09-19 15:14:39','2018-09-19 15:14:39','h'),(38,2,1,5,170,36.00,'CHF 10000','CHF/h',0.080,1,'2018-09-19 15:14:39','2018-09-19 15:14:39','h'),(39,1,1,2,200,99.00,'CHF 10000','CHF/h',0.080,1,'2018-09-19 15:14:39','2018-09-19 15:14:39','h'),(40,8,1,6,296,92.00,'CHF 10000','CHF/h',0.080,1,'2018-09-19 15:14:39','2018-09-19 15:14:39','h'),(41,5,1,2,682,96.00,'CHF 10000','CHF/h',0.080,1,'2018-09-19 15:14:39','2018-09-19 15:14:39','h'),(42,4,1,5,870,17.00,'CHF 10000','CHF/h',0.080,1,'2018-09-19 15:14:39','2018-09-19 15:14:39','h'),(43,9,1,6,7,77.00,'CHF 10000','CHF/h',0.080,1,'2018-09-19 15:14:39','2018-09-19 15:14:39','h'),(44,2,1,4,866,50.00,'CHF 10000','CHF/h',0.080,1,'2018-09-19 15:14:39','2018-09-19 15:14:39','h'),(45,2,1,2,384,68.00,'CHF 10000','CHF/h',0.080,0,'2018-09-19 15:14:39','2018-09-19 15:14:39','h'),(46,4,1,2,239,12.00,'CHF 10000','CHF/h',0.080,0,'2018-09-19 15:14:39','2018-09-19 15:14:39','h'),(47,2,1,4,881,37.00,'CHF 10000','CHF/h',0.080,1,'2018-09-19 15:14:39','2018-09-19 15:14:39','h'),(48,4,1,3,467,56.00,'CHF 10000','CHF/h',0.080,1,'2018-09-19 15:14:39','2018-09-19 15:14:39','h'),(49,10,1,6,728,49.00,'CHF 10000','CHF/h',0.080,1,'2018-09-19 15:14:39','2018-09-19 15:14:39','h'),(50,5,1,2,316,27.00,'CHF 10000','CHF/h',0.080,1,'2018-09-19 15:14:39','2018-09-19 15:14:39','h');
/*!40000 ALTER TABLE `offer_positions` ENABLE KEYS */;
UNLOCK TABLES;

--
-- Table structure for table `offer_status_uc`
--

DROP TABLE IF EXISTS `offer_status_uc`;
/*!40101 SET @saved_cs_client     = @@character_set_client */;
/*!40101 SET character_set_client = utf8 */;
CREATE TABLE `offer_status_uc` (
  `id` int(11) NOT NULL AUTO_INCREMENT,
  `user_id` int(11) DEFAULT NULL,
  `text` varchar(255) COLLATE utf8_unicode_ci NOT NULL,
  `active` tinyint(1) NOT NULL,
  `created_at` datetime NOT NULL,
  `updated_at` datetime NOT NULL,
  PRIMARY KEY (`id`),
  KEY `IDX_B021B587A76ED395` (`user_id`),
  CONSTRAINT `FK_B021B587A76ED395` FOREIGN KEY (`user_id`) REFERENCES `users` (`id`) ON DELETE SET NULL
) ENGINE=InnoDB AUTO_INCREMENT=4 DEFAULT CHARSET=utf8 COLLATE=utf8_unicode_ci;
/*!40101 SET character_set_client = @saved_cs_client */;

--
-- Dumping data for table `offer_status_uc`
--

LOCK TABLES `offer_status_uc` WRITE;
/*!40000 ALTER TABLE `offer_status_uc` DISABLE KEYS */;
INSERT INTO `offer_status_uc` VALUES (1,NULL,'Offeriert',1,'2018-09-19 15:14:39','2018-09-19 15:14:39'),(2,NULL,'Bestätigt',1,'2018-09-19 15:14:39','2018-09-19 15:14:39'),(3,NULL,'Abgelehnt',1,'2018-09-19 15:14:39','2018-09-19 15:14:39');
/*!40000 ALTER TABLE `offer_status_uc` ENABLE KEYS */;
UNLOCK TABLES;

--
-- Table structure for table `offer_tags`
--

DROP TABLE IF EXISTS `offer_tags`;
/*!40101 SET @saved_cs_client     = @@character_set_client */;
/*!40101 SET character_set_client = utf8 */;
CREATE TABLE `offer_tags` (
  `offer_id` int(11) NOT NULL,
  `tag_id` int(11) NOT NULL,
  PRIMARY KEY (`offer_id`,`tag_id`),
  KEY `IDX_9144BA3153C674EE` (`offer_id`),
  KEY `IDX_9144BA31BAD26311` (`tag_id`),
  CONSTRAINT `FK_9144BA3153C674EE` FOREIGN KEY (`offer_id`) REFERENCES `offers` (`id`) ON DELETE CASCADE,
  CONSTRAINT `FK_9144BA31BAD26311` FOREIGN KEY (`tag_id`) REFERENCES `tags` (`id`) ON DELETE CASCADE
) ENGINE=InnoDB DEFAULT CHARSET=utf8 COLLATE=utf8_unicode_ci;
/*!40101 SET character_set_client = @saved_cs_client */;

--
-- Dumping data for table `offer_tags`
--

LOCK TABLES `offer_tags` WRITE;
/*!40000 ALTER TABLE `offer_tags` DISABLE KEYS */;
/*!40000 ALTER TABLE `offer_tags` ENABLE KEYS */;
UNLOCK TABLES;

--
-- Table structure for table `offers`
--

DROP TABLE IF EXISTS `offers`;
/*!40101 SET @saved_cs_client     = @@character_set_client */;
/*!40101 SET character_set_client = utf8 */;
CREATE TABLE `offers` (
  `id` int(11) NOT NULL AUTO_INCREMENT,
  `project_id` int(11) DEFAULT NULL,
  `status_id` int(11) DEFAULT NULL,
  `rate_group_id` int(11) DEFAULT NULL,
  `customer_id` int(11) DEFAULT NULL,
  `accountant_id` int(11) DEFAULT NULL,
  `address_id` int(11) DEFAULT NULL,
  `user_id` int(11) DEFAULT NULL,
  `name` varchar(255) COLLATE utf8_unicode_ci DEFAULT NULL,
  `short_description` longtext COLLATE utf8_unicode_ci,
  `description` longtext COLLATE utf8_unicode_ci,
  `fixed_price` varchar(255) COLLATE utf8_unicode_ci DEFAULT NULL COMMENT '(DC2Type:money)',
  `created_at` datetime NOT NULL,
  `updated_at` datetime NOT NULL,
  PRIMARY KEY (`id`),
  KEY `IDX_DA460427166D1F9C` (`project_id`),
  KEY `IDX_DA4604276BF700BD` (`status_id`),
  KEY `IDX_DA4604272983C9E6` (`rate_group_id`),
  KEY `IDX_DA4604279395C3F3` (`customer_id`),
  KEY `IDX_DA4604279582AA74` (`accountant_id`),
  KEY `IDX_DA460427F5B7AF75` (`address_id`),
  KEY `IDX_DA460427A76ED395` (`user_id`),
  CONSTRAINT `FK_DA460427166D1F9C` FOREIGN KEY (`project_id`) REFERENCES `projects` (`id`) ON DELETE SET NULL,
  CONSTRAINT `FK_DA4604272983C9E6` FOREIGN KEY (`rate_group_id`) REFERENCES `rate_groups` (`id`) ON DELETE SET NULL,
  CONSTRAINT `FK_DA4604276BF700BD` FOREIGN KEY (`status_id`) REFERENCES `offer_status_uc` (`id`) ON DELETE SET NULL,
  CONSTRAINT `FK_DA4604279395C3F3` FOREIGN KEY (`customer_id`) REFERENCES `customers` (`id`) ON DELETE SET NULL,
  CONSTRAINT `FK_DA4604279582AA74` FOREIGN KEY (`accountant_id`) REFERENCES `users` (`id`) ON DELETE SET NULL,
  CONSTRAINT `FK_DA460427A76ED395` FOREIGN KEY (`user_id`) REFERENCES `users` (`id`) ON DELETE SET NULL,
  CONSTRAINT `FK_DA460427F5B7AF75` FOREIGN KEY (`address_id`) REFERENCES `address` (`id`)
) ENGINE=InnoDB AUTO_INCREMENT=51 DEFAULT CHARSET=utf8 COLLATE=utf8_unicode_ci;
/*!40101 SET character_set_client = @saved_cs_client */;

--
-- Dumping data for table `offers`
--

LOCK TABLES `offers` WRITE;
/*!40000 ALTER TABLE `offers` DISABLE KEYS */;
INSERT INTO `offers` VALUES (1,NULL,1,1,6,6,18,3,'Default Offer','This is a default offer','This is a longer description with more details',NULL,'2018-09-19 15:14:39','2018-09-19 15:14:39'),(2,19,1,1,6,2,17,3,'Perspiciatis velit possimus.','Odio quis est officia voluptatibus corrupti commodi. Minima reprehenderit laborum cumque molestiae aut numquam. Harum aliquam est quod. Laudantium qui ipsa ratione sunt ut officia.','Numquam itaque magnam voluptas quidem dolorum neque. Totam non dolor voluptatibus nihil occaecati ut. Sequi ut dignissimos omnis eveniet et nihil. Dolores consectetur quo illo molestiae quis et. Perspiciatis aspernatur nemo officia debitis. Earum praesentium dolorem consequatur rerum. Ea sunt cumque qui. Eos blanditiis ipsam ut excepturi. Ullam iste repellat qui ipsum sit illum. Distinctio et doloremque quia commodi modi quia. Autem quae perferendis enim id. Consequuntur provident beatae culpa consequatur aut ducimus dignissimos. Consequatur accusantium excepturi magni qui at et.',NULL,'2018-09-19 15:14:39','2018-09-19 15:14:39'),(3,NULL,1,2,9,2,12,3,'Magni perferendis.','Rerum necessitatibus aut totam sit consectetur omnis eaque. Qui recusandae tempore molestias expedita fugit delectus aut delectus. Sed iure quia illo neque omnis possimus numquam. Officiis dolor mollitia repudiandae velit velit sit aut temporibus.','Est commodi qui voluptate quia rerum. Enim rem provident voluptas harum totam. Nihil mollitia consequatur et at magni nihil aut. Totam cupiditate odio asperiores perspiciatis. Natus optio qui ipsam similique quaerat. Perspiciatis et placeat autem. Maiores et et ut beatae rerum assumenda et. Sed ipsa nam minus qui recusandae nam. Vitae eaque eos temporibus optio nisi sequi et. Esse officia fugit et voluptatibus quam quaerat. Id commodi nihil ut. Aperiam quae nam id repellat et. Ipsum quis sed autem et velit dolores. Optio quos quia molestiae dignissimos enim maxime tempore.',NULL,'2018-09-19 15:14:39','2018-09-19 15:14:39'),(4,10,1,2,11,4,1,2,'In vel neque.','Distinctio quo aut aut et molestias culpa. Facilis est ut qui fugit. Saepe maxime nobis ut cupiditate nemo rem. Voluptas dignissimos molestiae neque culpa.','Assumenda soluta aut magni accusantium voluptatem adipisci. Labore libero repudiandae non. Autem unde est eaque et. Incidunt exercitationem et reiciendis vel facilis sed facere. Est laboriosam beatae et. Quis illum molestiae rerum omnis exercitationem velit repellat. Cum vitae sunt vel ut molestiae. Nobis non veniam possimus itaque et vel qui. Corrupti et deserunt sunt. Architecto id officiis odio perferendis. Qui dolore natus quidem enim. Laboriosam vitae nihil aperiam saepe nihil. Labore rem voluptas quasi aut a ea libero veritatis. Ad incidunt voluptatem facere.',NULL,'2018-09-19 15:14:39','2018-09-19 15:14:39'),(5,1,2,1,24,3,3,2,'Sed sed.','Non qui soluta repellendus natus omnis assumenda eaque. Modi nisi fuga ipsum praesentium cumque officia id. Ullam aut fuga praesentium et sunt magnam soluta. Neque id sunt omnis deleniti error.','Occaecati error alias labore sit. Qui omnis doloribus pariatur sint est dignissimos. Autem nesciunt et numquam aspernatur alias odio. Voluptatum asperiores optio adipisci corporis qui. Molestiae corporis placeat adipisci quibusdam reprehenderit omnis. Sed ut et aut minima. Est cumque facere numquam eius numquam nemo. Est dolores neque facere fugit. Consequatur et reprehenderit mollitia quos. Quo laudantium dolorem voluptatibus iure aspernatur. Neque est inventore minima laboriosam quia possimus. Veritatis molestiae dolorem assumenda necessitatibus blanditiis veniam voluptatem enim.','CHF 7200600','2018-09-19 15:14:39','2018-09-19 15:14:39'),(6,14,2,1,19,6,18,2,'Quibusdam rerum vero.','Perspiciatis aliquam repellat quia sequi et nihil beatae. Et dolores et dicta sunt accusamus et occaecati. Iusto dignissimos sit aut repellendus. Voluptas sapiente autem non ut fuga voluptatibus atque. Saepe impedit eius ut alias quisquam at qui.','Molestiae iste dolorum velit ipsam. Quia reprehenderit earum nulla consequatur occaecati. Dolores et est quia ex sit. Explicabo libero placeat ex aperiam. Dolorum facilis enim omnis consectetur nihil ipsum velit. Tenetur totam ad ut. Corporis veniam minima a numquam. Repellat ea atque veniam pariatur quos nulla ipsa dolorem. Eum necessitatibus et aut explicabo voluptatem quam. Voluptas inventore et perspiciatis optio neque dolor. Rem aut blanditiis rerum placeat enim. Facere dolor optio voluptates qui nam et repellendus. Qui aut voluptas sunt voluptatum qui neque. Qui cum maiores voluptate aperiam. Aut at natus voluptas est aut placeat. Optio itaque qui vel qui quasi autem.',NULL,'2018-09-19 15:14:39','2018-09-19 15:14:39'),(7,NULL,3,1,10,5,6,4,'Rem enim eos.','Expedita est id dolor aliquid officia perspiciatis autem. Et et nihil officia sit sed et pariatur et. Beatae ut hic est quo et. Minus aut harum reprehenderit qui.','Ab iste non quia fuga ducimus tempore. Enim placeat et aut laborum. Id mollitia sit accusamus architecto eius. Molestiae incidunt a aut tempore. Quam libero ducimus accusamus id molestias labore provident error. Modi et vel assumenda quos. Ipsam est magni similique qui repellendus asperiores dolores. Porro tempora iste id. Voluptatem rerum optio sint voluptatem libero dolore. At modi assumenda et tempore ex. Vel quasi facilis eveniet repellat facere cupiditate sed rem. Ullam temporibus quia et in dolorem quidem. Enim aspernatur sed est voluptatem officia. Velit laboriosam ut eum nulla ea ut error. Eos blanditiis animi provident omnis et quidem.',NULL,'2018-09-19 15:14:39','2018-09-19 15:14:39'),(8,6,2,2,16,2,24,2,'Eaque hic velit.','Est non architecto blanditiis temporibus quibusdam libero eveniet. Esse iusto vero praesentium. Vitae aut incidunt est nam quae debitis ut. Eum tempore in dignissimos quia nam aut explicabo.','Sit sit incidunt aliquid libero. Temporibus ut ad sint pariatur eos. Sint sunt et aspernatur sapiente necessitatibus blanditiis tempora laborum. Eaque aliquam ea adipisci animi aut possimus. Provident qui magnam atque eaque laudantium reiciendis. Doloremque ratione quisquam ducimus velit eligendi delectus possimus. Molestias sit exercitationem consequuntur. Quia molestiae ad est facere aut. Voluptatem esse et soluta ab voluptatem odio. Vel a vel totam minus rerum. Consequatur autem quia adipisci rem dolores et. In fugit doloribus numquam amet dolor temporibus. Ducimus ipsam quo cum corrupti rerum consequatur ea. Et voluptatibus aut voluptatem et. Neque quos ut qui saepe in.','CHF 8490600','2018-09-19 15:14:39','2018-09-19 15:14:39'),(9,3,2,2,6,4,10,3,'Esse dolorum.','Voluptas iure et commodi quidem dicta fugit. Voluptatem ratione et rerum. Voluptas maxime vel non ea voluptatem.','Ratione illum omnis quia. Laborum sed officia temporibus id molestias non perferendis. Ad facilis error consequatur dolore deserunt dignissimos aliquam modi. Omnis eos molestias autem non sunt nam aut. Reiciendis nihil eos voluptate dolorem qui cupiditate. Voluptatem consequuntur corporis ea quia. Rerum iusto quia sapiente. Molestiae optio doloribus magni est quidem dolores et magni. Temporibus qui repellat officia ratione voluptatem similique. Ipsam itaque rerum aut quibusdam consectetur. Eius sint deserunt adipisci.',NULL,'2018-09-19 15:14:39','2018-09-19 15:14:39'),(10,17,1,2,22,6,9,3,'Rerum in eaque.','Similique nulla et possimus deserunt. Maxime et iste architecto aut quia eius deserunt. Est quod vero ab omnis sunt. Dolorem non tempore est vel inventore asperiores fugiat. Laudantium voluptas fuga et molestiae et minima a.','Quasi ut est molestiae error minus. Neque repudiandae quae non ad eos. Exercitationem voluptatem sunt pariatur nulla et. At soluta molestias autem. Sunt praesentium velit aut sint voluptatibus ipsa. Omnis consequatur et cupiditate quisquam corporis laboriosam repudiandae itaque. Alias sint et dolorem doloribus occaecati commodi quisquam. Ipsam provident ex recusandae aliquid beatae. Eum praesentium tenetur expedita nam sint pariatur in. Voluptas sit ea delectus. Perspiciatis aspernatur dolor ut veniam est. Quis modi quo maxime voluptates suscipit.',NULL,'2018-09-19 15:14:39','2018-09-19 15:14:39'),(11,9,3,2,9,3,16,5,'Asperiores corporis.','Quo et omnis est eaque dolorem beatae. Ipsa vel est ad voluptatem illum eum eligendi reprehenderit.','Incidunt nulla aperiam officia eaque error cumque ullam. Ab qui minus ut sint. Autem eius mollitia perferendis dicta esse porro aut. Et et quia et enim dolor praesentium optio eveniet. Sed nesciunt quisquam nihil magni eaque nostrum. Atque ipsam et id amet distinctio molestiae non. Sequi excepturi et deleniti asperiores quia. Accusamus praesentium ratione nihil. Sunt modi exercitationem voluptas est. Accusamus quae sit dolore impedit et voluptas. Et necessitatibus iure assumenda nemo vel. Sequi aut aliquam non iste. Impedit aut aliquam nisi quia. Pariatur inventore impedit tempora non eos mollitia fugit. Provident non et necessitatibus sit repudiandae dolorum magnam.','CHF 7732900','2018-09-19 15:14:39','2018-09-19 15:14:39'),(12,NULL,1,2,21,5,4,4,'Qui id et.','Qui consectetur quo sed provident aperiam vel. Quos nulla nesciunt odit esse repellat aliquid. Accusamus quia error libero nostrum quas. Quia qui occaecati consequuntur facere quo quam.','Ullam velit voluptates iusto distinctio ut reprehenderit. Impedit esse suscipit odio voluptas autem qui impedit. Dolor vitae illo minima. Et dolores eos voluptas consequatur commodi odit qui. A aut et veritatis esse dolorem cumque. Vel minus accusamus laudantium possimus laboriosam optio et. Accusantium dolorem dolores beatae est eos modi. Et sit numquam voluptatibus cupiditate aut ipsa occaecati. Voluptatum expedita nesciunt facilis repellendus iste est. Ab accusamus nam dolorem est. Est omnis accusamus optio enim in. Asperiores ad officia quo quis voluptatem cum dicta. Totam nam dicta vel quasi molestiae consequatur.','CHF 2435700','2018-09-19 15:14:39','2018-09-19 15:14:39'),(13,8,1,2,6,4,7,2,'Omnis ducimus qui.','Non consequatur cumque voluptatibus repellendus eligendi inventore laudantium ut. Et numquam dolores ea nobis quo corrupti iste.','Pariatur et molestias veritatis iusto quia delectus consectetur eveniet. Quae cupiditate consectetur at quam officia. Eum consequatur corporis voluptates voluptate quo doloremque. Vel unde eveniet debitis dolores iusto. Eligendi rerum ad eligendi omnis alias qui nisi sint. Dolorem neque officiis impedit eveniet. Optio sapiente earum quia eius quo similique. Illo unde soluta molestiae tempore et laboriosam. Qui et et tenetur qui nihil. Voluptatum accusamus rem aut quia. Commodi amet vel aliquam et sunt ut qui quae. Perferendis animi quis dolores tenetur totam sunt ut.',NULL,'2018-09-19 15:14:39','2018-09-19 15:14:39'),(14,20,1,1,3,4,18,6,'Eius illo provident.','Est repellendus repellat rerum quo laboriosam. Quae voluptas earum placeat facilis sunt quos aliquid. Voluptatem repellendus blanditiis ea atque.','Dolor error nobis placeat porro maiores quidem dolor. Explicabo dolor sunt voluptatum sed excepturi. Consequuntur doloremque omnis quas. Perferendis odit eligendi repellat praesentium rerum est et. Temporibus consequuntur nulla assumenda aut laboriosam. Corporis in amet ut labore. Accusantium qui veniam mollitia quia nihil. Vero accusantium maxime nesciunt ipsam. Maxime sit minus omnis non eligendi nisi. Facere qui quas est molestiae nulla non. Sed non consequatur possimus tenetur consequuntur laborum temporibus. Est impedit omnis sint explicabo exercitationem.',NULL,'2018-09-19 15:14:39','2018-09-19 15:14:39'),(15,12,2,2,25,3,9,6,'Minus veniam magnam.','Corporis excepturi eos ut harum. Aliquid quas odio aut. Odio aut consequuntur vero praesentium incidunt ipsam. Mollitia voluptas architecto ipsa iure deserunt libero facilis. Voluptatibus consequatur rerum vitae consectetur vero enim inventore sed.','Nisi voluptas neque qui alias. Exercitationem excepturi numquam tempora modi sed placeat. Ullam velit rem eum eum eum quis. Ipsa dolorum reiciendis dolore quo. Libero fugit corporis sed fuga. Quo temporibus rerum ad non nisi fuga. Unde minima eaque tempora doloremque nihil quia cum. Magnam hic expedita facere est iste fugit. Alias accusamus quo ratione est perferendis provident. Aliquam sit eligendi voluptatem quia omnis delectus possimus. Laudantium tenetur blanditiis cumque esse. Et qui laboriosam a laboriosam beatae enim sunt quaerat. Laudantium similique aut quia vel repudiandae doloribus. Cumque quisquam reprehenderit dignissimos maxime et.',NULL,'2018-09-19 15:14:39','2018-09-19 15:14:39'),(16,NULL,1,1,10,4,10,6,'Odit adipisci.','Molestias quisquam earum animi. Quisquam porro nam excepturi odit eius voluptatum officia. Eligendi totam temporibus tempora et facilis dignissimos minima. Modi possimus eveniet ipsam. Iste aliquid ipsam commodi blanditiis. Esse soluta dolore magni.','Distinctio non molestias aut ut et sunt consectetur laboriosam. Aliquid voluptatibus commodi vero sint dolores numquam temporibus. Quae earum nihil recusandae facere voluptatem similique. Magnam eveniet enim delectus animi quo maxime dignissimos. Illum perferendis suscipit totam aut suscipit dolore. Eos voluptatem reiciendis soluta dolores tempore maiores eius voluptatem. Aspernatur sunt omnis dolore consequatur recusandae asperiores. Animi consequatur eligendi laudantium voluptatem pariatur aut et vel. Fuga corporis in rerum maxime consequuntur. Ipsa consectetur harum nemo laborum cupiditate sint sit.',NULL,'2018-09-19 15:14:39','2018-09-19 15:14:39'),(17,17,2,1,11,4,2,2,'Eos laboriosam.','Voluptas minus sit ea ipsa non. Atque saepe quia laboriosam autem dolores repellendus iste. Quia facere qui aut rem aut quia voluptatem. Accusantium hic mollitia ipsa recusandae odio rerum nihil.','Facere perferendis fugit quaerat et delectus aut dolores. Odio molestiae et dolor officia. Fugiat dignissimos est ullam eligendi. Numquam non ad vel officiis dolores dolor natus. Labore est nisi illum impedit. Est veniam dicta qui. Et a corrupti quia aut. Cumque dolore error natus impedit commodi. Cupiditate porro sed dolorum accusantium. Consequatur quia tenetur quae odit. Qui sit recusandae repellendus qui molestiae quam voluptatem aut. Soluta ut laudantium vel aspernatur suscipit optio. Culpa ab dolorum cupiditate provident. Omnis reiciendis necessitatibus et aut fugiat laborum maiores fuga.','CHF 6122000','2018-09-19 15:14:39','2018-09-19 15:14:39'),(18,16,2,2,6,5,3,5,'Maiores quae.','Voluptatibus est qui enim neque. Est et fuga corporis suscipit dolores inventore eos. Est ullam voluptas et fugiat. Architecto aut assumenda dolorum alias sit deserunt earum porro.','Id omnis quia deleniti ullam eum iure impedit. Sunt odit quia inventore. Perspiciatis quas non facere eligendi maiores provident quas vel. Voluptas et deserunt nam veritatis facere molestiae nisi. Dolorem ad vitae perspiciatis similique temporibus. Quasi cum perspiciatis qui dolores tenetur ea adipisci molestiae. Dolores iusto mollitia sed id voluptates possimus velit. Repellendus aliquam voluptatem ut amet. Beatae sit hic sit at. Temporibus dolorem eveniet voluptas aut eligendi et doloribus dolore. Maxime hic qui harum est eius tenetur et. Ut nihil dolorem maiores laboriosam expedita est.',NULL,'2018-09-19 15:14:39','2018-09-19 15:14:39'),(19,10,3,1,20,2,3,5,'Rerum et dignissimos.','Est maiores tempora quos laboriosam. Quam suscipit ducimus iste a repellendus. Voluptatibus est repellendus molestias cupiditate blanditiis ex. Magnam architecto sit eum tempora.','Voluptatum qui aliquam voluptatem molestiae. Earum ullam quo ab dolor alias tempora quia. Ut ut quod sed quis est. Ad et placeat eaque itaque eaque occaecati. In est recusandae quaerat facilis ut aut. Optio expedita ipsa incidunt debitis iure quia. Voluptas voluptatem quia porro omnis. Voluptate nemo omnis cum et. Fugiat eaque illo officia perspiciatis consectetur aut. Perspiciatis hic earum fugiat. Voluptatem sit rerum fuga accusamus praesentium. Enim ullam dicta qui et voluptatem eum omnis. Sapiente debitis id fugit neque voluptatem error. Delectus quae qui deleniti doloribus modi quia.','CHF 1861900','2018-09-19 15:14:39','2018-09-19 15:14:39'),(20,16,2,2,13,6,18,3,'Est autem totam.','Quis placeat saepe ex et. Maiores nihil saepe voluptatem. Eveniet repudiandae assumenda voluptate suscipit.','Aliquam et et non quam sint quae. Eligendi quam cum accusamus eveniet quae. Eaque voluptatibus corrupti molestiae dolorem error facilis et. Voluptas dicta facere vero molestias cum. Repudiandae temporibus quia perspiciatis commodi eligendi alias. Repellendus sint veniam explicabo sequi maiores qui. Provident rerum corporis in sunt itaque. Recusandae sit ad magnam distinctio aut laborum aperiam. Provident et dolorem aliquam aut autem facere minima. Qui sit vel aut voluptatem praesentium rerum. Dolorum non consequatur dolorum eaque excepturi velit. Doloremque ullam fuga autem harum quos et sit.',NULL,'2018-09-19 15:14:39','2018-09-19 15:14:39'),(21,NULL,3,1,25,3,20,3,'Vel quis.','Ut atque est hic et ducimus. Sunt quasi qui sed nihil nostrum cupiditate. Aperiam esse recusandae dolore. Ab omnis vitae quod et dolores. Assumenda expedita quia rem et rerum qui facere.','Eius quibusdam laudantium blanditiis enim explicabo consectetur nihil reprehenderit. Qui eum sed neque nulla. Praesentium rerum deleniti praesentium eos error. Similique omnis tenetur sapiente voluptatem magnam nemo. Perspiciatis quaerat iure repudiandae quia modi hic. Enim sit accusamus animi et ipsam. Ut aut odit nihil. Voluptas at nam non nihil nostrum est. Dolor ab nam nobis eum. Tempore sit est reiciendis voluptas consequatur. Quod vero debitis fuga et vel velit illum. Atque voluptas beatae qui dolor rem eligendi. Sint excepturi temporibus qui iure occaecati est beatae voluptate. Cupiditate amet fuga nobis et. Non voluptas quae veritatis velit et repellat tenetur eum.',NULL,'2018-09-19 15:14:39','2018-09-19 15:14:39'),(22,18,3,2,14,3,10,5,'Iusto quasi cum.','Excepturi odit fugit fuga eos aliquam voluptate. Adipisci modi veritatis iste tempora. Explicabo debitis officiis ullam. Accusamus maxime consequatur nemo fugiat alias assumenda necessitatibus ex.','Unde eaque dolorum et commodi. Dolorem et doloribus ipsum quam. Ut cum nostrum corrupti qui dignissimos est fugiat pariatur. Earum quae eaque facere qui est possimus omnis. Occaecati nesciunt qui delectus sed beatae. Architecto non eum numquam. Perspiciatis cumque illum et sed dolor et labore. Similique numquam nihil aut rerum. Fugiat est nemo quasi perferendis expedita. Dolores ad natus et et incidunt nesciunt voluptas. Nobis saepe quo est vel qui iure veniam. Ea aut rem ipsum itaque voluptas. Praesentium ratione deleniti et aut. Sed aliquam velit rerum in et. Fugiat dolorem molestiae sit quis quo. Nemo deserunt quam dolor animi.',NULL,'2018-09-19 15:14:39','2018-09-19 15:14:39'),(23,1,2,1,9,4,10,6,'Eveniet sunt.','Molestiae natus assumenda impedit aspernatur. Ullam nam est in ipsa earum eius quo. Labore molestias harum praesentium est non. Sit libero velit molestiae rerum laboriosam qui a quas. Praesentium commodi iste voluptatem nobis quibusdam.','Est voluptate et nesciunt est. Qui et quidem perspiciatis placeat. Id laborum facilis dicta incidunt et. Laborum sed natus delectus nesciunt blanditiis nemo. Ad quod commodi distinctio sunt eius quibusdam. Quibusdam labore maxime sit in temporibus voluptates voluptatem. Fuga nisi rem et ex non amet a. Aut quam quos quos minima iusto possimus non id. Eius error nobis delectus molestiae aut nihil aut voluptatibus. Unde nulla sed quas amet beatae modi accusamus. Qui accusantium provident expedita ut. Laboriosam provident aut sed sit rerum. Non quasi eos illo tempore. Odio natus temporibus et et aspernatur quaerat unde.',NULL,'2018-09-19 15:14:39','2018-09-19 15:14:39'),(24,NULL,3,2,22,4,14,2,'Sit est suscipit.','Vero officia ab repudiandae at sed soluta. Ex magnam nesciunt quia adipisci. Qui doloribus esse facilis nisi.','Dolorem est culpa eos est ullam voluptatem. Veniam nobis non veniam quis itaque enim similique dolor. Sit velit nesciunt iure et accusamus voluptate. Explicabo libero eaque dolore sunt ea accusantium. Cupiditate animi recusandae quod. Autem nobis ad excepturi velit ratione earum pariatur. Sed ratione quasi optio sunt. Totam a rem quia unde tempore voluptate quia. Libero nobis explicabo autem. Et est iusto perspiciatis consequatur. Minus qui sit beatae vero ut hic vero quidem. Aliquam culpa voluptas repudiandae iste atque.',NULL,'2018-09-19 15:14:39','2018-09-19 15:14:39'),(25,20,1,1,24,2,14,4,'Rerum sint.','Dolores vel corrupti vel numquam at. Id provident assumenda deserunt aspernatur possimus illum quasi velit. Iste vitae id molestias accusamus necessitatibus possimus earum autem. Voluptatem ipsum voluptas est.','Debitis nisi voluptas maiores. Cupiditate nobis quisquam cumque et quisquam quaerat. Ipsa enim voluptatem quas nemo. Ut tenetur optio et ea repellat qui rerum. Qui quibusdam repellendus quas occaecati. Consequuntur dolores et rerum aut. Distinctio ea dolores ad tenetur. Nulla dolorum reiciendis quia sit eos minus veniam harum. Cum sit consequatur quo cumque est. Aut necessitatibus ex provident pariatur. Facilis fugit quos expedita. Magnam voluptates et earum esse sequi. Quia non architecto facere possimus et enim. Et ut reiciendis voluptatem pariatur. Nemo non consequatur sapiente dolor. Non pariatur cupiditate impedit autem corporis. Doloremque qui et nesciunt.',NULL,'2018-09-19 15:14:39','2018-09-19 15:14:39'),(26,3,1,1,25,2,17,6,'Maxime aut autem.','Veniam sunt nulla quis tempore. Incidunt eum nihil voluptatem. Dignissimos rerum perspiciatis dolorem libero. Aspernatur aut iure perspiciatis quas ut voluptatem veritatis debitis.','Recusandae in eveniet dolore qui. Excepturi fugiat sequi illo dignissimos ipsum modi. Nemo ea repudiandae aut corrupti dolores. Voluptatem commodi qui inventore sit vitae perferendis quia sit. Non hic quibusdam omnis et. Est explicabo suscipit fuga et porro dignissimos. Omnis ipsa id blanditiis et. Delectus optio provident aut autem explicabo voluptatem. Et eligendi explicabo ea. Cupiditate repudiandae sint ipsa sint qui ut amet sit. Error dolorem veritatis et qui consequatur dolorem nam rerum. Natus cupiditate aut rerum quia voluptatum consequatur. Asperiores dolorem dolor harum deserunt. Quia enim iure eum.',NULL,'2018-09-19 15:14:39','2018-09-19 15:14:39'),(27,NULL,3,2,7,6,7,4,'Aliquam debitis molestiae.','Non tempore neque repellendus ut. Nihil ab occaecati dolorem iure consectetur in. Suscipit laudantium architecto fuga reprehenderit officia quidem et. In nihil necessitatibus dolorum nihil aut aliquam. Ipsa sit soluta quos non dolore neque voluptate.','Sint architecto dolorum dolor consequatur. Repudiandae asperiores odio in rerum rerum libero. Magni provident error omnis illum porro nesciunt voluptas. Est molestias ducimus iusto tempora ut labore. Qui ea et et et. Aut illo quas sit totam non consequatur soluta qui. Sed velit laboriosam aut nihil iure qui voluptatum. Soluta blanditiis nihil illum maiores incidunt aut asperiores. Fugiat necessitatibus nesciunt tempore consequatur et magnam. Et explicabo molestiae distinctio totam adipisci consequatur quam. Illum dignissimos et incidunt eius rerum aut. Consequuntur aut magni in quia excepturi facere sit. Cum harum quia enim. Voluptatibus itaque cum ea impedit.',NULL,'2018-09-19 15:14:39','2018-09-19 15:14:39'),(28,NULL,2,2,7,2,5,2,'Suscipit architecto dignissimos.','Aut rerum quis cumque. Sapiente et rerum velit omnis officia aut velit. Aliquid neque commodi aliquam aperiam. Neque officiis sapiente sed sed error ex. Error voluptate quo ut atque.','Blanditiis ipsam rerum maiores ut dolores nostrum et. Consequatur tempora nostrum voluptas tenetur enim eum ab. Reprehenderit quia ab dicta nihil ab. Omnis eveniet architecto qui aut omnis fugit veniam. Eius rem saepe et nam quo culpa. Dolores aut repudiandae modi debitis repudiandae mollitia. Accusamus omnis tempora aliquid molestiae iusto amet consequuntur. Non quibusdam voluptatem soluta rerum odit quia et. Quia odit et veniam est non laborum. Eum neque non dolor repellendus blanditiis eos aperiam. Maxime vel qui debitis. Aliquam ratione iste omnis ut. Est alias id optio deserunt. Similique minima aut repellat pariatur quia at. Temporibus expedita reiciendis aspernatur qui aut quia.','CHF 2656700','2018-09-19 15:14:39','2018-09-19 15:14:39'),(29,17,2,1,19,6,10,5,'Possimus ipsam quam.','Natus enim nam a dolorum necessitatibus. Eaque rem odit ipsam sit earum nam. Est ut minus corporis cumque voluptas. Autem in provident distinctio ducimus explicabo maiores et molestiae. Sed in voluptas nostrum sit. Illum atque qui aperiam dolores.','Dicta velit enim porro nobis iusto et beatae et. Consectetur delectus accusantium totam molestiae. Quaerat vel magni vel consectetur earum voluptas voluptatum. Maxime ab et fuga voluptatibus. Iste iure culpa enim laudantium dolor ab aut. Ipsa ducimus debitis hic similique eum. Dolor corrupti et impedit odit dolorum dicta est. Id qui provident vel velit tempora rerum qui. Porro itaque nemo ut sint. Voluptatum quo suscipit tenetur qui voluptas et debitis. Sunt quaerat rem fugiat magnam. Tempora aut omnis dicta. Nemo qui ipsa hic neque autem officia. Excepturi numquam possimus animi quas.',NULL,'2018-09-19 15:14:39','2018-09-19 15:14:39'),(30,8,3,1,1,6,16,5,'Illum ab adipisci.','Sit exercitationem tempore sunt est repudiandae illum. Ut reiciendis quidem distinctio quia esse officia sint officia. Officiis sit deleniti voluptatem recusandae officiis excepturi. Et laudantium tempore ea nihil vitae rerum doloribus.','Molestiae voluptatem inventore ad qui harum. Eius consequatur quae id et labore. Consequuntur saepe ut sunt vero sed sequi. Corporis dolorem at repellat suscipit. Est adipisci hic qui asperiores. Odio voluptas amet itaque doloribus. Est iste explicabo doloribus natus eligendi laborum aut. Vel deserunt et beatae. Autem ut incidunt aut harum aut enim et. Voluptas officiis distinctio reprehenderit quae et voluptatem. Error veritatis sunt doloribus dolor debitis odio. Deleniti fuga nostrum sit voluptatem vitae non. Corporis voluptatem exercitationem ut non molestias et dolores.',NULL,'2018-09-19 15:14:39','2018-09-19 15:14:39'),(31,12,1,2,23,5,20,3,'Qui aut ut.','Quia itaque reiciendis ea corrupti ut enim voluptas. Est itaque harum nobis sed sit. Cumque molestiae repellat modi commodi. Aliquam labore est fuga inventore.','Est sequi iusto placeat rerum placeat laboriosam. Id voluptas voluptas quod enim et vero quo. In eius omnis illo dolorem odio qui quia error. Commodi iste omnis aut placeat facere. Et vel nesciunt dolor suscipit quibusdam. Minima quam qui qui eos repellendus molestias. Laudantium et minima voluptatum placeat eos. Voluptatum sint tempora enim. Optio quidem laborum ut. Voluptatem repellat ut sit et reprehenderit. Iste rerum tenetur consequuntur nihil et culpa voluptas. Ex unde provident iure. Enim distinctio molestiae numquam aliquid dolores repellendus maiores quos. Qui vero inventore quos doloribus ipsum nesciunt sit nobis. Esse fugit dolores sit debitis tempore distinctio.',NULL,'2018-09-19 15:14:39','2018-09-19 15:14:39'),(32,11,1,2,23,4,2,5,'Adipisci et ut.','Quae neque sed nobis consequatur quas pariatur magni. Ad in et placeat est vel sint. Qui quidem sunt dicta qui consequatur. Quaerat illo cupiditate sequi ut quia sunt velit. Eos minima consequuntur repudiandae voluptas doloremque animi corporis.','Accusantium quos nisi voluptatem repudiandae sequi nisi similique. Quisquam saepe id corporis et. Quasi quaerat atque repellendus voluptas quo est voluptatem. Hic quaerat nam possimus ut sunt dolor similique. Animi maxime voluptatem et excepturi dignissimos voluptate id ea. Iste excepturi et ut assumenda odit voluptas. Tenetur aut modi alias sed. Quia quis esse rerum veritatis magnam eos. Voluptates et expedita qui nobis. Porro perferendis pariatur qui consequuntur dolorem aliquid. Nemo optio quae distinctio nesciunt quisquam rerum laborum laudantium. Corrupti sed est velit aut doloribus in.',NULL,'2018-09-19 15:14:39','2018-09-19 15:14:39'),(33,19,2,1,4,4,14,2,'Officiis voluptatem itaque.','Distinctio dolorem voluptatem deleniti odio enim. Eius aut ut neque temporibus. Aut asperiores eligendi nostrum sequi et. Illo aperiam repellendus quos.','Sed eum et neque aperiam nulla. Illum et debitis quam illo in amet quis deserunt. Nostrum voluptatem minima quo omnis. Delectus sit dolores quis dicta et labore. Et optio harum ipsa quae maiores officia. Quis sint omnis vero officia et. Dicta sint rem cum praesentium ea non qui. Iste tempora inventore quia eligendi enim odio sunt expedita. Tempora distinctio quasi blanditiis eos doloribus sed et nemo. Dolores enim asperiores sunt tempora voluptas voluptas. At ab aut rerum adipisci. Animi quia cupiditate vel possimus qui dolor ut ut. Qui qui hic sunt ut dolores sed. Sed non exercitationem blanditiis ducimus temporibus nihil sunt.',NULL,'2018-09-19 15:14:39','2018-09-19 15:14:39'),(34,7,3,2,11,6,17,5,'Deserunt aut est.','Velit maiores et facilis voluptatem quaerat. Magnam accusamus velit incidunt quasi quisquam sapiente ipsa et. Aliquid in vero debitis quasi aut aut reiciendis. Velit a rem mollitia ab minus. Voluptatibus eum consequatur molestiae ad consequatur omnis.','Repudiandae ipsam hic dolor esse quisquam sed. Et vel quae quibusdam laboriosam similique voluptatem. Eos aut possimus minus ut labore odit a quo. Autem nihil mollitia illum aut. Et nam aut blanditiis amet. Voluptatem iusto officia est nemo ea similique facere. Non accusamus qui nostrum dolorem. Maxime ipsa natus culpa adipisci quae. Voluptates consequatur sapiente ab aut dolor dolor. Dignissimos voluptatum tempore ea libero. Dolorem ipsum dolorum unde alias amet quia aut. Natus sunt quisquam fugiat sed exercitationem velit. Reprehenderit dolorem illo voluptatem ipsam eum dolorum.',NULL,'2018-09-19 15:14:39','2018-09-19 15:14:39'),(35,11,2,1,24,4,21,2,'Quod rerum omnis.','Quo labore aut totam. Dolorem ut commodi esse dolorum sed. Dolores dolores consectetur in et necessitatibus. Quia voluptatem harum aut repudiandae cumque inventore iure. Rerum magnam deleniti ut laboriosam et aliquam consequatur.','Recusandae atque quae temporibus ex eos. Voluptatem molestiae tenetur qui atque esse qui est. Facilis assumenda velit dolores deserunt ut magni. Quia possimus rem nulla sit doloribus. Enim rerum dolorum velit tempore quos molestiae aut autem. Quae suscipit quo vero ab ut aperiam nesciunt. Iure sapiente qui doloremque tenetur perferendis non. A iusto minus doloribus eum molestias. Tempora ut modi nobis velit et. Fugit ut doloribus quas magnam porro qui. Corporis iste molestiae modi quaerat et. Cupiditate est ut aspernatur consequatur sunt reprehenderit omnis neque.',NULL,'2018-09-19 15:14:39','2018-09-19 15:14:39'),(36,6,2,1,25,6,2,4,'Veniam nobis.','Sit voluptatum sit corrupti assumenda ut vitae. Dolor illo et unde hic dolorem sit. Non sunt aliquid ipsam omnis sequi. Vitae hic id consequatur ea esse quisquam delectus.','Consectetur reprehenderit expedita accusamus modi impedit reiciendis consequuntur commodi. Ullam est quia porro ut qui. Consectetur quis odit aut non ut rerum similique sit. Ad qui et consectetur fuga quia. Quia expedita numquam velit atque. Sint facere porro maxime labore voluptatem minus excepturi. Error molestias facilis vel fugiat temporibus enim numquam. Commodi voluptatibus ut fuga eveniet nulla fuga iusto. Reprehenderit sint incidunt nostrum aut animi. Optio quasi assumenda ut laudantium consectetur aut id. Incidunt vitae dolorem reprehenderit laborum harum expedita eum nihil. Doloremque quam facere voluptatem quia sed. Fugiat maiores totam et error excepturi quaerat aut.',NULL,'2018-09-19 15:14:39','2018-09-19 15:14:39'),(37,NULL,2,2,2,6,7,2,'Aut voluptate voluptas.','Nihil ab non qui cumque. Minus maxime delectus quae. Veniam nihil perferendis veniam cupiditate velit est itaque.','Similique dolor quo vel saepe sint laudantium. Voluptas blanditiis non nulla porro. Non architecto et itaque necessitatibus et dolorem. Animi quaerat et libero nemo quos. Quo sed placeat modi corrupti. Ut temporibus laboriosam suscipit occaecati ut aperiam labore. Est eaque molestiae et dolorum dolorem eaque. Alias deserunt id praesentium autem et facere. Sed nostrum et ullam tenetur sed. Possimus illo dolorem quasi incidunt. Fugit qui et et aut sit aut. Voluptas iure et iusto ad et optio ut. Asperiores molestiae ab magnam eius eum atque accusantium. Quia doloribus quaerat ratione perspiciatis eius architecto soluta enim.',NULL,'2018-09-19 15:14:39','2018-09-19 15:14:39'),(38,NULL,2,1,1,4,20,4,'Eligendi voluptas.','Dignissimos et quia eveniet sit aut. Velit nulla qui facilis laudantium beatae eveniet illum. Sunt qui et quaerat vel. Placeat sed natus natus quas et nihil sit. Sint eius recusandae nulla perferendis id.','Earum soluta et perferendis vero facilis optio. Ea aut eum et amet fugit sunt. Placeat dolorum voluptas cum cumque. Suscipit error quos voluptatem rerum et autem. Eum tempore non dolor impedit. Mollitia temporibus voluptatum odio incidunt. Sed placeat mollitia qui hic. Fugit illum ipsa dolores qui eius unde accusantium. Aut dolorem error necessitatibus autem. Perferendis consequatur enim perspiciatis officiis iusto explicabo vero. Harum reiciendis rem nam maiores similique dignissimos. Alias ut itaque eum totam pariatur. Voluptatum nam facere omnis reprehenderit. Et delectus sit quia aut eum sit rerum.',NULL,'2018-09-19 15:14:39','2018-09-19 15:14:39'),(39,17,3,1,22,2,2,6,'Voluptas eaque voluptate.','Ut hic autem sapiente aut dolor. Qui quaerat ipsam exercitationem amet et id iusto aut. Ea eligendi voluptas ex iste ut ipsam. Ex non est dolore et.','Labore reiciendis nulla sunt minima fuga. Eveniet eligendi ut illo et. Est architecto quia at optio quisquam aut expedita. Esse esse nam qui sed molestiae. Ut temporibus qui sit iste quaerat placeat. Saepe et quod neque aliquam. Neque quo nisi est est voluptates. Qui dolores voluptatem consequuntur ea nesciunt. Dolorem nam illo est sint dolorem quis voluptas. Autem minus consequuntur in sed enim. Neque impedit est reiciendis nam esse deserunt. Illo officia necessitatibus ipsa fugiat quo. Enim laudantium incidunt deleniti rerum. Eum sit quos laborum laborum ipsam. Iusto quibusdam dolor sed et. Voluptas suscipit et exercitationem est est saepe.',NULL,'2018-09-19 15:14:39','2018-09-19 15:14:39'),(40,4,2,2,21,3,22,6,'Incidunt qui optio.','Animi facere tempore molestias velit. Qui earum reprehenderit autem neque. Mollitia tempore velit ratione voluptatem totam id. Nemo ullam quae odio. Maiores quisquam dolor aliquid atque est modi minus. Velit repellat similique dicta modi eaque.','Quisquam modi totam quas non ullam. Eaque et non tenetur aut odio cupiditate id. Iure unde magnam vel vel. Officiis cupiditate fugit temporibus ut voluptates sequi cum. Doloribus at magni nihil magni ut enim. Qui asperiores quam dolore eum dicta quia. Sunt voluptatem est dolores voluptatem. Accusamus quidem ullam pariatur ut. Molestiae sit omnis distinctio ut. Asperiores explicabo qui rerum explicabo. Harum libero ipsum eligendi quas et cupiditate. Sequi dolores debitis fugit reiciendis voluptatem. Nesciunt est nihil omnis omnis commodi earum dolores. Et perspiciatis id consequatur culpa beatae qui. Assumenda quibusdam accusamus id ut doloribus praesentium perferendis.',NULL,'2018-09-19 15:14:39','2018-09-19 15:14:39'),(41,16,2,1,10,5,22,3,'Praesentium sapiente.','Sunt minus et fugiat consequatur inventore itaque. Accusantium dolore quos ex corrupti dolorum excepturi. Sequi ullam dicta qui vel quas aliquid autem ullam.','Eveniet reprehenderit magni beatae dolores labore. Voluptas earum sed animi repudiandae nulla. Et dolorem velit animi laboriosam soluta in enim. Sint asperiores accusamus vero maiores voluptatibus neque nemo. Maiores ratione quasi consectetur iure quia culpa delectus odit. Illum quis error quo illo sit hic voluptas ipsam. Exercitationem fugiat rerum nihil voluptatem eum nihil dicta. Debitis nemo et unde in rerum. Aut quidem nihil cum natus deleniti vero. Doloremque unde et natus voluptatem velit est eveniet quam. Nobis unde beatae consequatur voluptas.',NULL,'2018-09-19 15:14:39','2018-09-19 15:14:39'),(42,4,1,1,5,2,7,2,'Ea blanditiis.','Et qui quia veniam qui dicta. Modi qui natus iure. Ad distinctio sapiente in et odit et. Optio cupiditate quos rem eum explicabo ipsum aliquid totam.','Sed quaerat eaque quaerat in doloremque enim ipsa. Quo similique reiciendis vel voluptate rem sit. Illo aut molestiae impedit sint. Iusto laboriosam omnis suscipit quidem iste aspernatur molestiae. Et eos similique sed et. Pariatur distinctio accusantium porro et. Vel voluptate earum ducimus velit consequatur quam eos. Iusto omnis alias quibusdam dicta sit laborum perspiciatis optio. Sed qui repudiandae perspiciatis officia iste praesentium et. Blanditiis perspiciatis blanditiis reiciendis sequi ab voluptates. Et voluptates at repudiandae repellat quaerat. Tenetur et aut est non est assumenda. Cupiditate est voluptatem sit consequatur impedit.',NULL,'2018-09-19 15:14:39','2018-09-19 15:14:39'),(43,16,1,2,4,3,16,5,'Nihil pariatur fugiat.','Exercitationem commodi eius reiciendis. Id et adipisci eos eligendi dolorem. Quia est doloremque ratione corrupti. Et voluptatibus velit hic blanditiis.','Accusamus laboriosam quibusdam temporibus nihil et repudiandae. Dolor et provident voluptatibus ab omnis eos ullam exercitationem. Repellendus eveniet praesentium dolorem asperiores accusamus aut omnis. Voluptas rerum dolorem eos est iste et et sit. Quia magnam et iusto blanditiis consequuntur minima. Exercitationem eos dolorem fugiat nesciunt corporis error ut. Mollitia nostrum quod tempora voluptatem. Et ut quibusdam cumque dolor. Beatae ea sit reiciendis distinctio qui voluptatibus pariatur. Illo officiis officiis aliquid asperiores id qui ducimus. Voluptates nam omnis eaque nisi. Inventore et repellat iure consequatur id. Libero repellendus et velit libero.',NULL,'2018-09-19 15:14:39','2018-09-19 15:14:39'),(44,NULL,3,1,21,2,13,5,'Inventore cupiditate.','Perferendis nobis illo repudiandae tempore exercitationem mollitia. Error voluptatem provident consectetur et et et.','Nisi nobis nostrum consequatur sapiente rerum iste. Sint incidunt sapiente dolor voluptas. Iusto autem ut animi omnis optio. Earum voluptate aspernatur voluptates atque provident corrupti. Placeat molestiae hic sed dolores. Quia sit itaque dolor exercitationem fugit aperiam. Recusandae aut consequuntur unde sapiente natus molestiae cumque. Laboriosam voluptatem ut et ipsa. Enim perspiciatis exercitationem quibusdam sed. Sit voluptatum repellat alias et harum ducimus porro. Rerum autem nostrum laudantium sunt itaque consequuntur. Fuga itaque illum possimus rerum.',NULL,'2018-09-19 15:14:39','2018-09-19 15:14:39'),(45,18,3,2,12,2,18,2,'Explicabo magnam.','Necessitatibus est nihil rerum debitis natus esse neque. Dolore eos sit eligendi repellat et. Dolores quis laudantium ducimus molestias. Pariatur voluptas repellendus assumenda est autem numquam qui. Ad eaque quo soluta sunt possimus perferendis.','Eveniet expedita cum qui doloremque aut. Consequatur voluptate deserunt quis qui quos at voluptas. Distinctio molestias odit vitae accusamus natus mollitia. Voluptas ea et molestiae voluptatibus. Laboriosam perferendis numquam voluptatem modi. Voluptatem quo ut cumque quis est ut. Reiciendis nam blanditiis consequuntur blanditiis et dolorem illo. Saepe harum omnis id fuga aut. Iure quia vel ullam consectetur in. Harum deserunt et a culpa. Odio ut nihil placeat. Aut voluptatibus aliquam qui consectetur necessitatibus voluptatem. Laudantium nisi est doloremque. Consequatur commodi et velit quo quia libero. Itaque porro beatae aperiam et qui.',NULL,'2018-09-19 15:14:39','2018-09-19 15:14:39'),(46,8,3,2,17,6,25,5,'Laudantium autem minima.','Nihil tempora aut ratione harum sit. Voluptatem sit et quia aut delectus magni optio. Aut excepturi vel vero nobis praesentium.','Rerum qui aut quaerat qui pariatur. Vitae veniam quo voluptas id expedita ut. Animi asperiores recusandae quam porro possimus. Sequi perferendis placeat quo perspiciatis fugiat. Quia fuga occaecati voluptas laboriosam. Voluptatem porro libero et consequatur. Voluptates corrupti debitis ducimus. Dolore voluptatem cupiditate quia. Fugiat ea repellat est aut non. Deserunt ratione magnam laudantium quibusdam. Hic quisquam maxime aut beatae asperiores repellat. Ut voluptates architecto tempore inventore minima est. Rerum et officiis repellendus possimus. Ut ut et eum et minus omnis repudiandae eum. Sapiente voluptatem aperiam tempore quisquam velit. Aut qui sed nihil omnis est est.','CHF 3542000','2018-09-19 15:14:39','2018-09-19 15:14:39'),(47,11,1,1,19,4,2,4,'Et et earum.','Totam et commodi odio aut. Totam occaecati et molestiae culpa maiores. Voluptatem id explicabo non assumenda dolore sed. Qui facere dolorem non.','Eos accusantium in recusandae et enim illo. Tempore voluptatem nisi vero numquam eligendi repudiandae officia aut. Et necessitatibus repellat tenetur. Inventore voluptatum tempora eos ex possimus quia. Aut nam aut aliquam sed reprehenderit temporibus eum. Dolorem corrupti consequatur fugiat. Recusandae consequuntur minima ipsa at libero soluta eligendi. Qui sint tempore aliquam aperiam iure corrupti. Sit itaque atque aut soluta necessitatibus eaque nobis blanditiis. Voluptates adipisci eum optio magnam. Modi libero temporibus vero neque inventore vel.','CHF 940600','2018-09-19 15:14:39','2018-09-19 15:14:39'),(48,NULL,1,1,18,3,22,4,'Et labore repellat.','Provident ipsam consequatur voluptates temporibus cum et debitis. Nulla enim qui ad fuga officia. Qui corrupti cupiditate velit tempora voluptate ea quidem distinctio. Perferendis rerum esse reiciendis soluta cum.','Rerum deserunt vel praesentium nulla optio. Aperiam illum ut molestiae dolore. Consequatur tempore molestias sunt. Dolor ipsam iusto sunt ratione odit voluptatem voluptas. Corporis quidem quis dolore exercitationem rerum. Qui atque voluptates qui qui quis illo eveniet. Quasi omnis maxime reprehenderit. Necessitatibus voluptatem illo molestiae reiciendis. Nihil maiores vel facilis aliquid voluptas delectus sequi. Laboriosam aut possimus minus exercitationem adipisci magnam natus. Placeat sed minus quae. Quam tempore eligendi mollitia doloribus. Similique non ipsum ad repudiandae. Doloremque reiciendis numquam sunt voluptatem voluptatibus.',NULL,'2018-09-19 15:14:39','2018-09-19 15:14:39'),(49,11,3,1,1,4,2,5,'Nihil rerum.','Recusandae occaecati ea numquam at dolore et minima harum. Ullam et ab nihil quia omnis. Tenetur nihil dolorem repellat veniam.','Voluptatem qui illum iste at. Magni ut sed sunt optio. Voluptas similique a minima et rerum. Perferendis eius autem laboriosam molestias quia. Incidunt delectus impedit provident voluptate. Laboriosam voluptatem eum enim sit quis excepturi vel sit. Laboriosam fuga perspiciatis et sed libero aut. Doloribus odit ut ducimus facere. Modi aut accusamus ut ad delectus sequi. Omnis qui cum qui tenetur accusamus. Sit illo nihil vel velit aspernatur ratione. Dicta voluptatem earum animi inventore vitae voluptas porro excepturi. Libero nihil et sint sunt nam distinctio molestias porro. Exercitationem et voluptates ut dolorem.','CHF 614700','2018-09-19 15:14:39','2018-09-19 15:14:39'),(50,NULL,2,2,5,6,13,5,'Est enim perferendis.','Porro vel est vitae rerum consectetur eius velit. Praesentium explicabo et neque facere consequatur sed. Quia consequatur sint non placeat iste. Praesentium facilis necessitatibus expedita explicabo sit quis et.','Quasi ut necessitatibus quo. Doloribus consequatur mollitia cupiditate neque tempora illum incidunt laborum. Accusantium porro rerum et. Aut perferendis nobis est voluptas corrupti sed in. Molestiae nemo tempore ducimus sapiente cupiditate. Nobis nihil modi eveniet. Inventore vitae enim blanditiis minima consectetur. Accusamus hic qui corrupti aspernatur. Consequuntur modi saepe repudiandae quisquam adipisci sed odio. Omnis debitis quia doloribus ullam doloremque. Et similique at voluptas est. Dolorem dolore fugit a. Dolor soluta quidem ex non et dolor. In sed dignissimos aliquid praesentium omnis facilis atque sunt. Blanditiis sunt nihil nam placeat ut sit.',NULL,'2018-09-19 15:14:39','2018-09-19 15:14:39');
/*!40000 ALTER TABLE `offers` ENABLE KEYS */;
UNLOCK TABLES;

--
-- Table structure for table `persons`
--

DROP TABLE IF EXISTS `persons`;
/*!40101 SET @saved_cs_client     = @@character_set_client */;
/*!40101 SET character_set_client = utf8 */;
CREATE TABLE `persons` (
  `id` int(11) NOT NULL AUTO_INCREMENT,
  `company_id` int(11) DEFAULT NULL,
  `address_id` int(11) DEFAULT NULL,
  `user_id` int(11) DEFAULT NULL,
  `salutation` varchar(60) COLLATE utf8_unicode_ci DEFAULT NULL,
  `first_name` varchar(60) COLLATE utf8_unicode_ci NOT NULL,
  `last_name` varchar(60) COLLATE utf8_unicode_ci NOT NULL,
  `comment` longtext COLLATE utf8_unicode_ci,
  `email` longtext COLLATE utf8_unicode_ci,
  `created_at` datetime NOT NULL,
  `updated_at` datetime NOT NULL,
  PRIMARY KEY (`id`),
  KEY `IDX_A25CC7D3979B1AD6` (`company_id`),
  KEY `IDX_A25CC7D3F5B7AF75` (`address_id`),
  KEY `IDX_A25CC7D3A76ED395` (`user_id`),
  CONSTRAINT `FK_A25CC7D3979B1AD6` FOREIGN KEY (`company_id`) REFERENCES `companies` (`id`),
  CONSTRAINT `FK_A25CC7D3A76ED395` FOREIGN KEY (`user_id`) REFERENCES `users` (`id`) ON DELETE SET NULL,
  CONSTRAINT `FK_A25CC7D3F5B7AF75` FOREIGN KEY (`address_id`) REFERENCES `addresses` (`id`)
) ENGINE=InnoDB AUTO_INCREMENT=21 DEFAULT CHARSET=utf8 COLLATE=utf8_unicode_ci;
/*!40101 SET character_set_client = @saved_cs_client */;

--
-- Dumping data for table `persons`
--

LOCK TABLES `persons` WRITE;
/*!40000 ALTER TABLE `persons` DISABLE KEYS */;
INSERT INTO `persons` VALUES (1,NULL,NULL,NULL,'Herr','Dorothea','Bühler','Voluptas.','simone43@naf.li','2018-09-19 15:14:39','2018-09-19 15:14:39'),(2,NULL,NULL,NULL,'Herr','Janine','Steinmann','Ducimus vitae.','kurt92@sieber.com','2018-09-19 15:14:39','2018-09-19 15:14:39'),(3,NULL,NULL,NULL,'Frau','Matthias','Haller','Minima reprehenderit.','bischof.irene@hotmail.com','2018-09-19 15:14:39','2018-09-19 15:14:39'),(4,NULL,NULL,NULL,'Herr','Yannick','Bolliger','Laudantium qui.','nelly.lehmann@lutz.com','2018-09-19 15:14:39','2018-09-19 15:14:39'),(5,NULL,NULL,NULL,'Herr','Marco','Zwahlen','Necessitatibus qui.','ozwahlen@googlemail.com','2018-09-19 15:14:39','2018-09-19 15:14:39'),(6,NULL,NULL,NULL,'Frau','Oliver','Flury','Ea et.','krebs.othmar@yahoo.com','2018-09-19 15:14:39','2018-09-19 15:14:39'),(7,NULL,NULL,NULL,'Frau','Margrith','Ulrich','Nisi sunt.','gisler.adrian@gmx.ch','2018-09-19 15:14:39','2018-09-19 15:14:39'),(8,NULL,NULL,NULL,'Frau','Andrea','Hauser','Dolorum.','luana04@leuenberger.ch','2018-09-19 15:14:39','2018-09-19 15:14:39'),(9,NULL,NULL,NULL,'Frau','Paula','Mathis','Ut dignissimos.','sburgi@gmail.com','2018-09-19 15:14:39','2018-09-19 15:14:39'),(10,NULL,NULL,NULL,'Frau','Fabian','Lehmann','Quis.','segger@schumacher.ch','2018-09-19 15:14:39','2018-09-19 15:14:39'),(11,7,NULL,NULL,'Frau','Fiona','Schweizer','Rerum.','rmeister@kaiser.ch','2018-09-19 15:14:39','2018-09-19 15:14:39'),(12,3,NULL,NULL,'Herr','Claudio','Stettler','Sit.','rainer.ackermann@staub.com','2018-09-19 15:14:39','2018-09-19 15:14:39'),(13,25,NULL,NULL,'Frau','Esther','Bürki','Modi quia.','barbara.hanni@yahoo.com','2018-09-19 15:14:39','2018-09-19 15:14:39'),(14,15,NULL,NULL,'Herr','Nicolas','Schumacher','Consequatur.','rosmarie68@googlemail.com','2018-09-19 15:14:39','2018-09-19 15:14:39'),(15,1,NULL,NULL,'Herr','Rudolf','Zürcher','Voluptas.','fuchs.andrin@swissonline.ch','2018-09-19 15:14:39','2018-09-19 15:14:39'),(16,3,NULL,NULL,'Frau','Johann','Häfliger','Eius.','david.seiler@burki.net','2018-09-19 15:14:39','2018-09-19 15:14:39'),(17,4,NULL,NULL,'Frau','Ana','Seiler','Reiciendis modi.','jorg.tanner@swissonline.ch','2018-09-19 15:14:39','2018-09-19 15:14:39'),(18,1,NULL,NULL,'Frau','Michèle','Leuenberger','Totam.','krebs.marcel@sommer.ch','2018-09-19 15:14:39','2018-09-19 15:14:39'),(19,16,NULL,NULL,'Frau','Lydia','Giger','Delectus laudantium.','carlos.bartschi@imhof.ch','2018-09-19 15:14:39','2018-09-19 15:14:39'),(20,4,NULL,NULL,'Frau','Renate','Frei','Velit velit.','katja68@hotmail.com','2018-09-19 15:14:39','2018-09-19 15:14:39');
/*!40000 ALTER TABLE `persons` ENABLE KEYS */;
UNLOCK TABLES;

--
-- Table structure for table `phone`
--

DROP TABLE IF EXISTS `phone`;
/*!40101 SET @saved_cs_client     = @@character_set_client */;
/*!40101 SET character_set_client = utf8 */;
CREATE TABLE `phone` (
  `id` int(11) NOT NULL AUTO_INCREMENT,
  `number` varchar(35) COLLATE utf8_unicode_ci NOT NULL COMMENT '(DC2Type:phone_number)',
  `type` varchar(255) COLLATE utf8_unicode_ci NOT NULL,
  PRIMARY KEY (`id`)
) ENGINE=InnoDB DEFAULT CHARSET=utf8 COLLATE=utf8_unicode_ci;
/*!40101 SET character_set_client = @saved_cs_client */;

--
-- Dumping data for table `phone`
--

LOCK TABLES `phone` WRITE;
/*!40000 ALTER TABLE `phone` DISABLE KEYS */;
/*!40000 ALTER TABLE `phone` ENABLE KEYS */;
UNLOCK TABLES;

--
-- Table structure for table `phones`
--

DROP TABLE IF EXISTS `phones`;
/*!40101 SET @saved_cs_client     = @@character_set_client */;
/*!40101 SET character_set_client = utf8 */;
CREATE TABLE `phones` (
  `id` int(11) NOT NULL AUTO_INCREMENT,
  `company_id` int(11) DEFAULT NULL,
  `user_id` int(11) DEFAULT NULL,
  `number` varchar(255) COLLATE utf8_unicode_ci NOT NULL,
  `type` varchar(255) COLLATE utf8_unicode_ci NOT NULL,
  `created_at` datetime NOT NULL,
  `updated_at` datetime NOT NULL,
  PRIMARY KEY (`id`),
  KEY `IDX_E3282EF5979B1AD6` (`company_id`),
  KEY `IDX_E3282EF5A76ED395` (`user_id`),
  CONSTRAINT `FK_E3282EF5979B1AD6` FOREIGN KEY (`company_id`) REFERENCES `companies` (`id`),
  CONSTRAINT `FK_E3282EF5A76ED395` FOREIGN KEY (`user_id`) REFERENCES `users` (`id`) ON DELETE SET NULL
) ENGINE=InnoDB AUTO_INCREMENT=26 DEFAULT CHARSET=utf8 COLLATE=utf8_unicode_ci;
/*!40101 SET character_set_client = @saved_cs_client */;

--
-- Dumping data for table `phones`
--

LOCK TABLES `phones` WRITE;
/*!40000 ALTER TABLE `phones` DISABLE KEYS */;
INSERT INTO `phones` VALUES (1,16,NULL,'0361053880','dolor','2018-09-19 15:14:39','2018-09-19 15:14:39'),(2,NULL,NULL,'0580001133','officiis','2018-09-19 15:14:39','2018-09-19 15:14:39'),(3,NULL,NULL,'+41 (0)35 477 68 35','quam','2018-09-19 15:14:39','2018-09-19 15:14:39'),(4,12,NULL,'+41 (0)70 883 44 56','officia','2018-09-19 15:14:39','2018-09-19 15:14:39'),(5,NULL,NULL,'000 690 05 06','laborum','2018-09-19 15:14:39','2018-09-19 15:14:39'),(6,22,NULL,'+41 08 980 25 05','aliquam','2018-09-19 15:14:39','2018-09-19 15:14:39'),(7,NULL,NULL,'+41 (0)48 557 98 26','ratione','2018-09-19 15:14:39','2018-09-19 15:14:39'),(8,1,NULL,'+41 (0)66 601 95 06','autem','2018-09-19 15:14:39','2018-09-19 15:14:39'),(9,18,NULL,'0127113603','quis','2018-09-19 15:14:39','2018-09-19 15:14:39'),(10,22,NULL,'0863004069','eum','2018-09-19 15:14:39','2018-09-19 15:14:39'),(11,NULL,NULL,'+41 51 370 86 86','odit','2018-09-19 15:14:39','2018-09-19 15:14:39'),(12,4,NULL,'+41(0)228020837','libero','2018-09-19 15:14:39','2018-09-19 15:14:39'),(13,NULL,NULL,'002 246 88 16','quia','2018-09-19 15:14:39','2018-09-19 15:14:39'),(14,NULL,NULL,'0047253635','dolorum','2018-09-19 15:14:39','2018-09-19 15:14:39'),(15,NULL,NULL,'007 384 06 96','nihil','2018-09-19 15:14:39','2018-09-19 15:14:39'),(16,1,NULL,'+41(0)180998398','dignissimos','2018-09-19 15:14:39','2018-09-19 15:14:39'),(17,23,NULL,'069 881 60 69','consectetur','2018-09-19 15:14:39','2018-09-19 15:14:39'),(18,11,NULL,'+41(0)390782643','perspiciatis','2018-09-19 15:14:39','2018-09-19 15:14:39'),(19,NULL,NULL,'+41 (0)42 201 10 33','praesentium','2018-09-19 15:14:39','2018-09-19 15:14:39'),(20,NULL,NULL,'+41 75 822 17 08','sunt','2018-09-19 15:14:39','2018-09-19 15:14:39'),(21,9,NULL,'+41(0)739277343','ut','2018-09-19 15:14:39','2018-09-19 15:14:39'),(22,8,NULL,'021 845 24 15','ipsum','2018-09-19 15:14:39','2018-09-19 15:14:39'),(23,1,NULL,'0165551762','quia','2018-09-19 15:14:39','2018-09-19 15:14:39'),(24,NULL,NULL,'085 306 30 09','quae','2018-09-19 15:14:39','2018-09-19 15:14:39'),(25,9,NULL,'086 380 04 26','beatae','2018-09-19 15:14:39','2018-09-19 15:14:39');
/*!40000 ALTER TABLE `phones` ENABLE KEYS */;
UNLOCK TABLES;

--
-- Table structure for table `phones_persons`
--

DROP TABLE IF EXISTS `phones_persons`;
/*!40101 SET @saved_cs_client     = @@character_set_client */;
/*!40101 SET character_set_client = utf8 */;
CREATE TABLE `phones_persons` (
  `phone_id` int(11) NOT NULL,
  `person_id` int(11) NOT NULL,
  PRIMARY KEY (`phone_id`,`person_id`),
  KEY `IDX_7A9644153B7323CB` (`phone_id`),
  KEY `IDX_7A964415217BBB47` (`person_id`),
  CONSTRAINT `FK_7A964415217BBB47` FOREIGN KEY (`person_id`) REFERENCES `persons` (`id`) ON DELETE CASCADE,
  CONSTRAINT `FK_7A9644153B7323CB` FOREIGN KEY (`phone_id`) REFERENCES `phones` (`id`) ON DELETE CASCADE
) ENGINE=InnoDB DEFAULT CHARSET=utf8 COLLATE=utf8_unicode_ci;
/*!40101 SET character_set_client = @saved_cs_client */;

--
-- Dumping data for table `phones_persons`
--

LOCK TABLES `phones_persons` WRITE;
/*!40000 ALTER TABLE `phones_persons` DISABLE KEYS */;
INSERT INTO `phones_persons` VALUES (1,13),(1,15),(2,11),(2,20),(3,19),(3,20),(4,12),(4,18),(5,15),(5,19),(6,15),(6,17),(7,14),(7,18),(8,11),(8,17),(9,18),(9,19),(10,17),(10,20),(11,16),(11,19),(12,18),(12,19),(13,13),(13,17),(14,19),(14,20),(15,16),(15,20),(16,14),(16,16),(17,11),(17,16),(18,15),(18,16),(19,12),(19,16),(20,16),(20,19),(21,12),(21,16),(22,16),(22,18),(23,18),(23,19),(24,12),(24,20),(25,14),(25,20);
/*!40000 ALTER TABLE `phones_persons` ENABLE KEYS */;
UNLOCK TABLES;

--
-- Table structure for table `project_categories`
--

DROP TABLE IF EXISTS `project_categories`;
/*!40101 SET @saved_cs_client     = @@character_set_client */;
/*!40101 SET character_set_client = utf8 */;
CREATE TABLE `project_categories` (
  `id` int(11) NOT NULL AUTO_INCREMENT,
  `name` varchar(255) COLLATE utf8_unicode_ci NOT NULL,
  `created_at` datetime NOT NULL,
  `updated_at` datetime NOT NULL,
  PRIMARY KEY (`id`)
) ENGINE=InnoDB AUTO_INCREMENT=11 DEFAULT CHARSET=utf8 COLLATE=utf8_unicode_ci;
/*!40101 SET character_set_client = @saved_cs_client */;

--
-- Dumping data for table `project_categories`
--

LOCK TABLES `project_categories` WRITE;
/*!40000 ALTER TABLE `project_categories` DISABLE KEYS */;
INSERT INTO `project_categories` VALUES (1,'projectCategory1','2018-09-19 15:14:38','2018-09-19 15:14:38'),(2,'perspiciatis','2018-09-19 15:14:38','2018-09-19 15:14:38'),(3,'voluptas','2018-09-19 15:14:38','2018-09-19 15:14:38'),(4,'dolor','2018-09-19 15:14:38','2018-09-19 15:14:38'),(5,'veritatis','2018-09-19 15:14:39','2018-09-19 15:14:39'),(6,'molestias','2018-09-19 15:14:39','2018-09-19 15:14:39'),(7,'est','2018-09-19 15:14:39','2018-09-19 15:14:39'),(8,'in','2018-09-19 15:14:39','2018-09-19 15:14:39'),(9,'sed','2018-09-19 15:14:39','2018-09-19 15:14:39'),(10,'qui','2018-09-19 15:14:39','2018-09-19 15:14:39');
/*!40000 ALTER TABLE `project_categories` ENABLE KEYS */;
UNLOCK TABLES;

--
-- Table structure for table `project_comments`
--

DROP TABLE IF EXISTS `project_comments`;
/*!40101 SET @saved_cs_client     = @@character_set_client */;
/*!40101 SET character_set_client = utf8 */;
CREATE TABLE `project_comments` (
  `id` int(11) NOT NULL AUTO_INCREMENT,
  `project_id` int(11) NOT NULL,
  `user_id` int(11) DEFAULT NULL,
  `comment` longtext COLLATE utf8_unicode_ci NOT NULL,
  `date` datetime NOT NULL,
  `created_at` datetime NOT NULL,
  `updated_at` datetime NOT NULL,
  `deleted_at` datetime DEFAULT NULL,
  PRIMARY KEY (`id`),
  KEY `IDX_62D01DF1166D1F9C` (`project_id`),
  KEY `IDX_62D01DF1A76ED395` (`user_id`),
  CONSTRAINT `FK_62D01DF1166D1F9C` FOREIGN KEY (`project_id`) REFERENCES `projects` (`id`),
  CONSTRAINT `FK_62D01DF1A76ED395` FOREIGN KEY (`user_id`) REFERENCES `users` (`id`) ON DELETE SET NULL
) ENGINE=InnoDB AUTO_INCREMENT=101 DEFAULT CHARSET=utf8 COLLATE=utf8_unicode_ci;
/*!40101 SET character_set_client = @saved_cs_client */;

--
-- Dumping data for table `project_comments`
--

LOCK TABLES `project_comments` WRITE;
/*!40000 ALTER TABLE `project_comments` DISABLE KEYS */;
INSERT INTO `project_comments` VALUES (1,1,1,'Dolor veritatis molestias est in sed. Officiis perspiciatis velit possimus cum ducimus vitae quam. Ea dolores odio quis est.','2018-09-01 08:34:09','2018-09-19 15:14:39','2018-09-19 15:14:39',NULL),(2,8,5,'Deserunt minima reprehenderit laborum cumque molestiae aut. A harum aliquam est quod expedita laudantium qui ipsa. Sunt ut officia est rerum. Autem voluptatem perspiciatis eius.','2018-08-04 05:08:23','2018-09-19 15:14:39','2018-09-19 15:14:39',NULL),(3,4,6,'Neque quia eum repellendus enim eum reiciendis ea et. Ut explicabo odit similique nihil. Est sit suscipit libero nisi. Sit quas quo totam quia doloremque numquam.','2018-06-25 13:21:27','2018-09-19 15:14:39','2018-09-19 15:14:39',NULL),(4,14,2,'Neque repudiandae totam non. Voluptatibus nihil occaecati ut et soluta. Ut dignissimos omnis eveniet et nihil voluptates dolores.','2018-07-04 01:10:59','2018-09-19 15:14:39','2018-09-19 15:14:39',NULL),(5,5,4,'Et laudantium perspiciatis aspernatur nemo officia debitis. Earum praesentium dolorem consequatur rerum.','2018-07-11 12:15:22','2018-09-19 15:14:39','2018-09-19 15:14:39',NULL),(6,9,6,'Qui et eos blanditiis. Ut excepturi sit ullam iste repellat qui ipsum. Illum necessitatibus distinctio et doloremque quia commodi modi.','2018-08-01 17:41:50','2018-09-19 15:14:39','2018-09-19 15:14:39',NULL),(7,10,5,'Perferendis enim id beatae consequuntur provident beatae culpa consequatur. Ducimus dignissimos est consequatur accusantium excepturi. Qui at et inventore voluptas.','2018-08-13 08:44:32','2018-09-19 15:14:39','2018-09-19 15:14:39',NULL),(8,4,5,'Molestias nam maxime qui dolorem quam cumque eius voluptatem. Ex occaecati dolorem ab. Eius quia iusto odio in. Reiciendis modi magni perferendis iure suscipit labore.','2018-09-15 05:09:02','2018-09-19 15:14:39','2018-09-19 15:14:39',NULL),(9,2,3,'Necessitatibus aut totam sit consectetur omnis. Nobis qui recusandae tempore molestias expedita fugit delectus. Delectus laudantium sed iure quia illo neque omnis. Numquam nostrum officiis dolor.','2018-08-09 01:44:44','2018-09-19 15:14:39','2018-09-19 15:14:39',NULL),(10,11,3,'Aut temporibus dolorem occaecati consectetur eos expedita tempora. Molestias quod error repellendus voluptatum. Totam esse temporibus et et veritatis. Placeat et similique delectus nobis dolore accusamus qui.','2018-06-18 02:17:15','2018-09-19 15:14:39','2018-09-19 15:14:39',NULL),(11,17,6,'Quod consequatur est commodi qui voluptate quia. Ut enim rem provident voluptas harum totam. Nihil mollitia consequatur et at magni nihil aut. Totam cupiditate odio asperiores perspiciatis.','2018-08-09 04:05:19','2018-09-19 15:14:39','2018-09-19 15:14:39',NULL),(12,18,3,'Ipsam similique quaerat commodi perspiciatis et placeat autem. Maiores et et ut beatae rerum assumenda et. Sed ipsa nam minus qui recusandae nam.','2018-07-12 16:15:25','2018-09-19 15:14:39','2018-09-19 15:14:39',NULL),(13,6,2,'Temporibus optio nisi sequi et eaque esse officia fugit. Voluptatibus quam quaerat aut. Commodi nihil ut ratione ea aperiam quae nam. Repellat et nihil ipsum quis sed.','2018-08-10 16:05:52','2018-09-19 15:14:39','2018-09-19 15:14:39',NULL),(14,12,6,'Optio quos quia molestiae dignissimos enim maxime tempore. Dolorem vel in placeat error dolor assumenda. Aperiam sequi praesentium illo aut quod exercitationem.','2018-06-14 13:15:42','2018-09-19 15:14:39','2018-09-19 15:14:39',NULL),(15,9,4,'Autem voluptatem placeat sunt explicabo est et. Aut distinctio deleniti qui quisquam facere. Quia et et blanditiis in vel neque dicta.','2018-08-30 17:19:36','2018-09-19 15:14:39','2018-09-19 15:14:39',NULL),(16,1,3,'Accusamus distinctio quo aut aut et molestias. Et facilis est ut qui fugit sed saepe. Nobis ut cupiditate nemo rem repellat voluptas.','2018-07-06 08:31:18','2018-09-19 15:14:39','2018-09-19 15:14:39',NULL),(17,7,6,'Sint provident magni eius nulla distinctio qui quia. Et magnam qui officia. Ea expedita ratione et.','2018-06-21 21:17:14','2018-09-19 15:14:39','2018-09-19 15:14:39',NULL),(18,3,4,'Cum et molestiae laborum sequi laborum distinctio suscipit. Atque tempora assumenda soluta aut.','2018-06-18 09:23:56','2018-09-19 15:14:39','2018-09-19 15:14:39',NULL),(19,12,5,'Labore libero repudiandae non. Autem unde est eaque et. Modi incidunt exercitationem et reiciendis vel facilis sed. Quo est laboriosam beatae et. Quis illum molestiae rerum omnis exercitationem velit repellat.','2018-09-13 02:54:51','2018-09-19 15:14:39','2018-09-19 15:14:39',NULL),(20,17,6,'Ut molestiae sit nihil nobis non. Possimus itaque et vel qui eos corrupti. Deserunt sunt hic architecto id officiis odio perferendis. Quia qui dolore natus quidem enim voluptatum. Vitae nihil aperiam saepe nihil sit labore rem.','2018-08-09 04:51:05','2018-09-19 15:14:39','2018-09-19 15:14:39',NULL),(21,7,5,'Libero veritatis rerum ad incidunt voluptatem facere maiores. Et at debitis reprehenderit sequi occaecati rerum. Mollitia occaecati et quod deserunt dignissimos repudiandae eos. Dolores debitis ut sint est quo.','2018-06-26 23:08:58','2018-09-19 15:14:39','2018-09-19 15:14:39',NULL),(22,3,3,'Sint est quo eveniet quisquam iste dolorem. Praesentium autem qui sed sed cupiditate. Dolores veritatis illo eveniet est non qui. Repellendus natus omnis assumenda eaque vel modi nisi.','2018-06-27 10:03:17','2018-09-19 15:14:39','2018-09-19 15:14:39',NULL),(23,6,2,'Id quidem commodi ullam aut. Praesentium et sunt magnam soluta laudantium neque. Sunt omnis deleniti error omnis voluptates ea. Dolores ut tempore modi molestiae aperiam repudiandae mollitia.','2018-08-17 07:55:33','2018-09-19 15:14:39','2018-09-19 15:14:39',NULL),(24,15,6,'Ea nihil dolorem veritatis neque. Eos ipsa aut aliquid quasi sit ipsa. Id ea quae sed atque occaecati error alias labore. A qui omnis doloribus pariatur sint.','2018-08-31 17:59:47','2018-09-19 15:14:39','2018-09-19 15:14:39',NULL),(25,19,2,'Et numquam aspernatur alias odio magni. Voluptatum asperiores optio adipisci corporis qui. Molestiae corporis placeat adipisci quibusdam reprehenderit omnis.','2018-07-31 22:50:18','2018-09-19 15:14:39','2018-09-19 15:14:39',NULL),(26,4,5,'Minima quos est cumque facere numquam eius numquam nemo. Dolores est dolores neque facere fugit sint consequatur et. Mollitia quos id quo.','2018-09-03 13:38:21','2018-09-19 15:14:39','2018-09-19 15:14:39',NULL),(27,8,5,'Provident neque est inventore minima laboriosam quia possimus. Veritatis molestiae dolorem assumenda necessitatibus blanditiis veniam voluptatem enim. Magni quia maiores reiciendis autem inventore. Animi ea nihil est sed rerum perferendis.','2018-08-30 02:58:13','2018-09-19 15:14:39','2018-09-19 15:14:39',NULL),(28,12,2,'Eos odit est dolorem facere et a. Ut quibusdam sit enim. Quibusdam rerum vero eos atque voluptatem debitis ut autem. Perspiciatis aliquam repellat quia sequi et nihil beatae. Et dolores et dicta sunt accusamus et occaecati.','2018-08-10 20:40:45','2018-09-19 15:14:39','2018-09-19 15:14:39',NULL),(29,16,4,'Aut repellendus est voluptas sapiente autem non ut. Voluptatibus atque dolore saepe impedit eius ut. Quisquam at qui incidunt molestias maxime adipisci. Saepe esse ipsum sed aperiam rerum. Animi necessitatibus necessitatibus facilis quam aut.','2018-07-12 17:40:50','2018-09-19 15:14:39','2018-09-19 15:14:39',NULL),(30,5,6,'Neque molestiae iste dolorum velit ipsam beatae quia reprehenderit. Nulla consequatur occaecati sit dolores et est quia ex. Et explicabo libero placeat ex aperiam ea.','2018-09-10 08:10:06','2018-09-19 15:14:39','2018-09-19 15:14:39',NULL),(31,3,4,'Nihil ipsum velit labore sit tenetur totam ad ut. Corporis veniam minima a numquam. Repellat ea atque veniam pariatur quos nulla ipsa dolorem. Eum eum necessitatibus et aut explicabo voluptatem.','2018-08-01 19:12:18','2018-09-19 15:14:39','2018-09-19 15:14:39',NULL),(32,6,5,'Perspiciatis optio neque dolor. Rem aut blanditiis rerum placeat enim. Facere dolor optio voluptates qui nam et repellendus. Perferendis qui aut voluptas sunt voluptatum qui neque. Qui cum maiores voluptate aperiam.','2018-08-02 08:47:46','2018-09-19 15:14:39','2018-09-19 15:14:39',NULL),(33,1,6,'Est aut placeat odio optio itaque qui vel. Quasi autem molestias quis odit. Aliquid veritatis est fuga cumque unde.','2018-07-27 21:26:56','2018-09-19 15:14:39','2018-09-19 15:14:39',NULL),(34,8,5,'Et veniam est reiciendis quibusdam. Omnis labore molestiae consequuntur explicabo sint.','2018-09-08 14:28:28','2018-09-19 15:14:39','2018-09-19 15:14:39',NULL),(35,1,4,'Voluptatem quia hic sit qui rem. Eos necessitatibus omnis ullam maxime hic et fuga. Est id dolor aliquid officia perspiciatis autem.','2018-07-15 02:24:05','2018-09-19 15:14:39','2018-09-19 15:14:39',NULL),(36,3,4,'Sit sed et pariatur et sapiente beatae ut. Est quo et culpa minus. Harum reprehenderit qui voluptates voluptatibus numquam dolores suscipit molestiae.','2018-07-03 15:43:56','2018-09-19 15:14:39','2018-09-19 15:14:39',NULL),(37,3,4,'Voluptate aut ullam tempore aspernatur sit eius est. Asperiores laborum eum consequatur corrupti tempora ut iure.','2018-08-10 03:37:51','2018-09-19 15:14:39','2018-09-19 15:14:39',NULL),(38,1,6,'Ut debitis ut explicabo id enim ab iste. Quia fuga ducimus tempore necessitatibus enim. Et aut laborum eligendi id.','2018-09-09 04:14:04','2018-09-19 15:14:39','2018-09-19 15:14:39',NULL),(39,8,5,'Voluptate quisquam molestiae incidunt a aut tempore eos. Libero ducimus accusamus id molestias labore provident error consequatur. Et vel assumenda quos excepturi ipsam est magni.','2018-06-21 18:33:40','2018-09-19 15:14:39','2018-09-19 15:14:39',NULL),(40,5,6,'Praesentium id porro tempora iste id. Voluptatem rerum optio sint voluptatem libero dolore. At modi assumenda et tempore ex. Vel quasi facilis eveniet repellat facere cupiditate sed rem.','2018-06-11 15:32:05','2018-09-19 15:14:39','2018-09-19 15:14:39',NULL),(41,2,4,'Et in dolorem quidem. Enim aspernatur sed est voluptatem officia. Velit laboriosam ut eum nulla ea ut error. Eos blanditiis animi provident omnis et quidem.','2018-08-30 16:49:00','2018-09-19 15:14:39','2018-09-19 15:14:39',NULL),(42,16,5,'Laboriosam dignissimos est enim tenetur asperiores dolores laborum. Quis sit eveniet accusamus dolor.','2018-08-17 09:42:48','2018-09-19 15:14:39','2018-09-19 15:14:39',NULL),(43,3,3,'Blanditiis sit vero quo. Quo laudantium necessitatibus et pariatur nesciunt ut tempora. Hic velit rerum quis accusamus sed. Culpa voluptatum est non architecto blanditiis temporibus quibusdam. Eveniet architecto esse iusto vero praesentium quam.','2018-07-24 07:59:19','2018-09-19 15:14:39','2018-09-19 15:14:39',NULL),(44,17,5,'Quae debitis ut quia eum tempore in dignissimos. Nam aut explicabo nam fuga deserunt error. Error maxime soluta modi eveniet. Quis enim laudantium adipisci explicabo molestias provident.','2018-08-29 05:55:59','2018-09-19 15:14:39','2018-09-19 15:14:39',NULL),(45,14,3,'Voluptas cupiditate voluptas sit sit incidunt aliquid libero. Temporibus ut ad sint pariatur eos. Sint sunt et aspernatur sapiente necessitatibus blanditiis tempora laborum. Impedit eaque aliquam ea adipisci animi. Possimus quidem provident qui magnam.','2018-07-05 04:13:57','2018-09-19 15:14:39','2018-09-19 15:14:39',NULL),(46,1,2,'Doloremque ratione quisquam ducimus velit eligendi delectus possimus. Doloribus molestias sit exercitationem consequuntur amet quia molestiae ad. Facere aut et voluptatem esse. Soluta ab voluptatem odio dicta vel.','2018-06-28 14:06:47','2018-09-19 15:14:39','2018-09-19 15:14:39',NULL),(47,19,4,'Harum consequatur autem quia adipisci rem dolores et ut. In fugit doloribus numquam amet dolor temporibus. Ducimus ipsam quo cum corrupti rerum consequatur ea. Et voluptatibus aut voluptatem et.','2018-07-30 19:23:05','2018-09-19 15:14:39','2018-09-19 15:14:39',NULL),(48,18,6,'Saepe in tempore labore quia. Culpa cupiditate temporibus nulla similique fugit omnis sed. Ut deserunt magni ducimus voluptate quidem eaque ut.','2018-07-18 08:30:32','2018-09-19 15:14:39','2018-09-19 15:14:39',NULL),(49,4,6,'Rerum ipsa culpa voluptatem eos velit. Adipisci amet consequatur dolorum voluptatem consequatur. Perferendis provident dicta sed esse.','2018-07-20 22:32:56','2018-09-19 15:14:39','2018-09-19 15:14:39',NULL),(50,1,6,'Vel voluptas non voluptas iure et. Quidem dicta fugit similique voluptatem ratione. Rerum temporibus voluptas maxime vel non ea.','2018-09-14 16:00:42','2018-09-19 15:14:39','2018-09-19 15:14:39',NULL),(51,1,3,'Et recusandae exercitationem velit est ipsa sit tempore. Atque natus aut est nesciunt. Aspernatur repellendus pariatur modi.','2018-08-31 14:43:16','2018-09-19 15:14:39','2018-09-19 15:14:39',NULL),(52,20,5,'Quia sequi nostrum soluta odio ratione. Omnis quia dolorem laborum sed officia.','2018-07-13 09:45:52','2018-09-19 15:14:39','2018-09-19 15:14:39',NULL),(53,19,4,'Voluptate ad facilis error consequatur dolore deserunt dignissimos aliquam. Ipsam omnis eos molestias autem non sunt. Aut placeat nisi reiciendis nihil eos voluptate dolorem qui. Perspiciatis voluptatem consequuntur corporis ea.','2018-07-09 10:06:14','2018-09-19 15:14:39','2018-09-19 15:14:39',NULL),(54,3,5,'Quia sapiente eum molestiae optio doloribus magni est. Dolores et magni voluptatem. Qui repellat officia ratione voluptatem similique qui. Itaque rerum aut quibusdam consectetur quas eius sint deserunt.','2018-08-13 02:09:49','2018-09-19 15:14:39','2018-09-19 15:14:39',NULL),(55,10,4,'Consequatur eum enim nihil laborum. Consectetur voluptatem architecto voluptatem qui occaecati. Sed voluptates et libero voluptates. Autem aut tempore vitae unde doloremque fugiat et.','2018-08-23 05:11:30','2018-09-19 15:14:39','2018-09-19 15:14:39',NULL),(56,7,5,'Consequatur impedit magnam quaerat sint nihil rerum in. Commodi modi optio qui. Nisi est similique nulla et possimus deserunt omnis.','2018-06-25 21:28:51','2018-09-19 15:14:39','2018-09-19 15:14:39',NULL),(57,18,4,'Quia eius deserunt eius voluptas est quod vero. Omnis sunt recusandae dolorem non. Est vel inventore asperiores fugiat dicta laudantium voluptas fuga. Molestiae et minima a cum ut et eius. Et vel a nesciunt dolores officia ut vel.','2018-08-12 03:15:51','2018-09-19 15:14:39','2018-09-19 15:14:39',NULL),(58,6,5,'Error minus qui neque repudiandae quae non ad. Maiores exercitationem voluptatem sunt pariatur nulla et dolor. Soluta molestias autem sed et.','2018-07-16 15:09:32','2018-09-19 15:14:39','2018-09-19 15:14:39',NULL),(59,8,4,'Voluptatibus ipsa ipsum omnis consequatur. Cupiditate quisquam corporis laboriosam repudiandae itaque. Alias sint et dolorem doloribus occaecati commodi quisquam.','2018-09-05 17:28:10','2018-09-19 15:14:39','2018-09-19 15:14:39',NULL),(60,16,5,'Aliquid beatae nihil neque eum. Tenetur expedita nam sint pariatur in eaque voluptas. Ea delectus doloribus perspiciatis. Dolor ut veniam est repudiandae quis.','2018-07-27 08:41:54','2018-09-19 15:14:39','2018-09-19 15:14:39',NULL),(61,1,2,'Illum velit laborum suscipit voluptatem fugit qui molestiae. Sint eaque odio qui corrupti odit doloribus quia. Doloribus quis expedita incidunt velit porro beatae. Et autem perspiciatis sunt sit.','2018-08-28 14:38:44','2018-09-19 15:14:39','2018-09-19 15:14:39',NULL),(62,14,6,'Et qui nobis asperiores corporis aperiam sit beatae et. Distinctio odit quo et omnis est eaque dolorem.','2018-07-23 09:43:11','2018-09-19 15:14:39','2018-09-19 15:14:39',NULL),(63,2,4,'Ad voluptatem illum eum eligendi reprehenderit. Quas non et fugiat animi quibusdam labore. Maxime modi minus architecto deserunt qui sit. Inventore ipsum error occaecati enim aperiam. Eaque id sit est molestiae placeat.','2018-07-27 12:13:41','2018-09-19 15:14:39','2018-09-19 15:14:39',NULL),(64,12,4,'Molestias incidunt nulla aperiam officia eaque error cumque. Velit ab qui minus ut sint esse autem. Mollitia perferendis dicta esse porro aut suscipit et et.','2018-08-09 11:14:57','2018-09-19 15:14:39','2018-09-19 15:14:39',NULL),(65,4,2,'Optio eveniet id laborum sed nesciunt quisquam nihil. Eaque nostrum facere atque ipsam et. Amet distinctio molestiae non unde sequi.','2018-07-10 02:04:29','2018-09-19 15:14:39','2018-09-19 15:14:39',NULL),(66,9,3,'Aliquid accusamus praesentium ratione nihil consequuntur sunt. Exercitationem voluptas est quo necessitatibus accusamus quae sit. Impedit et voluptas et et. Iure assumenda nemo vel vel.','2018-06-28 16:00:49','2018-09-19 15:14:39','2018-09-19 15:14:39',NULL),(67,18,2,'Doloremque repellat impedit aut aliquam nisi quia nulla. Inventore impedit tempora non eos mollitia fugit. Provident non et necessitatibus sit repudiandae dolorum magnam. Sunt eaque et asperiores animi voluptatem in ut dolores.','2018-09-02 15:06:15','2018-09-19 15:14:39','2018-09-19 15:14:39',NULL),(68,14,2,'Eum quae vitae harum quod rerum quis dolor. Numquam sit iste hic eos laborum soluta sit. Et quas nihil quam id autem explicabo hic. Consectetur eaque aut quasi sit nam qui.','2018-07-04 19:57:08','2018-09-19 15:14:39','2018-09-19 15:14:39',NULL),(69,6,4,'Minima corporis aut sequi qui. Quo sed provident aperiam vel impedit quos. Nesciunt odit esse repellat aliquid animi. Quia error libero nostrum quas illum quia.','2018-08-04 09:35:37','2018-09-19 15:14:39','2018-09-19 15:14:39',NULL),(70,18,3,'Quam architecto et aut. Nam exercitationem aut quaerat explicabo labore quam ea.','2018-07-20 13:49:31','2018-09-19 15:14:39','2018-09-19 15:14:39',NULL),(71,13,5,'Ullam velit voluptates iusto distinctio ut reprehenderit. Impedit esse suscipit odio voluptas autem qui impedit. Dolor vitae illo minima.','2018-08-05 04:59:43','2018-09-19 15:14:39','2018-09-19 15:14:39',NULL),(72,16,4,'Voluptas consequatur commodi odit qui doloribus. Aut et veritatis esse dolorem. Sunt vel minus accusamus laudantium possimus laboriosam.','2018-09-11 05:05:16','2018-09-19 15:14:39','2018-09-19 15:14:39',NULL),(73,2,3,'Dolores beatae est eos. Fugit et sit numquam voluptatibus. Aut ipsa occaecati similique consequuntur voluptatum expedita. Facilis repellendus iste est fugiat ab accusamus nam.','2018-08-03 22:04:20','2018-09-19 15:14:39','2018-09-19 15:14:39',NULL),(74,11,3,'Omnis accusamus optio enim in. Asperiores ad officia quo quis voluptatem cum dicta. Totam nam dicta vel quasi molestiae consequatur.','2018-08-07 03:04:48','2018-09-19 15:14:39','2018-09-19 15:14:39',NULL),(75,12,4,'Quia velit quo impedit est. Praesentium sit quis dolorem. Voluptatum ut rerum excepturi a repellendus ex et praesentium. Eum sint dolorem in.','2018-06-12 07:59:45','2018-09-19 15:14:39','2018-09-19 15:14:39',NULL),(76,12,5,'Qui voluptas quisquam et ut dolorem iure. Non consequatur cumque voluptatibus repellendus eligendi inventore laudantium ut. Et numquam dolores ea nobis quo corrupti iste. Aperiam rem tenetur consequuntur sit tempora.','2018-09-11 04:47:34','2018-09-19 15:14:39','2018-09-19 15:14:39',NULL),(77,8,5,'Aperiam provident quae quia ex. Eum consequatur cum quod dolor dolores voluptatum esse. Et molestias veritatis iusto quia delectus consectetur.','2018-07-05 03:21:41','2018-09-19 15:14:39','2018-09-19 15:14:39',NULL),(78,1,5,'At quam officia mollitia eum consequatur corporis voluptates voluptate. Doloremque quis vel unde eveniet debitis dolores iusto quidem. Eligendi rerum ad eligendi omnis alias qui nisi sint. Dolorem neque officiis impedit eveniet.','2018-08-12 11:35:17','2018-09-19 15:14:39','2018-09-19 15:14:39',NULL),(79,14,6,'Eius quo similique nihil illo unde soluta molestiae. Et laboriosam sunt qui et et tenetur. Nihil et reiciendis voluptatum accusamus rem aut.','2018-08-05 03:46:00','2018-09-19 15:14:39','2018-09-19 15:14:39',NULL),(80,17,3,'Aliquam et sunt ut qui quae et. Animi quis dolores tenetur. Sunt ut molestias quisquam vel molestiae nostrum. Qui harum et vero numquam. Nulla eius eum dolorum quaerat omnis.','2018-07-10 20:38:26','2018-09-19 15:14:39','2018-09-19 15:14:39',NULL),(81,6,3,'Doloremque quae voluptatem est beatae ipsum hic. Enim et dolor id tempora quas modi fugit. Illo provident aliquid repellendus fuga aspernatur cupiditate. Deserunt est repellendus repellat rerum.','2018-07-04 17:48:04','2018-09-19 15:14:39','2018-09-19 15:14:39',NULL),(82,12,4,'Earum placeat facilis sunt quos aliquid. Voluptatem repellendus blanditiis ea atque. Tempore doloremque ullam labore dignissimos quaerat molestiae. Commodi fugit qui iste ab non dolorem et.','2018-08-05 15:32:37','2018-09-19 15:14:39','2018-09-19 15:14:39',NULL),(83,18,3,'Quisquam corporis perspiciatis aliquam quibusdam. Molestiae sit quis autem sequi debitis dolor error nobis. Porro maiores quidem dolor et explicabo. Sunt voluptatum sed excepturi accusamus.','2018-09-15 13:35:07','2018-09-19 15:14:39','2018-09-19 15:14:39',NULL),(84,14,4,'Deserunt perferendis odit eligendi repellat praesentium rerum est et. Temporibus consequuntur nulla assumenda aut laboriosam. Corporis in amet ut labore.','2018-06-17 14:53:29','2018-09-19 15:14:39','2018-09-19 15:14:39',NULL),(85,12,2,'Quia nihil officia vero accusantium maxime nesciunt. Itaque libero maxime sit minus omnis non eligendi. Sed facere qui quas est molestiae nulla non.','2018-07-09 05:05:58','2018-09-19 15:14:39','2018-09-19 15:14:39',NULL),(86,11,3,'Tenetur consequuntur laborum temporibus natus est. Omnis sint explicabo exercitationem porro sunt repudiandae. Quisquam ipsa veritatis nam sequi accusantium. Modi consectetur est accusantium assumenda. Nihil provident ratione quia dolores quisquam rerum et.','2018-08-04 03:33:42','2018-09-19 15:14:39','2018-09-19 15:14:39',NULL),(87,3,6,'At minus veniam magnam qui mollitia a aut. Consequatur ducimus corporis excepturi eos ut harum et. Quas odio aut fugiat odio aut consequuntur. Praesentium incidunt ipsam quae voluptatem mollitia voluptas architecto ipsa.','2018-06-20 03:27:00','2018-09-19 15:14:39','2018-09-19 15:14:39',NULL),(88,3,6,'Voluptatibus consequatur rerum vitae consectetur vero enim inventore sed. Natus enim quis nemo aut voluptatem. Fugiat iure facere labore ducimus et ut dolorum velit.','2018-07-30 00:56:13','2018-09-19 15:14:39','2018-09-19 15:14:39',NULL),(89,7,5,'Nihil quibusdam molestias nisi voluptas neque qui alias. Exercitationem excepturi numquam tempora modi sed placeat. Ut ullam velit rem eum eum eum. Eaque ipsa dolorum reiciendis dolore quo.','2018-07-11 22:32:38','2018-09-19 15:14:39','2018-09-19 15:14:39',NULL),(90,7,2,'Fuga ab quo temporibus rerum. Non nisi fuga quia deleniti unde minima. Tempora doloremque nihil quia cum occaecati.','2018-09-11 01:18:26','2018-09-19 15:14:39','2018-09-19 15:14:39',NULL),(91,3,5,'Iste fugit explicabo alias accusamus. Ratione est perferendis provident provident. Sit eligendi voluptatem quia. Delectus possimus harum ullam laudantium tenetur blanditiis.','2018-07-25 00:25:26','2018-09-19 15:14:39','2018-09-19 15:14:39',NULL),(92,19,6,'Laboriosam a laboriosam beatae enim. Quaerat eligendi laudantium similique aut quia vel repudiandae. Deserunt cumque quisquam reprehenderit dignissimos maxime et placeat. Nostrum sint quo nesciunt exercitationem vel et.','2018-06-30 09:19:13','2018-09-19 15:14:39','2018-09-19 15:14:39',NULL),(93,11,2,'Non omnis enim impedit aliquam cupiditate. Facilis quo minus dolor. Soluta mollitia corrupti magnam odit adipisci. Consequatur perferendis voluptas corporis recusandae repudiandae.','2018-09-14 20:23:34','2018-09-19 15:14:39','2018-09-19 15:14:39',NULL),(94,6,6,'Quisquam porro nam excepturi odit eius voluptatum officia. Eligendi totam temporibus tempora et facilis dignissimos minima. Odit modi possimus eveniet ipsam culpa.','2018-07-31 15:45:10','2018-09-19 15:14:39','2018-09-19 15:14:39',NULL),(95,12,3,'Ipsam esse soluta dolore magni. Illum ex eveniet enim quidem amet voluptatem perspiciatis consequatur.','2018-09-10 03:38:21','2018-09-19 15:14:39','2018-09-19 15:14:39',NULL),(96,10,5,'Dolores velit repellendus blanditiis perferendis officia quisquam. Sunt blanditiis maiores et aliquam nihil enim atque voluptas. Eaque modi natus hic aliquid corporis est.','2018-09-08 16:30:12','2018-09-19 15:14:39','2018-09-19 15:14:39',NULL),(97,8,4,'Aut ut et sunt consectetur. Distinctio aliquid voluptatibus commodi vero sint dolores numquam. Labore quae earum nihil recusandae. Voluptatem similique id magnam.','2018-06-12 17:28:58','2018-09-19 15:14:39','2018-09-19 15:14:39',NULL),(98,20,4,'Maxime dignissimos voluptatem accusantium illum perferendis suscipit totam. Suscipit dolore ut eos voluptatem reiciendis soluta. Tempore maiores eius voluptatem ut aspernatur.','2018-07-23 04:55:31','2018-09-19 15:14:39','2018-09-19 15:14:39',NULL),(99,16,4,'Asperiores quisquam nobis animi consequatur eligendi laudantium voluptatem. Aut et vel fugiat fuga. In rerum maxime consequuntur iusto ipsa. Harum nemo laborum cupiditate sint.','2018-08-19 23:46:49','2018-09-19 15:14:39','2018-09-19 15:14:39',NULL),(100,13,5,'Vel tempore et eius fugit nihil sunt sequi sed. Quibusdam sequi voluptate ea. Incidunt aspernatur impedit nisi odit nisi officia. Reiciendis aperiam est nobis ipsa rerum magnam nobis.','2018-08-28 01:28:47','2018-09-19 15:14:39','2018-09-19 15:14:39',NULL);
/*!40000 ALTER TABLE `project_comments` ENABLE KEYS */;
UNLOCK TABLES;

--
-- Table structure for table `project_tags`
--

DROP TABLE IF EXISTS `project_tags`;
/*!40101 SET @saved_cs_client     = @@character_set_client */;
/*!40101 SET character_set_client = utf8 */;
CREATE TABLE `project_tags` (
  `project_id` int(11) NOT NULL,
  `tag_id` int(11) NOT NULL,
  PRIMARY KEY (`project_id`,`tag_id`),
  KEY `IDX_562D5C3E166D1F9C` (`project_id`),
  KEY `IDX_562D5C3EBAD26311` (`tag_id`),
  CONSTRAINT `FK_562D5C3E166D1F9C` FOREIGN KEY (`project_id`) REFERENCES `projects` (`id`) ON DELETE CASCADE,
  CONSTRAINT `FK_562D5C3EBAD26311` FOREIGN KEY (`tag_id`) REFERENCES `tags` (`id`) ON DELETE CASCADE
) ENGINE=InnoDB DEFAULT CHARSET=utf8 COLLATE=utf8_unicode_ci;
/*!40101 SET character_set_client = @saved_cs_client */;

--
-- Dumping data for table `project_tags`
--

LOCK TABLES `project_tags` WRITE;
/*!40000 ALTER TABLE `project_tags` DISABLE KEYS */;
/*!40000 ALTER TABLE `project_tags` ENABLE KEYS */;
UNLOCK TABLES;

--
-- Table structure for table `projects`
--

DROP TABLE IF EXISTS `projects`;
/*!40101 SET @saved_cs_client     = @@character_set_client */;
/*!40101 SET character_set_client = utf8 */;
CREATE TABLE `projects` (
  `id` int(11) NOT NULL AUTO_INCREMENT,
  `customer_id` int(11) DEFAULT NULL,
  `rate_group_id` int(11) DEFAULT NULL,
  `project_category_id` int(11) DEFAULT NULL,
  `accountant_id` int(11) DEFAULT NULL,
  `user_id` int(11) DEFAULT NULL,
  `name` varchar(255) COLLATE utf8_unicode_ci NOT NULL,
  `alias` varchar(30) COLLATE utf8_unicode_ci NOT NULL,
  `started_at` datetime DEFAULT NULL,
  `stopped_at` datetime DEFAULT NULL,
  `deadline` datetime DEFAULT NULL,
  `description` longtext COLLATE utf8_unicode_ci,
  `budget_price` varchar(255) COLLATE utf8_unicode_ci DEFAULT NULL COMMENT '(DC2Type:money)',
  `fixed_price` varchar(255) COLLATE utf8_unicode_ci DEFAULT NULL COMMENT '(DC2Type:money)',
  `budget_time` int(11) DEFAULT NULL,
  `chargeable` tinyint(1) DEFAULT NULL,
  `created_at` datetime NOT NULL,
  `updated_at` datetime NOT NULL,
  `deleted_at` datetime DEFAULT NULL,
  `archived` tinyint(1) NOT NULL,
  PRIMARY KEY (`id`),
  KEY `IDX_5C93B3A49395C3F3` (`customer_id`),
  KEY `IDX_5C93B3A42983C9E6` (`rate_group_id`),
  KEY `IDX_5C93B3A4DA896A19` (`project_category_id`),
  KEY `IDX_5C93B3A49582AA74` (`accountant_id`),
  KEY `IDX_5C93B3A4A76ED395` (`user_id`),
  CONSTRAINT `FK_5C93B3A42983C9E6` FOREIGN KEY (`rate_group_id`) REFERENCES `rate_groups` (`id`) ON DELETE SET NULL,
  CONSTRAINT `FK_5C93B3A49395C3F3` FOREIGN KEY (`customer_id`) REFERENCES `customers` (`id`) ON DELETE SET NULL,
  CONSTRAINT `FK_5C93B3A49582AA74` FOREIGN KEY (`accountant_id`) REFERENCES `users` (`id`) ON DELETE SET NULL,
  CONSTRAINT `FK_5C93B3A4A76ED395` FOREIGN KEY (`user_id`) REFERENCES `users` (`id`) ON DELETE SET NULL,
  CONSTRAINT `FK_5C93B3A4DA896A19` FOREIGN KEY (`project_category_id`) REFERENCES `project_categories` (`id`) ON DELETE SET NULL
) ENGINE=InnoDB AUTO_INCREMENT=24 DEFAULT CHARSET=utf8 COLLATE=utf8_unicode_ci;
/*!40101 SET character_set_client = @saved_cs_client */;

--
-- Dumping data for table `projects`
--

LOCK TABLES `projects` WRITE;
/*!40000 ALTER TABLE `projects` DISABLE KEYS */;
INSERT INTO `projects` VALUES (1,1,1,1,7,2,'Büro','project-1','2017-07-30 09:41:46','2018-04-08 21:44:10',NULL,'Eine Beschreibung zum Büro Projekt',NULL,NULL,NULL,1,'2018-09-19 15:14:39','2018-09-19 15:14:39',NULL,0),(2,25,1,2,7,5,'Test Project 2','test-project-2','2017-03-06 08:52:24','2018-07-30 00:39:09','2018-08-20 14:01:33','Cum ducimus vitae quam omnis ea. Odio quis est officia voluptatibus corrupti commodi. Minima reprehenderit laborum cumque molestiae aut numquam. Aliquam est quod expedita laudantium qui ipsa ratione. Ut officia est rerum reprehenderit autem voluptatem.','CHF 9303200','CHF 9303200',NULL,1,'2018-09-19 15:14:39','2018-09-19 15:14:39',NULL,0),(3,19,2,9,18,4,'Test Project 3','test-project-3','2017-04-10 14:56:07','2018-04-26 08:21:13',NULL,'Quas quo totam quia doloremque numquam itaque. Voluptas quidem dolorum neque repudiandae. Non dolor voluptatibus nihil occaecati ut. Soluta sequi ut dignissimos omnis eveniet et nihil.','CHF 7734300','CHF 7734300',NULL,1,'2018-09-19 15:14:39','2018-09-19 15:14:39',NULL,0),(4,12,1,9,20,6,'Test Project 4','test-project-4','2017-05-12 04:00:16','2018-09-13 23:16:59',NULL,'Et doloremque quia commodi modi quia culpa. Autem quae perferendis enim id. Consequuntur provident beatae culpa consequatur aut ducimus dignissimos. Consequatur accusantium excepturi magni qui at et.','CHF 6237100','CHF 6237100',NULL,1,'2018-09-19 15:14:39','2018-09-19 15:14:39',NULL,0),(5,17,2,1,15,4,'Test Project 5','test-project-5','2016-10-23 23:09:58','2018-04-03 01:46:44',NULL,'Labore labore minus iste corrupti rerum. Aut totam sit consectetur omnis. Nobis qui recusandae tempore molestias expedita fugit delectus. Delectus laudantium sed iure quia illo neque omnis.','CHF 3631200','CHF 3631200',NULL,1,'2018-09-19 15:14:39','2018-09-19 15:14:39',NULL,0),(6,14,2,7,8,4,'Test Project 6','test-project-6','2016-12-04 09:28:23','2018-05-29 17:59:11','2018-08-08 04:13:23','Placeat et similique delectus nobis dolore accusamus qui. Et aliquam et at quod consequatur. Commodi qui voluptate quia rerum ut enim rem. Voluptas harum totam saepe.','CHF 2899400','CHF 2899400',NULL,1,'2018-09-19 15:14:39','2018-09-19 15:14:39',NULL,0),(7,10,1,10,7,4,'Test Project 7','test-project-7','2017-12-16 04:14:19','2018-05-02 11:04:07',NULL,'Qui recusandae nam quia non vitae eaque. Temporibus optio nisi sequi et eaque esse officia fugit. Voluptatibus quam quaerat aut.','CHF 2102000','CHF 2102000',NULL,1,'2018-09-19 15:14:39','2018-09-19 15:14:39',NULL,0),(8,11,1,6,24,2,'Test Project 8','test-project-8','2018-01-05 03:54:01','2018-03-30 02:50:03',NULL,'Illo aut quod exercitationem numquam quia. Aut hic autem voluptatem placeat. Explicabo est et modi aut. Deleniti qui quisquam facere esse quia et et.','CHF 9369500','CHF 9369500',NULL,1,'2018-09-19 15:14:39','2018-09-19 15:14:39',NULL,0),(9,3,1,7,25,5,'Test Project 9','test-project-9','2017-04-28 14:37:47','2018-07-11 12:05:26',NULL,'Provident magni eius nulla distinctio qui. Ut et magnam qui officia ea. Expedita ratione et sit reiciendis sunt molestias iure. Et molestiae laborum sequi laborum distinctio suscipit aut.','CHF 2996200','CHF 2996200',NULL,1,'2018-09-19 15:14:39','2018-09-19 15:14:39',NULL,0),(10,2,1,7,13,4,'Test Project 10','test-project-10','2018-02-17 10:46:35','2018-08-04 05:32:15',NULL,'Beatae et et quis illum molestiae. Omnis exercitationem velit repellat sit cum vitae sunt vel. Molestiae sit nihil nobis non.','CHF 79329800',NULL,334,0,'2018-09-19 15:14:39','2018-09-19 15:14:39',NULL,0),(11,25,1,7,15,5,'Test Project 11','test-project-11','2017-11-02 06:39:35','2018-03-31 20:43:53',NULL,'Facere maiores dolore et. Debitis reprehenderit sequi occaecati rerum occaecati mollitia occaecati et. Deserunt dignissimos repudiandae eos. Dolores debitis ut sint est quo.','CHF 28360300',NULL,843,1,'2018-09-19 15:14:39','2018-09-19 15:14:39',NULL,0),(12,9,2,5,24,2,'Test Project 12','test-project-12','2017-03-08 14:30:24','2018-05-29 14:13:19',NULL,'Cumque officia id quidem commodi ullam. Fuga praesentium et sunt magnam soluta. Neque id sunt omnis deleniti error. Voluptates ea in dolores ut tempore modi. Aperiam repudiandae mollitia molestiae voluptate cum dolorem reprehenderit.','CHF 18515900',NULL,940,1,'2018-09-19 15:14:39','2018-09-19 15:14:39',NULL,0),(13,23,2,4,16,5,'Test Project 13','test-project-13','2016-10-02 18:42:35','2018-06-20 22:24:40','2018-09-15 15:32:35','Odio magni est voluptatum. Optio adipisci corporis qui quis molestiae corporis. Adipisci quibusdam reprehenderit omnis voluptas. Ut et aut minima quos est cumque facere numquam.','CHF 15807000',NULL,432,1,'2018-09-19 15:14:39','2018-09-19 15:14:39',NULL,0),(14,21,2,7,24,4,'Test Project 14','test-project-14','2017-04-19 15:43:52','2018-06-08 13:14:40','2018-09-10 22:49:44','Reiciendis autem inventore harum animi ea nihil. Sed rerum perferendis aut saepe et nostrum consectetur. Odit est dolorem facere et. Recusandae ut quibusdam sit enim aspernatur.','CHF 54257400',NULL,863,1,'2018-09-19 15:14:39','2018-09-19 15:14:39',NULL,0),(15,22,2,7,23,5,'Test Project 15','test-project-15','2017-06-29 00:21:09','2018-09-07 09:44:26',NULL,'Ut alias quisquam at qui. Molestias maxime adipisci et saepe esse. Sed aperiam rerum nemo animi necessitatibus.','CHF 89397300',NULL,327,1,'2018-09-19 15:14:39','2018-09-19 15:14:39',NULL,0),(16,22,2,6,17,2,'Test Project 16','test-project-16','2017-09-12 09:15:14','2018-04-14 09:24:30','2018-09-03 10:32:07','Ipsum velit labore sit tenetur totam. Ut consequuntur corporis veniam minima a numquam sed repellat. Atque veniam pariatur quos nulla ipsa dolorem. Eum eum necessitatibus et aut explicabo voluptatem. Reiciendis voluptas inventore et perspiciatis.','CHF 65604800',NULL,953,1,'2018-09-19 15:14:39','2018-09-19 15:14:39',NULL,0),(17,10,1,5,23,2,'Test Project 17','test-project-17','2017-02-25 18:52:17','2018-07-14 23:59:39','2018-09-10 07:00:06','Quasi autem molestias quis odit. Aliquid veritatis est fuga cumque unde. Ipsam eum amet qui et veniam est. Quibusdam aut omnis labore molestiae consequuntur explicabo sint sequi.','CHF 69012200',NULL,883,1,'2018-09-19 15:14:39','2018-09-19 15:14:39',NULL,0),(18,21,2,7,9,6,'Test Project 18','test-project-18','2018-02-19 17:07:14','2018-05-12 13:32:02',NULL,'Est quo et culpa minus. Harum reprehenderit qui voluptates voluptatibus numquam dolores suscipit molestiae. Est saepe suscipit nulla voluptate aut. Tempore aspernatur sit eius est distinctio asperiores.','CHF 90811900',NULL,207,1,'2018-09-19 15:14:39','2018-09-19 15:14:39',NULL,0),(19,10,1,10,8,6,'Test Project 19','test-project-19','2017-12-05 00:01:20','2018-05-24 21:43:27',NULL,'Architecto eius voluptate quisquam molestiae incidunt a aut. Eos quam libero ducimus accusamus. Molestias labore provident error consequatur modi.','CHF 49896700',NULL,165,1,'2018-09-19 15:14:39','2018-09-19 15:14:39',NULL,0),(20,17,1,7,23,4,'Test Project 20','test-project-20','2018-02-12 22:31:40','2018-08-26 15:35:01',NULL,'Rem omnis consequatur ullam temporibus. Et in dolorem quidem. Enim aspernatur sed est voluptatem officia. Velit laboriosam ut eum nulla ea ut error. Eos blanditiis animi provident omnis et quidem.','CHF 72104700',NULL,757,1,'2018-09-19 15:14:39','2018-09-19 15:14:39',NULL,0),(21,20,2,3,12,2,'Test Project Move source','test-project-move-source','2016-09-28 09:06:04','2018-05-18 01:15:36',NULL,'Accusamus sed minus culpa voluptatum. Non architecto blanditiis temporibus quibusdam libero eveniet architecto. Iusto vero praesentium quam vitae aut. Est nam quae debitis ut quia eum.','CHF 29325900',NULL,813,1,'2018-09-19 15:14:39','2018-09-19 15:14:39',NULL,0),(22,14,2,5,25,4,'Test Project Move target','test-project-move-target','2017-07-16 10:16:10','2018-05-19 06:36:27','2018-08-11 09:31:21','Ad sint pariatur eos et sint. Et aspernatur sapiente necessitatibus blanditiis tempora. Impedit eaque aliquam ea adipisci animi. Possimus quidem provident qui magnam.','CHF 96747200',NULL,83,1,'2018-09-19 15:14:39','2018-09-19 15:14:39',NULL,0),(23,7,1,1,7,2,'Dime Ferien','dime-ferien','2017-07-24 20:37:18','2018-04-16 08:13:54','2018-08-09 00:18:04','Autem quia adipisci rem dolores et. Velit in fugit doloribus numquam amet dolor temporibus. Ducimus ipsam quo cum corrupti rerum consequatur ea. Et voluptatibus aut voluptatem et.','CHF 5287400',NULL,370,1,'2018-09-19 15:14:39','2018-09-19 15:14:39',NULL,0);
/*!40000 ALTER TABLE `projects` ENABLE KEYS */;
UNLOCK TABLES;

--
-- Table structure for table `rate_groups`
--

DROP TABLE IF EXISTS `rate_groups`;
/*!40101 SET @saved_cs_client     = @@character_set_client */;
/*!40101 SET character_set_client = utf8 */;
CREATE TABLE `rate_groups` (
  `id` int(11) NOT NULL AUTO_INCREMENT,
  `user_id` int(11) DEFAULT NULL,
  `description` longtext COLLATE utf8_unicode_ci,
  `name` varchar(255) COLLATE utf8_unicode_ci NOT NULL,
  `created_at` datetime NOT NULL,
  `updated_at` datetime NOT NULL,
  PRIMARY KEY (`id`),
  KEY `IDX_529A081BA76ED395` (`user_id`),
  CONSTRAINT `FK_529A081BA76ED395` FOREIGN KEY (`user_id`) REFERENCES `users` (`id`) ON DELETE SET NULL
) ENGINE=InnoDB AUTO_INCREMENT=3 DEFAULT CHARSET=utf8 COLLATE=utf8_unicode_ci;
/*!40101 SET character_set_client = @saved_cs_client */;

--
-- Dumping data for table `rate_groups`
--

LOCK TABLES `rate_groups` WRITE;
/*!40000 ALTER TABLE `rate_groups` DISABLE KEYS */;
INSERT INTO `rate_groups` VALUES (1,1,'Tarifgruppe für kantonale Einsätze','Kanton','2018-09-19 15:14:38','2018-09-19 15:14:38'),(2,5,'Tarifgruppe für die restlichen Einsätze','Gemeinde und Private','2018-09-19 15:14:38','2018-09-19 15:14:38');
/*!40000 ALTER TABLE `rate_groups` ENABLE KEYS */;
UNLOCK TABLES;

--
-- Table structure for table `rates`
--

DROP TABLE IF EXISTS `rates`;
/*!40101 SET @saved_cs_client     = @@character_set_client */;
/*!40101 SET character_set_client = utf8 */;
CREATE TABLE `rates` (
  `id` int(11) NOT NULL AUTO_INCREMENT,
  `rate_group_id` int(11) DEFAULT NULL,
  `service_id` int(11) DEFAULT NULL,
  `user_id` int(11) DEFAULT NULL,
  `rate_unit` longtext COLLATE utf8_unicode_ci,
  `rate_value` varchar(255) COLLATE utf8_unicode_ci DEFAULT NULL COMMENT '(DC2Type:money)',
  `created_at` datetime NOT NULL,
  `updated_at` datetime NOT NULL,
  `rateUnitType_id` varchar(255) COLLATE utf8_unicode_ci DEFAULT NULL,
  PRIMARY KEY (`id`),
  KEY `IDX_44D4AB3C2983C9E6` (`rate_group_id`),
  KEY `IDX_44D4AB3C2BE78CCE` (`rateUnitType_id`),
  KEY `IDX_44D4AB3CED5CA9E6` (`service_id`),
  KEY `IDX_44D4AB3CA76ED395` (`user_id`),
  CONSTRAINT `FK_44D4AB3C2983C9E6` FOREIGN KEY (`rate_group_id`) REFERENCES `rate_groups` (`id`) ON DELETE SET NULL,
  CONSTRAINT `FK_44D4AB3C2BE78CCE` FOREIGN KEY (`rateUnitType_id`) REFERENCES `rateunittypes` (`id`),
  CONSTRAINT `FK_44D4AB3CA76ED395` FOREIGN KEY (`user_id`) REFERENCES `users` (`id`) ON DELETE SET NULL,
  CONSTRAINT `FK_44D4AB3CED5CA9E6` FOREIGN KEY (`service_id`) REFERENCES `services` (`id`)
) ENGINE=InnoDB AUTO_INCREMENT=22 DEFAULT CHARSET=utf8 COLLATE=utf8_unicode_ci;
/*!40101 SET character_set_client = @saved_cs_client */;

--
-- Dumping data for table `rates`
--

LOCK TABLES `rates` WRITE;
/*!40000 ALTER TABLE `rates` DISABLE KEYS */;
INSERT INTO `rates` VALUES (1,1,1,2,'CHF/h','CHF 10000','2018-09-19 15:14:38','2018-09-19 15:14:38','h'),(2,1,16,6,'CHF/h','CHF 8100','2018-09-19 15:14:38','2018-09-19 15:14:38','h'),(3,2,21,2,'CHF/h','CHF 10300','2018-09-19 15:14:38','2018-09-19 15:14:38','h'),(4,1,20,5,'CHF/h','CHF 18000','2018-09-19 15:14:38','2018-09-19 15:14:38','h'),(5,2,18,3,'CHF/h','CHF 8100','2018-09-19 15:14:38','2018-09-19 15:14:38','h'),(6,1,21,2,'CHF/h','CHF 2800','2018-09-19 15:14:38','2018-09-19 15:14:38','h'),(7,1,40,5,'CHF/d','CHF 10800','2018-09-19 15:14:38','2018-09-19 15:14:38','t'),(8,2,40,4,'CHF/d','CHF 1500','2018-09-19 15:14:38','2018-09-19 15:14:38','t'),(9,1,41,2,'CHF/d','CHF 3100','2018-09-19 15:14:38','2018-09-19 15:14:38','t'),(10,1,41,3,'CHF/d','CHF 7600','2018-09-19 15:14:38','2018-09-19 15:14:38','t'),(11,1,39,3,'CHF/d','CHF 16900','2018-09-19 15:14:38','2018-09-19 15:14:38','t'),(12,2,61,5,'Einheit','CHF 18500','2018-09-19 15:14:38','2018-09-19 15:14:38','a'),(13,2,61,4,'Einheit','CHF 5500','2018-09-19 15:14:38','2018-09-19 15:14:38','a'),(14,2,54,6,'Km','CHF 13700','2018-09-19 15:14:38','2018-09-19 15:14:38','a'),(15,2,59,4,'Pauschal','CHF 18300','2018-09-19 15:14:38','2018-09-19 15:14:38','a'),(16,2,60,2,'Km','CHF 6000','2018-09-19 15:14:38','2018-09-19 15:14:38','a'),(17,1,79,3,'Pauschal','CHF 10700','2018-09-19 15:14:38','2018-09-19 15:14:38','a'),(18,1,81,3,'Pauschal','CHF 14500','2018-09-19 15:14:38','2018-09-19 15:14:38','a'),(19,2,81,3,'Pauschal','CHF 18300','2018-09-19 15:14:38','2018-09-19 15:14:38','a'),(20,1,73,4,'Pauschal','CHF 2700','2018-09-19 15:14:38','2018-09-19 15:14:38','a'),(21,1,80,6,'Pauschal','CHF 6700','2018-09-19 15:14:38','2018-09-19 15:14:38','a');
/*!40000 ALTER TABLE `rates` ENABLE KEYS */;
UNLOCK TABLES;

--
-- Table structure for table `rateunittypes`
--

DROP TABLE IF EXISTS `rateunittypes`;
/*!40101 SET @saved_cs_client     = @@character_set_client */;
/*!40101 SET character_set_client = utf8 */;
CREATE TABLE `rateunittypes` (
  `id` varchar(255) COLLATE utf8_unicode_ci NOT NULL,
  `user_id` int(11) DEFAULT NULL,
  `name` varchar(255) COLLATE utf8_unicode_ci DEFAULT NULL,
  `doTransform` tinyint(1) NOT NULL,
  `factor` decimal(10,3) DEFAULT NULL,
  `scale` int(11) NOT NULL,
  `roundMode` int(11) NOT NULL,
  `symbol` varchar(255) COLLATE utf8_unicode_ci DEFAULT NULL,
  `created_at` datetime NOT NULL,
  `updated_at` datetime NOT NULL,
  PRIMARY KEY (`id`),
  KEY `IDX_71C44DB0A76ED395` (`user_id`),
  CONSTRAINT `FK_71C44DB0A76ED395` FOREIGN KEY (`user_id`) REFERENCES `users` (`id`) ON DELETE SET NULL
) ENGINE=InnoDB DEFAULT CHARSET=utf8 COLLATE=utf8_unicode_ci;
/*!40101 SET character_set_client = @saved_cs_client */;

--
-- Dumping data for table `rateunittypes`
--

LOCK TABLES `rateunittypes` WRITE;
/*!40000 ALTER TABLE `rateunittypes` DISABLE KEYS */;
INSERT INTO `rateunittypes` VALUES ('a',3,'Anderes',0,1.000,3,1,'a','2018-09-19 15:14:38','2018-09-19 15:14:38'),('h',5,'Stunden',1,3600.000,2,1,'h','2018-09-19 15:14:38','2018-09-19 15:14:38'),('m',4,'Minuten',1,60.000,2,1,'m','2018-09-19 15:14:38','2018-09-19 15:14:38'),('t',2,'Tage',1,30240.000,2,1,'d','2018-09-19 15:14:38','2018-09-19 15:14:38'),('zt',6,'Zivitage',1,30240.000,2,1,'zt','2018-09-19 15:14:38','2018-09-19 15:14:38');
/*!40000 ALTER TABLE `rateunittypes` ENABLE KEYS */;
UNLOCK TABLES;

--
-- Table structure for table `service_tags`
--

DROP TABLE IF EXISTS `service_tags`;
/*!40101 SET @saved_cs_client     = @@character_set_client */;
/*!40101 SET character_set_client = utf8 */;
CREATE TABLE `service_tags` (
  `service_id` int(11) NOT NULL,
  `tag_id` int(11) NOT NULL,
  PRIMARY KEY (`service_id`,`tag_id`),
  KEY `IDX_A1FF20CAED5CA9E6` (`service_id`),
  KEY `IDX_A1FF20CABAD26311` (`tag_id`),
  CONSTRAINT `FK_A1FF20CABAD26311` FOREIGN KEY (`tag_id`) REFERENCES `tags` (`id`) ON DELETE CASCADE,
  CONSTRAINT `FK_A1FF20CAED5CA9E6` FOREIGN KEY (`service_id`) REFERENCES `services` (`id`) ON DELETE CASCADE
) ENGINE=InnoDB DEFAULT CHARSET=utf8 COLLATE=utf8_unicode_ci;
/*!40101 SET character_set_client = @saved_cs_client */;

--
-- Dumping data for table `service_tags`
--

LOCK TABLES `service_tags` WRITE;
/*!40000 ALTER TABLE `service_tags` DISABLE KEYS */;
/*!40000 ALTER TABLE `service_tags` ENABLE KEYS */;
UNLOCK TABLES;

--
-- Table structure for table `services`
--

DROP TABLE IF EXISTS `services`;
/*!40101 SET @saved_cs_client     = @@character_set_client */;
/*!40101 SET character_set_client = utf8 */;
CREATE TABLE `services` (
  `id` int(11) NOT NULL AUTO_INCREMENT,
  `user_id` int(11) DEFAULT NULL,
  `name` varchar(255) COLLATE utf8_unicode_ci DEFAULT NULL,
  `alias` varchar(30) COLLATE utf8_unicode_ci NOT NULL,
  `description` longtext COLLATE utf8_unicode_ci,
  `chargeable` tinyint(1) NOT NULL,
  `vat` decimal(10,4) DEFAULT NULL,
  `created_at` datetime NOT NULL,
  `updated_at` datetime NOT NULL,
  `deleted_at` datetime DEFAULT NULL,
  `archived` tinyint(1) NOT NULL,
  PRIMARY KEY (`id`),
  UNIQUE KEY `unique_service_alias_user` (`alias`,`user_id`),
  KEY `IDX_7332E169A76ED395` (`user_id`),
  CONSTRAINT `FK_7332E169A76ED395` FOREIGN KEY (`user_id`) REFERENCES `users` (`id`) ON DELETE SET NULL
) ENGINE=InnoDB AUTO_INCREMENT=82 DEFAULT CHARSET=utf8 COLLATE=utf8_unicode_ci;
/*!40101 SET character_set_client = @saved_cs_client */;

--
-- Dumping data for table `services`
--

LOCK TABLES `services` WRITE;
/*!40000 ALTER TABLE `services` DISABLE KEYS */;
INSERT INTO `services` VALUES (1,2,'consulting','consulting','This is a detailed description',1,0.0800,'2018-09-19 15:14:38','2018-09-19 15:14:38',NULL,0),(2,2,'voluptas','veritatis-molestias-est-in-sed','Cum ducimus vitae quam omnis ea. Odio quis est officia voluptatibus corrupti commodi. Minima reprehenderit laborum cumque molestiae aut numquam. Aliquam est quod expedita laudantium qui ipsa ratione. Ut officia est rerum reprehenderit autem voluptatem.',1,0.0800,'2018-09-19 15:14:38','2018-09-19 15:14:38',NULL,0),(3,5,'nihil','est-sit-suscipit-libero-nisi','Quo totam quia doloremque numquam itaque. Voluptas quidem dolorum neque repudiandae. Non dolor voluptatibus nihil occaecati ut. Soluta sequi ut dignissimos omnis eveniet et nihil.',1,0.0800,'2018-09-19 15:14:38','2018-09-19 15:14:38',NULL,0),(4,4,'ullam','repellat-qui-ipsum-sit-illum','Doloremque quia commodi modi quia culpa corrupti autem. Perferendis enim id beatae consequuntur provident beatae culpa consequatur. Ducimus dignissimos est consequatur accusantium excepturi. Qui at et inventore voluptas.',1,0.0250,'2018-09-19 15:14:38','2018-09-19 15:14:38',NULL,0),(5,4,'qui','tempore-molestias-expedita-fug','Quia illo neque omnis possimus numquam nostrum. Dolor mollitia repudiandae velit velit sit aut temporibus. Occaecati consectetur eos expedita tempora deserunt molestias quod. Repellendus voluptatum perferendis totam esse.',1,0.0800,'2018-09-19 15:14:38','2018-09-19 15:14:38',NULL,0),(6,3,'harum','saepe-nihil-mollitia-consequat','Odio asperiores perspiciatis saepe et natus optio qui. Similique quaerat commodi perspiciatis et placeat autem ratione. Et et ut beatae rerum.',1,0.0250,'2018-09-19 15:14:38','2018-09-19 15:14:38',NULL,0),(7,5,'nihil','ratione-ea-aperiam-quae-nam-id','Quis sed autem et velit dolores expedita optio quos. Molestiae dignissimos enim maxime tempore mollitia dolorem. In placeat error dolor assumenda enim aperiam sequi. Illo aut quod exercitationem numquam quia.',1,0.0250,'2018-09-19 15:14:38','2018-09-19 15:14:38',NULL,0),(8,5,'dicta','aut-culpa-illo-quisquam-accusa','Et molestias culpa et facilis est ut. Fugit sed saepe maxime nobis ut cupiditate. Rem repellat voluptas dignissimos molestiae neque culpa.',0,0.0800,'2018-09-19 15:14:38','2018-09-19 15:14:38',NULL,0),(9,6,'aut','accusantium-voluptatem-adipisc','Autem unde est eaque et. Modi incidunt exercitationem et reiciendis vel facilis sed. Quo est laboriosam beatae et.',1,0.0250,'2018-09-19 15:14:38','2018-09-19 15:14:38',NULL,0),(10,6,'qui','natus-quidem-enim-voluptatum-l','Sit labore rem voluptas quasi aut. Ea libero veritatis rerum ad incidunt voluptatem facere. Dolore et at debitis reprehenderit sequi occaecati rerum.',1,0.0800,'2018-09-19 15:14:38','2018-09-19 15:14:38',NULL,0),(11,5,'eveniet','non-qui-soluta-repellendus-nat','Fuga ipsum praesentium cumque officia id quidem commodi. Aut fuga praesentium et. Magnam soluta laudantium neque id sunt omnis. Error omnis voluptates ea in. Ut tempore modi molestiae aperiam.',1,0.0800,'2018-09-19 15:14:38','2018-09-19 15:14:38',NULL,0),(12,3,'error','labore-sit-a-qui-omnis-dolorib','Cum autem nesciunt et numquam aspernatur. Odio magni est voluptatum. Optio adipisci corporis qui quis molestiae corporis. Adipisci quibusdam reprehenderit omnis voluptas.',1,0.0800,'2018-09-19 15:14:38','2018-09-19 15:14:38',NULL,0),(13,6,'quia','sed-veritatis-molestiae-dolore','Magni quia maiores reiciendis autem inventore. Animi ea nihil est sed rerum perferendis. Saepe et nostrum consectetur eos odit est dolorem facere. A recusandae ut quibusdam sit enim. Quibusdam rerum vero eos atque voluptatem debitis ut autem.',1,0.0250,'2018-09-19 15:14:38','2018-09-19 15:14:38',NULL,0),(14,6,'non','fuga-voluptatibus-atque-dolore','Qui incidunt molestias maxime adipisci et saepe. Ipsum sed aperiam rerum. Animi necessitatibus necessitatibus facilis quam aut. Harum reiciendis magnam voluptatum neque.',1,0.0800,'2018-09-19 15:14:38','2018-09-19 15:14:38',NULL,0),(15,4,'consectetur','ipsum-velit-labore-sit-tenetur','Corporis veniam minima a numquam. Repellat ea atque veniam pariatur quos nulla ipsa dolorem. Eum eum necessitatibus et aut explicabo voluptatem.',1,0.0250,'2018-09-19 15:14:38','2018-09-19 15:14:38',NULL,0),(16,2,'voluptas','voluptatum-qui-neque-sequi','Voluptate aperiam et aut at natus voluptas est aut. Odio optio itaque qui vel qui quasi. Molestias quis odit sapiente aliquid veritatis est fuga.',1,0.0800,'2018-09-19 15:14:38','2018-09-19 15:14:38',NULL,0),(17,4,'quia','sit-qui-rem-enim-eos','Maxime hic et fuga expedita est id dolor. Officia perspiciatis autem et et et nihil officia. Sed et pariatur et sapiente beatae ut hic.',1,0.0250,'2018-09-19 15:14:38','2018-09-19 15:14:38',NULL,0),(18,5,'eius','distinctio-asperiores-laborum-','Iure eaque aliquam qui consequatur neque ut debitis. Explicabo id enim ab. Non quia fuga ducimus tempore necessitatibus. Placeat et aut laborum eligendi. Mollitia sit accusamus architecto eius.',0,0.0800,'2018-09-19 15:14:38','2018-09-19 15:14:38',NULL,0),(19,2,'iste','occaecati-voluptatem-rerum-opt','At modi assumenda et tempore ex. Vel quasi facilis eveniet repellat facere cupiditate sed rem.',1,0.0800,'2018-09-19 15:14:38','2018-09-19 15:14:38',NULL,0),(20,2,'velit','dignissimos-est-enim-tenetur','Commodi quis sit eveniet accusamus dolor. Voluptatum cum veniam tempora blanditiis sit vero quo. Quo laudantium necessitatibus et pariatur nesciunt ut tempora. Hic velit rerum quis accusamus sed.',1,0.0800,'2018-09-19 15:14:38','2018-09-19 15:14:38',NULL,0),(21,2,'consequatur','maxime-soluta-modi-eveniet-est','Molestias provident totam voluptatibus cumque. Fuga voluptas cupiditate voluptas sit sit incidunt aliquid libero. Temporibus ut ad sint pariatur eos. Sint sunt et aspernatur sapiente necessitatibus blanditiis tempora laborum.',1,0.0250,'2018-09-19 15:14:38','2018-09-19 15:14:38',NULL,0),(22,5,'exercitationem','amet-quia-molestiae-ad-est-fac','Esse et soluta ab voluptatem odio dicta. A vel totam minus rerum harum consequatur autem. Adipisci rem dolores et. Velit in fugit doloribus numquam amet dolor temporibus.',1,0.0800,'2018-09-19 15:14:38','2018-09-19 15:14:38',NULL,0),(23,3,'similique','omnis-sed-ullam-ut-deserunt-ma','Eaque ut distinctio quo. Est ratione rerum ipsa culpa voluptatem eos. Quia adipisci amet consequatur dolorum. Consequatur quasi perferendis provident dicta sed esse dolorum.',1,0.0250,'2018-09-19 15:14:38','2018-09-19 15:14:38',NULL,0),(24,6,'et','exercitationem-velit-est-ipsa-','Natus aut est nesciunt aliquam aspernatur. Pariatur modi illo sit accusantium. Est quia sequi nostrum.',1,0.0250,'2018-09-19 15:14:38','2018-09-19 15:14:38',NULL,0),(25,4,'eos','dolorem-qui-cupiditate-perspic','Error molestias rerum iusto quia. Eum molestiae optio doloribus. Est quidem dolores et magni voluptatem temporibus. Repellat officia ratione voluptatem similique qui ipsam itaque.',1,0.0250,'2018-09-19 15:14:38','2018-09-19 15:14:38',NULL,0),(26,3,'et','aut-dignissimos-quia-repudiand','Sint nihil rerum in eaque. Modi optio qui ut nisi. Similique nulla et possimus deserunt.',1,0.0250,'2018-09-19 15:14:38','2018-09-19 15:14:38',NULL,0),(27,3,'minima','cum-ut-et-eius-ut-et-vel-a','Ut vel eum quasi ut est molestiae error minus. Neque repudiandae quae non ad eos. Voluptatem sunt pariatur nulla. Dolor at soluta molestias autem sed et sunt. Velit aut sint voluptatibus ipsa ipsum omnis consequatur.',1,0.0800,'2018-09-19 15:14:38','2018-09-19 15:14:38',NULL,0),(28,2,'expedita','sint-pariatur-in-eaque','Delectus doloribus perspiciatis aspernatur dolor ut. Est repudiandae quis modi quo maxime voluptates suscipit.',1,0.0250,'2018-09-19 15:14:38','2018-09-19 15:14:38',NULL,0),(29,4,'quae','qui-nobis-asperiores-corporis-','Odit quo et omnis. Eaque dolorem beatae quasi ipsa vel. Ad voluptatem illum eum eligendi reprehenderit. Quas non et fugiat animi quibusdam labore.',1,0.0800,'2018-09-19 15:14:38','2018-09-19 15:14:38',NULL,0),(30,5,'eaque','cumque-ullam-velit-ab-qui-minu','Perferendis dicta esse porro aut. Et et quia et enim dolor praesentium optio eveniet. Laborum sed nesciunt quisquam nihil magni eaque nostrum facere. Ipsam et id amet distinctio molestiae non. Sequi excepturi et deleniti asperiores quia.',1,0.0800,'2018-09-19 15:14:38','2018-09-19 15:14:38',NULL,0),(31,3,'iure','nemo-vel-vel-sequi-aut-aliquam','Impedit aut aliquam nisi quia. Pariatur inventore impedit tempora non eos mollitia fugit. Provident non et necessitatibus sit repudiandae dolorum magnam.',1,0.0800,'2018-09-19 15:14:38','2018-09-19 15:14:38',NULL,0),(32,3,'eaque','quasi-sit-nam-qui-id','Aliquam minima corporis aut sequi qui consectetur quo. Provident aperiam vel impedit quos. Nesciunt odit esse repellat aliquid animi. Quia error libero nostrum quas illum quia.',1,0.0250,'2018-09-19 15:14:38','2018-09-19 15:14:38',NULL,0),(33,6,'qui','repellendus-dolor-vitae-illo-m','Consequatur commodi odit qui doloribus a. Et veritatis esse dolorem cumque sunt. Minus accusamus laudantium possimus laboriosam optio et.',0,0.0250,'2018-09-19 15:14:38','2018-09-19 15:14:38',NULL,0),(34,6,'est','accusamus-optio-enim-in-eaque-','Quis voluptatem cum dicta quod totam nam. Vel quasi molestiae consequatur vero expedita autem. Quia velit quo impedit est. Praesentium sit quis dolorem. Voluptatum ut rerum excepturi a repellendus ex et praesentium. Eum sint dolorem in.',0,0.0250,'2018-09-19 15:14:38','2018-09-19 15:14:38',NULL,0),(35,2,'tenetur','sit-tempora-excepturi-officiis','Ex reprehenderit eum consequatur cum quod. Dolores voluptatum esse pariatur et molestias. Iusto quia delectus consectetur eveniet maxime. Cupiditate consectetur at quam officia mollitia eum consequatur corporis.',1,0.0800,'2018-09-19 15:14:38','2018-09-19 15:14:38',NULL,0),(36,6,'ducimus','sapiente-earum-quia-eius-quo-s','Soluta molestiae tempore et laboriosam sunt qui et. Tenetur qui nihil et. Voluptatum accusamus rem aut quia.',1,0.0250,'2018-09-19 15:14:38','2018-09-19 15:14:38',NULL,0),(37,6,'aut','quae-voluptatem-est-beatae-ips','Id tempora quas modi fugit eius illo provident. Repellendus fuga aspernatur cupiditate. Deserunt est repellendus repellat rerum. Laboriosam qui quae voluptas earum placeat facilis sunt.',1,0.0800,'2018-09-19 15:14:38','2018-09-19 15:14:38',NULL,0),(38,6,'provident','corporis-perspiciatis-aliquam-','Quis autem sequi debitis dolor error nobis placeat porro. Quidem dolor et explicabo dolor sunt. Sed excepturi accusamus consequuntur doloremque omnis quas. Deserunt perferendis odit eligendi repellat praesentium rerum est et.',1,0.0800,'2018-09-19 15:14:38','2018-09-19 15:14:38',NULL,0),(39,6,'nesciunt','itaque-libero-maxime-sit-minus','Qui quas est molestiae nulla non earum sed. Consequatur possimus tenetur consequuntur laborum. Natus est impedit omnis sint explicabo exercitationem porro. Repudiandae recusandae quisquam ipsa veritatis.',1,0.0250,'2018-09-19 15:14:38','2018-09-19 15:14:38',NULL,0),(40,4,'ducimus','excepturi-eos-ut-harum-et-aliq','Aut consequuntur vero praesentium incidunt ipsam quae. Mollitia voluptas architecto ipsa iure deserunt libero facilis. Voluptatibus consequatur rerum vitae consectetur vero enim inventore sed. Natus enim quis nemo aut voluptatem.',0,0.0800,'2018-09-19 15:14:38','2018-09-19 15:14:38',NULL,0),(41,2,'ipsa','reiciendis-dolore-quo-molestia','Sed fuga ab quo temporibus. Ad non nisi fuga quia deleniti unde minima eaque. Doloremque nihil quia cum occaecati magnam hic expedita.',0,0.0800,'2018-09-19 15:14:38','2018-09-19 15:14:38',NULL,0),(42,4,'qui','a-laboriosam-beatae-enim-sunt-','Vel repudiandae doloribus deserunt cumque. Reprehenderit dignissimos maxime et placeat. Nostrum sint quo nesciunt exercitationem vel et.',1,0.0250,'2018-09-19 15:14:38','2018-09-19 15:14:38',NULL,0),(43,5,'voluptas','recusandae-repudiandae-molesti','Excepturi odit eius voluptatum officia reprehenderit eligendi totam temporibus. Et facilis dignissimos minima mollitia odit modi possimus eveniet. Culpa iste aliquid ipsam commodi blanditiis ipsam. Soluta dolore magni temporibus illum ex eveniet enim.',0,0.0250,'2018-09-19 15:14:38','2018-09-19 15:14:38',NULL,0),(44,4,'sunt','maiores-et-aliquam-nihil-enim-','Modi natus hic aliquid corporis est eos aut. Non molestias aut ut et sunt consectetur laboriosam. Aliquid voluptatibus commodi vero sint dolores numquam temporibus. Quae earum nihil recusandae facere voluptatem similique.',0,0.0800,'2018-09-19 15:14:38','2018-09-19 15:14:38',NULL,0),(45,5,'eligendi','voluptatem-pariatur-aut-et-vel','Iusto ipsa consectetur harum nemo laborum cupiditate sint sit. Facilis ut numquam vel tempore et eius fugit. Sunt sequi sed ad quibusdam sequi. Ea pariatur incidunt aspernatur impedit nisi.',1,0.0800,'2018-09-19 15:14:38','2018-09-19 15:14:38',NULL,0),(46,5,'neque','saepe-quia-laboriosam-autem-do','Aut rem aut quia voluptatem velit accusantium hic. Ipsa recusandae odio rerum. Voluptatem debitis excepturi qui a voluptas. Corrupti totam non aliquid fuga velit sed id et.',0,0.0250,'2018-09-19 15:14:38','2018-09-19 15:14:38',NULL,0),(47,5,'dignissimos','ullam-eligendi-fugit-fuga-numq','Officiis dolores dolor natus animi labore est nisi. Impedit aut est veniam dicta qui nihil. Et a corrupti quia aut.',1,0.0800,'2018-09-19 15:14:38','2018-09-19 15:14:38',NULL,0),(48,6,'soluta','laudantium-vel-aspernatur-susc','Ab dolorum cupiditate provident autem omnis reiciendis. Et aut fugiat laborum maiores fuga dignissimos corporis ex. Iure nemo fugit sit nobis iure quae.',1,0.0800,'2018-09-19 15:14:38','2018-09-19 15:14:38',NULL,0),(49,4,'et','voluptatibus-est-qui-enim-nequ','Fuga corporis suscipit dolores inventore eos tempore. Ullam voluptas et fugiat magni. Assumenda dolorum alias sit deserunt. Porro ullam ducimus molestias fuga et. Iste sunt aut ad molestiae officia ex.',1,0.0250,'2018-09-19 15:14:38','2018-09-19 15:14:38',NULL,0),(50,5,'nam','facere-molestiae-nisi-et-ab','Perspiciatis similique temporibus odit quasi cum perspiciatis. Dolores tenetur ea adipisci molestiae et. Iusto mollitia sed id voluptates. Velit ut repellendus aliquam.',1,0.0800,'2018-09-19 15:14:38','2018-09-19 15:14:38',NULL,0),(51,4,'expedita','neque-velit-veniam-modi','Deserunt sunt consequatur nihil cumque. Nihil quidem quia consectetur occaecati vero voluptatem. Consequatur alias voluptatem molestiae provident cupiditate. Quos dolorem perspiciatis odio.',1,0.0250,'2018-09-19 15:14:38','2018-09-19 15:14:38',NULL,0),(52,3,'molestias','blanditiis-ex-incidunt-magnam','Tempora dolorum fugit maiores. Accusantium deleniti et deserunt debitis sunt qui. Molestiae quia optio sed placeat iusto illo. Qui aliquam voluptatem molestiae eum earum ullam. Ab dolor alias tempora quia qui.',1,0.0250,'2018-09-19 15:14:38','2018-09-19 15:14:38',NULL,0),(53,5,'optio','ipsa-incidunt-debitis-iure-qui','Ducimus eos voluptate nemo omnis cum et. Fugiat eaque illo officia perspiciatis consectetur aut. Perspiciatis hic earum fugiat. Sit rerum fuga accusamus praesentium a autem enim. Dicta qui et voluptatem eum. Esse sapiente debitis id.',0,0.0250,'2018-09-19 15:14:38','2018-09-19 15:14:38',NULL,0),(54,6,'est','facere-et-ut-et-consequuntur','Et vero quo tempore commodi maiores est. Totam qui saepe modi qui aut. Dolorem quis placeat saepe ex. Aut maiores nihil saepe voluptatem.',1,0.0250,'2018-09-19 15:14:38','2018-09-19 15:14:38',NULL,0),(55,6,'saepe','earum-nostrum-consequatur-ipsa','Voluptatum id molestiae aliquam et. Non quam sint quae animi eligendi quam. Accusamus eveniet quae atque eaque. Corrupti molestiae dolorem error facilis.',0,0.0250,'2018-09-19 15:14:38','2018-09-19 15:14:38',NULL,0),(56,5,'explicabo','maiores-qui-expedita-excepturi','In sunt itaque reiciendis recusandae sit ad magnam distinctio. Laborum aperiam ducimus provident et dolorem aliquam. Autem facere minima eius sed qui sit. Aut voluptatem praesentium rerum reprehenderit dolorum non consequatur.',1,0.0800,'2018-09-19 15:14:38','2018-09-19 15:14:38',NULL,0),(57,2,'consequatur','consectetur-aliquid-ad-nihil-q','Qui maiores vel quis. Quia voluptatem non explicabo qui reiciendis ut atque. Hic et ducimus nostrum sunt quasi. Sed nihil nostrum cupiditate provident aperiam.',1,0.0250,'2018-09-19 15:14:38','2018-09-19 15:14:38',NULL,0),(58,6,'magnam','aut-est-pariatur-consequatur-e','Illum delectus dolores eius quibusdam laudantium. Enim explicabo consectetur nihil reprehenderit. Qui eum sed neque nulla.',1,0.0800,'2018-09-19 15:14:38','2018-09-19 15:14:38',NULL,0),(59,4,'animi','ipsam-adipisci-ut-aut-odit-nih','At nam non nihil nostrum est doloribus dolor. Nam nobis eum temporibus tempore sit. Reiciendis voluptas consequatur placeat quod. Debitis fuga et vel velit illum nisi.',1,0.0800,'2018-09-19 15:14:38','2018-09-19 15:14:38',NULL,0),(60,3,'beatae','enim-fugiat-est-ut-vero-unde-a','Numquam beatae omnis incidunt magnam expedita aut voluptas earum. Inventore dolor ipsam qui doloribus sed magnam iusto. Cum sed laborum rerum error hic. Debitis excepturi odit fugit fuga eos aliquam voluptate. Adipisci modi veritatis iste tempora.',1,0.0250,'2018-09-19 15:14:38','2018-09-19 15:14:38',NULL,0),(61,4,'sunt','iusto-sed-quae-ea-porro-et-arc','Quam rerum quod voluptas iusto molestiae optio. Ut quisquam dolores doloremque unde eaque dolorum et. Magnam dolorem et doloribus ipsum. Hic ut cum nostrum corrupti qui dignissimos.',1,0.0250,'2018-09-19 15:14:38','2018-09-19 15:14:38',NULL,0),(62,4,'sed','et-labore-quasi-perferendis-si','Fugiat est nemo quasi perferendis expedita. Dolores ad natus et et incidunt nesciunt voluptas. Tempore nobis saepe quo est vel. Veniam vero ea aut rem ipsum. Voluptas nam praesentium ratione deleniti et aut aliquam. Sed aliquam velit rerum in et.',0,0.0800,'2018-09-19 15:14:38','2018-09-19 15:14:38',NULL,0),(63,2,'omnis','saepe-animi-optio-laborum-aut-','Aperiam sapiente molestias repudiandae ea. Reprehenderit ea aut tempora dolorum eveniet sunt. Ex sit quia saepe ullam corrupti molestiae natus assumenda. Aspernatur consequatur ullam nam est.',1,0.0250,'2018-09-19 15:14:38','2018-09-19 15:14:38',NULL,0),(64,5,'fugiat','quas-repellendus-quam-sequi-fu','Eum porro ea recusandae autem laborum voluptatem dignissimos. Est voluptate et nesciunt est. Qui et quidem perspiciatis placeat. Id laborum facilis dicta incidunt et.',1,0.0800,'2018-09-19 15:14:38','2018-09-19 15:14:38',NULL,0),(65,5,'rem','ex-non-amet-a-cum-aut-quam-quo','Possimus non id animi eius error nobis. Molestiae aut nihil aut. Sed ut unde nulla sed quas. Beatae modi accusamus qui qui accusantium.',1,0.0800,'2018-09-19 15:14:38','2018-09-19 15:14:38',NULL,0),(66,6,'reiciendis','nesciunt-sit-et-cumque-molesti','Qui at quis numquam. Mollitia ea quisquam reprehenderit. Quasi doloribus voluptatum nemo sit est suscipit ut. Saepe hic voluptates vitae autem vero officia.',1,0.0800,'2018-09-19 15:14:38','2018-09-19 15:14:38',NULL,0),(67,2,'consectetur','qui-a-voluptas-quia-labore-mag','Nobis eius perspiciatis quis voluptas. Et quam temporibus nostrum commodi dolorem. Culpa eos est ullam voluptatem molestiae. Non veniam quis itaque enim similique dolor. Rerum sit velit nesciunt iure.',1,0.0800,'2018-09-19 15:14:38','2018-09-19 15:14:38',NULL,0),(68,4,'sunt','totam-a-rem-quia-unde-tempore-','Explicabo autem voluptatibus harum et est iusto perspiciatis consequatur. Minus qui sit beatae vero ut hic vero quidem. Aliquam culpa voluptas repudiandae iste atque.',1,0.0800,'2018-09-19 15:14:38','2018-09-19 15:14:38',NULL,0),(69,2,'quo','enim-dolore-rerum-sint-dolores','Debitis dolores vel corrupti vel numquam at. Id provident assumenda deserunt aspernatur possimus illum quasi velit. Iste vitae id molestias accusamus necessitatibus possimus earum autem. Voluptatem ipsum voluptas est.',1,0.0250,'2018-09-19 15:14:38','2018-09-19 15:14:38',NULL,0),(70,3,'voluptas','iste-cupiditate-nobis-quisquam','Quia ipsa enim voluptatem quas. Et ut ut tenetur optio et. Repellat qui rerum maxime qui quibusdam.',1,0.0250,'2018-09-19 15:14:38','2018-09-19 15:14:38',NULL,0),(71,5,'quia','voluptates-et-earum-esse-sequi','Facere possimus et enim dolores dolor et ut reiciendis. Pariatur dolores nemo non consequatur. Dolor vitae non pariatur cupiditate.',1,0.0800,'2018-09-19 15:14:38','2018-09-19 15:14:38',NULL,0),(72,2,'aut','suscipit-commodi-explicabo-rat','Quis tempore repellendus incidunt eum nihil voluptatem. Dignissimos rerum perspiciatis dolorem libero. Aspernatur aut iure perspiciatis quas ut voluptatem veritatis debitis.',1,0.0800,'2018-09-19 15:14:38','2018-09-19 15:14:38',NULL,0),(73,6,'eveniet','qui-qui-excepturi-fugiat-sequi','Modi nulla nemo ea repudiandae aut corrupti dolores. Voluptatem commodi qui inventore sit vitae perferendis quia sit. Illo non hic quibusdam omnis et aliquam est. Suscipit fuga et porro dignissimos.',1,0.0250,'2018-09-19 15:14:38','2018-09-19 15:14:38',NULL,0),(74,4,'sint','ut-amet-sit-quia-error-dolorem','Dolorem nam rerum vero porro. Cupiditate aut rerum quia voluptatum consequatur ea asperiores dolorem. Harum deserunt nulla quia enim iure eum. Accusantium impedit aliquam perferendis non consequuntur culpa suscipit.',1,0.0250,'2018-09-19 15:14:38','2018-09-19 15:14:38',NULL,0),(75,5,'explicabo','suscipit-ex-aliquam-debitis','Consectetur possimus vel non ex. Tempore neque repellendus ut repellat nihil. Occaecati dolorem iure consectetur in.',1,0.0800,'2018-09-19 15:14:38','2018-09-19 15:14:38',NULL,0),(76,4,'similique','inventore-nihil-corporis-eos-v','Consequatur et maiores sint architecto dolorum. Consequatur sint repudiandae asperiores odio in rerum. Libero delectus magni provident error omnis illum.',1,0.0800,'2018-09-19 15:14:38','2018-09-19 15:14:38',NULL,0),(77,6,'soluta','nihil-illum-maiores-incidunt-a','Necessitatibus nesciunt tempore consequatur et magnam praesentium et explicabo. Distinctio totam adipisci consequatur quam. Odio illum dignissimos et incidunt eius rerum. Laudantium consequuntur aut magni in.',1,0.0800,'2018-09-19 15:14:38','2018-09-19 15:14:38',NULL,0),(78,2,'consequuntur','doloremque-sint-inventore-prae','Nam voluptatem nemo aliquid natus error quasi. Voluptatum aut quis non quaerat sit nulla suscipit. Dignissimos asperiores rerum dolores ratione est aut id. Rerum quis cumque et sapiente et rerum velit.',1,0.0250,'2018-09-19 15:14:38','2018-09-19 15:14:38',NULL,0),(79,2,'labore','exercitationem-porro-molestias','Et voluptas consequatur tempora nostrum. Tenetur enim eum ab qui reprehenderit quia ab. Nihil ab accusantium officia omnis eveniet architecto. Aut omnis fugit veniam ut eius rem.',1,0.0250,'2018-09-19 15:14:38','2018-09-19 15:14:38',NULL,0),(80,4,'veniam','non-laborum-sit-voluptatum','Dolor repellendus blanditiis eos. Neque maxime vel qui debitis. Enim aliquam ratione iste omnis ut similique est.',1,0.0250,'2018-09-19 15:14:38','2018-09-19 15:14:38',NULL,0),(81,3,'quo','facilis-occaecati-consequatur-','Voluptates laborum aut ratione cum autem ipsum. Praesentium ut culpa nesciunt omnis eligendi expedita beatae. At asperiores enim aliquam nihil omnis possimus. Quam pariatur ut reiciendis esse. Laborum enim natus enim nam a dolorum necessitatibus.',1,0.0800,'2018-09-19 15:14:38','2018-09-19 15:14:38',NULL,0);
/*!40000 ALTER TABLE `services` ENABLE KEYS */;
UNLOCK TABLES;

--
-- Table structure for table `settings`
--

DROP TABLE IF EXISTS `settings`;
/*!40101 SET @saved_cs_client     = @@character_set_client */;
/*!40101 SET character_set_client = utf8 */;
CREATE TABLE `settings` (
  `id` int(11) NOT NULL AUTO_INCREMENT,
  `user_id` int(11) DEFAULT NULL,
  `name` varchar(255) COLLATE utf8_unicode_ci NOT NULL,
  `namespace` varchar(255) COLLATE utf8_unicode_ci NOT NULL,
  `value` longtext COLLATE utf8_unicode_ci,
  `created_at` datetime NOT NULL,
  `updated_at` datetime NOT NULL,
  PRIMARY KEY (`id`),
  UNIQUE KEY `unique_setting_name_namespace_user` (`name`,`namespace`,`user_id`),
  KEY `IDX_E545A0C5A76ED395` (`user_id`),
  CONSTRAINT `FK_E545A0C5A76ED395` FOREIGN KEY (`user_id`) REFERENCES `users` (`id`) ON DELETE SET NULL
) ENGINE=InnoDB AUTO_INCREMENT=10 DEFAULT CHARSET=utf8 COLLATE=utf8_unicode_ci;
/*!40101 SET character_set_client = @saved_cs_client */;

--
-- Dumping data for table `settings`
--

LOCK TABLES `settings` WRITE;
/*!40000 ALTER TABLE `settings` DISABLE KEYS */;
INSERT INTO `settings` VALUES (1,1,'activity','/etc/defaults/timeslice','action:byName:Zivi*','2018-09-19 15:14:38','2018-09-19 15:14:38'),(2,1,'value','/etc/defaults/timeslice','30240','2018-09-19 15:14:38','2018-09-19 15:14:38'),(3,1,'startedAt','/etc/defaults/timeslice','action:nextDate','2018-09-19 15:14:38','2018-09-19 15:14:38'),(4,2,'name','/etc/defaults/1','New perspiciatis','2018-09-19 15:14:38','2018-09-19 15:14:38'),(5,4,'name','/etc/defaults/2','New dolor','2018-09-19 15:14:38','2018-09-19 15:14:38'),(6,2,'name','/etc/defaults/3','New molestias','2018-09-19 15:14:38','2018-09-19 15:14:38'),(7,5,'name','/etc/defaults/4','New in','2018-09-19 15:14:38','2018-09-19 15:14:38'),(8,5,'name','/etc/defaults/5','New qui','2018-09-19 15:14:38','2018-09-19 15:14:38'),(9,1,'Ferien','/etc/projectassignments','dime-ferien','2018-09-19 15:14:38','2018-09-19 15:14:38');
/*!40000 ALTER TABLE `settings` ENABLE KEYS */;
UNLOCK TABLES;

--
-- Table structure for table `tags`
--

DROP TABLE IF EXISTS `tags`;
/*!40101 SET @saved_cs_client     = @@character_set_client */;
/*!40101 SET character_set_client = utf8 */;
CREATE TABLE `tags` (
  `id` int(11) NOT NULL AUTO_INCREMENT,
  `user_id` int(11) DEFAULT NULL,
  `name` varchar(255) COLLATE utf8_unicode_ci NOT NULL,
  `system` tinyint(1) NOT NULL,
  `created_at` datetime NOT NULL,
  `updated_at` datetime NOT NULL,
  PRIMARY KEY (`id`),
  UNIQUE KEY `unique_tag_name_user` (`name`,`user_id`),
  KEY `IDX_6FBC9426A76ED395` (`user_id`),
  CONSTRAINT `FK_6FBC9426A76ED395` FOREIGN KEY (`user_id`) REFERENCES `users` (`id`) ON DELETE SET NULL
) ENGINE=InnoDB AUTO_INCREMENT=21 DEFAULT CHARSET=utf8 COLLATE=utf8_unicode_ci;
/*!40101 SET character_set_client = @saved_cs_client */;

--
-- Dumping data for table `tags`
--

LOCK TABLES `tags` WRITE;
/*!40000 ALTER TABLE `tags` DISABLE KEYS */;
INSERT INTO `tags` VALUES (1,2,'perspiciatis',0,'2018-09-19 15:14:38','2018-09-19 15:14:38'),(2,4,'dolor',0,'2018-09-19 15:14:38','2018-09-19 15:14:38'),(3,2,'molestias',0,'2018-09-19 15:14:38','2018-09-19 15:14:38'),(4,5,'in',0,'2018-09-19 15:14:38','2018-09-19 15:14:38'),(5,5,'qui',0,'2018-09-19 15:14:38','2018-09-19 15:14:38'),(6,3,'perspiciatis',0,'2018-09-19 15:14:38','2018-09-19 15:14:38'),(7,5,'possimus',0,'2018-09-19 15:14:38','2018-09-19 15:14:38'),(8,2,'ducimus',0,'2018-09-19 15:14:38','2018-09-19 15:14:38'),(9,5,'quam',0,'2018-09-19 15:14:38','2018-09-19 15:14:38'),(10,3,'ea',0,'2018-09-19 15:14:38','2018-09-19 15:14:38'),(11,2,'odio',0,'2018-09-19 15:14:38','2018-09-19 15:14:38'),(12,2,'est',0,'2018-09-19 15:14:38','2018-09-19 15:14:38'),(13,6,'voluptatibus',0,'2018-09-19 15:14:38','2018-09-19 15:14:38'),(14,2,'commodi',0,'2018-09-19 15:14:38','2018-09-19 15:14:38'),(15,3,'minima',0,'2018-09-19 15:14:38','2018-09-19 15:14:38'),(16,6,'laborum',0,'2018-09-19 15:14:38','2018-09-19 15:14:38'),(17,5,'molestiae',0,'2018-09-19 15:14:38','2018-09-19 15:14:38'),(18,4,'numquam',0,'2018-09-19 15:14:38','2018-09-19 15:14:38'),(19,4,'harum',0,'2018-09-19 15:14:38','2018-09-19 15:14:38'),(20,3,'est',0,'2018-09-19 15:14:38','2018-09-19 15:14:38');
/*!40000 ALTER TABLE `tags` ENABLE KEYS */;
UNLOCK TABLES;

--
-- Table structure for table `tbbc_money_doctrine_storage_ratios`
--

DROP TABLE IF EXISTS `tbbc_money_doctrine_storage_ratios`;
/*!40101 SET @saved_cs_client     = @@character_set_client */;
/*!40101 SET character_set_client = utf8 */;
CREATE TABLE `tbbc_money_doctrine_storage_ratios` (
  `id` int(11) NOT NULL AUTO_INCREMENT,
  `currency_code` varchar(3) COLLATE utf8_unicode_ci NOT NULL,
  `ratio` double NOT NULL,
  PRIMARY KEY (`id`),
  UNIQUE KEY `UNIQ_1168A609FDA273EC` (`currency_code`)
) ENGINE=InnoDB DEFAULT CHARSET=utf8 COLLATE=utf8_unicode_ci;
/*!40101 SET character_set_client = @saved_cs_client */;

--
-- Dumping data for table `tbbc_money_doctrine_storage_ratios`
--

LOCK TABLES `tbbc_money_doctrine_storage_ratios` WRITE;
/*!40000 ALTER TABLE `tbbc_money_doctrine_storage_ratios` DISABLE KEYS */;
/*!40000 ALTER TABLE `tbbc_money_doctrine_storage_ratios` ENABLE KEYS */;
UNLOCK TABLES;

--
-- Table structure for table `tbbc_money_ratio_history`
--

DROP TABLE IF EXISTS `tbbc_money_ratio_history`;
/*!40101 SET @saved_cs_client     = @@character_set_client */;
/*!40101 SET character_set_client = utf8 */;
CREATE TABLE `tbbc_money_ratio_history` (
  `id` int(11) NOT NULL AUTO_INCREMENT,
  `currency_code` varchar(3) COLLATE utf8_unicode_ci NOT NULL,
  `reference_currency_code` varchar(3) COLLATE utf8_unicode_ci NOT NULL,
  `ratio` double NOT NULL,
  `saved_at` datetime NOT NULL,
  PRIMARY KEY (`id`)
) ENGINE=InnoDB DEFAULT CHARSET=utf8 COLLATE=utf8_unicode_ci;
/*!40101 SET character_set_client = @saved_cs_client */;

--
-- Dumping data for table `tbbc_money_ratio_history`
--

LOCK TABLES `tbbc_money_ratio_history` WRITE;
/*!40000 ALTER TABLE `tbbc_money_ratio_history` DISABLE KEYS */;
/*!40000 ALTER TABLE `tbbc_money_ratio_history` ENABLE KEYS */;
UNLOCK TABLES;

--
-- Table structure for table `timeslice_tags`
--

DROP TABLE IF EXISTS `timeslice_tags`;
/*!40101 SET @saved_cs_client     = @@character_set_client */;
/*!40101 SET character_set_client = utf8 */;
CREATE TABLE `timeslice_tags` (
  `timeslice_id` int(11) NOT NULL,
  `tag_id` int(11) NOT NULL,
  PRIMARY KEY (`timeslice_id`,`tag_id`),
  KEY `IDX_4231EEB94FB5678C` (`timeslice_id`),
  KEY `IDX_4231EEB9BAD26311` (`tag_id`),
  CONSTRAINT `FK_4231EEB94FB5678C` FOREIGN KEY (`timeslice_id`) REFERENCES `timeslices` (`id`) ON DELETE CASCADE,
  CONSTRAINT `FK_4231EEB9BAD26311` FOREIGN KEY (`tag_id`) REFERENCES `tags` (`id`) ON DELETE CASCADE
) ENGINE=InnoDB DEFAULT CHARSET=utf8 COLLATE=utf8_unicode_ci;
/*!40101 SET character_set_client = @saved_cs_client */;

--
-- Dumping data for table `timeslice_tags`
--

LOCK TABLES `timeslice_tags` WRITE;
/*!40000 ALTER TABLE `timeslice_tags` DISABLE KEYS */;
INSERT INTO `timeslice_tags` VALUES (412,6),(412,8),(413,14),(413,15),(414,13),(414,14),(415,5),(415,9),(416,12),(416,20),(417,2),(417,14),(418,2),(418,20),(419,3),(419,19),(420,3),(420,9),(421,1),(421,13),(422,6),(422,11),(423,1),(423,15),(424,4),(424,8),(425,4),(425,8),(426,4),(426,16),(427,2),(427,5),(428,5),(428,7),(429,6),(429,14),(430,7),(430,19),(431,9),(431,19),(432,12),(432,17),(433,10),(433,20),(434,4),(434,15),(435,12),(435,14),(436,6),(436,20),(437,13),(437,16),(438,6),(438,13),(439,16),(439,17),(440,4),(440,11),(441,8),(441,9),(442,13),(442,17),(443,2),(443,6),(444,6),(444,14),(445,3),(445,5),(446,7),(446,18),(447,9),(447,19),(448,1),(448,7),(449,12),(449,17),(450,10),(450,15),(451,12),(451,16),(452,13),(452,15),(453,8),(453,10),(454,1),(454,13),(455,11),(455,16),(456,2),(456,12),(457,9),(457,19),(458,1),(458,17),(459,1),(459,10),(460,2),(460,12),(461,3),(461,17);
/*!40000 ALTER TABLE `timeslice_tags` ENABLE KEYS */;
UNLOCK TABLES;

--
-- Table structure for table `timeslices`
--

DROP TABLE IF EXISTS `timeslices`;
/*!40101 SET @saved_cs_client     = @@character_set_client */;
/*!40101 SET character_set_client = utf8 */;
CREATE TABLE `timeslices` (
  `id` int(11) NOT NULL AUTO_INCREMENT,
  `activity_id` int(11) NOT NULL,
  `employee_id` int(11) DEFAULT NULL,
  `user_id` int(11) DEFAULT NULL,
  `value` decimal(10,4) NOT NULL,
  `started_at` datetime DEFAULT NULL,
  `created_at` datetime NOT NULL,
  `updated_at` datetime NOT NULL,
  `deleted_at` datetime DEFAULT NULL,
  PRIMARY KEY (`id`),
  KEY `IDX_72C53BF481C06096` (`activity_id`),
  KEY `IDX_72C53BF48C03F15C` (`employee_id`),
  KEY `IDX_72C53BF4A76ED395` (`user_id`),
  CONSTRAINT `FK_72C53BF481C06096` FOREIGN KEY (`activity_id`) REFERENCES `activities` (`id`) ON DELETE CASCADE,
  CONSTRAINT `FK_72C53BF48C03F15C` FOREIGN KEY (`employee_id`) REFERENCES `users` (`id`) ON DELETE SET NULL,
  CONSTRAINT `FK_72C53BF4A76ED395` FOREIGN KEY (`user_id`) REFERENCES `users` (`id`) ON DELETE SET NULL
) ENGINE=InnoDB AUTO_INCREMENT=462 DEFAULT CHARSET=utf8 COLLATE=utf8_unicode_ci;
/*!40101 SET character_set_client = @saved_cs_client */;

--
-- Dumping data for table `timeslices`
--

LOCK TABLES `timeslices` WRITE;
/*!40000 ALTER TABLE `timeslices` DISABLE KEYS */;
INSERT INTO `timeslices` VALUES (1,2,7,2,7200.0000,'2018-07-29 22:42:22','2018-09-19 15:14:39','2018-09-19 15:14:39',NULL),(2,4,7,3,22072.0000,'2017-04-14 06:52:17','2018-09-19 15:14:39','2018-09-19 15:14:39',NULL),(3,5,16,5,6988.0000,'2016-12-17 20:52:37','2018-09-19 15:14:39','2018-09-19 15:14:39',NULL),(4,10,22,2,4716.0000,'2018-02-01 06:04:29','2018-09-19 15:14:39','2018-09-19 15:14:39',NULL),(5,8,19,3,10966.0000,'2017-06-20 10:37:36','2018-09-19 15:14:39','2018-09-19 15:14:39',NULL),(6,2,11,4,10094.0000,'2016-07-16 02:41:39','2018-09-19 15:14:39','2018-09-19 15:14:39',NULL),(7,6,22,3,21934.0000,'2016-10-02 09:04:50','2018-09-19 15:14:39','2018-09-19 15:14:39',NULL),(8,5,9,4,26661.0000,'2017-10-19 20:33:40','2018-09-19 15:14:39','2018-09-19 15:14:39',NULL),(9,8,18,3,25935.0000,'2017-11-12 20:23:41','2018-09-19 15:14:39','2018-09-19 15:14:39',NULL),(10,8,14,5,24318.0000,'2016-07-01 23:52:26','2018-09-19 15:14:39','2018-09-19 15:14:39',NULL),(11,11,13,2,19100.0000,'2016-09-05 20:45:01','2018-09-19 15:14:39','2018-09-19 15:14:39',NULL),(12,8,18,2,13178.0000,'2016-04-07 21:23:51','2018-09-19 15:14:39','2018-09-19 15:14:39',NULL),(13,3,25,5,21823.0000,'2016-02-08 11:20:41','2018-09-19 15:14:39','2018-09-19 15:14:39',NULL),(14,10,25,6,19892.0000,'2017-05-25 13:49:30','2018-09-19 15:14:39','2018-09-19 15:14:39',NULL),(15,3,19,4,10452.0000,'2017-08-29 21:10:07','2018-09-19 15:14:39','2018-09-19 15:14:39',NULL),(16,7,18,5,20524.0000,'2017-01-19 21:17:00','2018-09-19 15:14:39','2018-09-19 15:14:39',NULL),(17,9,14,6,14539.0000,'2017-08-12 15:56:39','2018-09-19 15:14:39','2018-09-19 15:14:39',NULL),(18,4,23,6,20016.0000,'2018-03-31 01:52:38','2018-09-19 15:14:39','2018-09-19 15:14:39',NULL),(19,11,21,3,16838.0000,'2018-03-10 08:39:52','2018-09-19 15:14:39','2018-09-19 15:14:39',NULL),(20,9,9,5,20465.0000,'2017-06-23 14:14:46','2018-09-19 15:14:39','2018-09-19 15:14:39',NULL),(21,6,22,3,16269.0000,'2016-06-15 14:32:04','2018-09-19 15:14:39','2018-09-19 15:14:39',NULL),(22,11,13,6,13902.0000,'2016-07-07 01:09:08','2018-09-19 15:14:39','2018-09-19 15:14:39',NULL),(23,5,12,4,13316.0000,'2018-01-22 11:20:32','2018-09-19 15:14:39','2018-09-19 15:14:39',NULL),(24,11,17,3,25400.0000,'2016-01-29 17:39:07','2018-09-19 15:14:39','2018-09-19 15:14:39',NULL),(25,10,10,3,22500.0000,'2016-03-10 13:59:07','2018-09-19 15:14:39','2018-09-19 15:14:39',NULL),(26,2,26,2,14647.0000,'2017-03-09 23:25:56','2018-09-19 15:14:39','2018-09-19 15:14:39',NULL),(27,7,17,3,19032.0000,'2016-01-27 08:04:17','2018-09-19 15:14:39','2018-09-19 15:14:39',NULL),(28,9,26,5,9291.0000,'2016-05-02 16:15:53','2018-09-19 15:14:39','2018-09-19 15:14:39',NULL),(29,3,8,6,9075.0000,'2016-07-11 20:34:11','2018-09-19 15:14:39','2018-09-19 15:14:39',NULL),(30,3,25,5,19834.0000,'2018-09-07 04:39:47','2018-09-19 15:14:39','2018-09-19 15:14:39',NULL),(31,7,24,3,10195.0000,'2017-04-19 21:53:56','2018-09-19 15:14:39','2018-09-19 15:14:39',NULL),(32,4,9,5,4891.0000,'2018-04-30 19:26:26','2018-09-19 15:14:39','2018-09-19 15:14:39',NULL),(33,8,26,2,6954.0000,'2016-01-01 03:43:12','2018-09-19 15:14:39','2018-09-19 15:14:39',NULL),(34,3,11,3,29842.0000,'2016-01-16 13:43:48','2018-09-19 15:14:39','2018-09-19 15:14:39',NULL),(35,11,11,3,27481.0000,'2018-03-05 08:45:49','2018-09-19 15:14:39','2018-09-19 15:14:39',NULL),(36,5,24,6,26931.0000,'2018-08-23 01:05:51','2018-09-19 15:14:39','2018-09-19 15:14:39',NULL),(37,11,23,6,17427.0000,'2017-11-24 04:28:17','2018-09-19 15:14:39','2018-09-19 15:14:39',NULL),(38,7,9,2,8132.0000,'2016-01-19 05:25:54','2018-09-19 15:14:39','2018-09-19 15:14:39',NULL),(39,5,23,5,4495.0000,'2017-05-14 04:17:14','2018-09-19 15:14:39','2018-09-19 15:14:39',NULL),(40,2,26,5,6427.0000,'2016-01-12 03:38:51','2018-09-19 15:14:39','2018-09-19 15:14:39',NULL),(41,7,8,3,15529.0000,'2018-07-24 05:17:01','2018-09-19 15:14:39','2018-09-19 15:14:39',NULL),(42,10,18,3,29308.0000,'2018-01-08 13:30:31','2018-09-19 15:14:39','2018-09-19 15:14:39',NULL),(43,7,15,2,10842.0000,'2017-03-14 01:48:06','2018-09-19 15:14:39','2018-09-19 15:14:39',NULL),(44,6,8,2,27588.0000,'2018-06-09 22:10:31','2018-09-19 15:14:39','2018-09-19 15:14:39',NULL),(45,2,10,3,14222.0000,'2018-06-24 17:38:50','2018-09-19 15:14:39','2018-09-19 15:14:39',NULL),(46,10,26,2,11491.0000,'2018-05-02 02:48:35','2018-09-19 15:14:39','2018-09-19 15:14:39',NULL),(47,6,23,3,16842.0000,'2018-08-05 10:08:30','2018-09-19 15:14:39','2018-09-19 15:14:39',NULL),(48,9,10,6,23946.0000,'2018-08-25 22:12:57','2018-09-19 15:14:39','2018-09-19 15:14:39',NULL),(49,2,19,6,6302.0000,'2016-06-14 06:42:22','2018-09-19 15:14:39','2018-09-19 15:14:39',NULL),(50,9,10,5,18759.0000,'2016-03-04 21:54:36','2018-09-19 15:14:39','2018-09-19 15:14:39',NULL),(51,9,16,4,13111.0000,'2018-08-09 15:38:21','2018-09-19 15:14:39','2018-09-19 15:14:39',NULL),(52,5,17,3,18773.0000,'2018-04-22 10:17:42','2018-09-19 15:14:39','2018-09-19 15:14:39',NULL),(53,10,11,2,25206.0000,'2016-12-04 03:40:42','2018-09-19 15:14:39','2018-09-19 15:14:39',NULL),(54,3,19,3,21292.0000,'2017-03-20 05:37:57','2018-09-19 15:14:39','2018-09-19 15:14:39',NULL),(55,2,24,5,9475.0000,'2018-08-06 11:59:11','2018-09-19 15:14:39','2018-09-19 15:14:39',NULL),(56,9,8,4,27957.0000,'2016-06-07 03:35:03','2018-09-19 15:14:39','2018-09-19 15:14:39',NULL),(57,9,23,3,13147.0000,'2018-04-23 13:17:49','2018-09-19 15:14:39','2018-09-19 15:14:39',NULL),(58,9,16,5,5734.0000,'2018-01-16 01:33:11','2018-09-19 15:14:39','2018-09-19 15:14:39',NULL),(59,8,23,3,22214.0000,'2017-03-01 09:35:29','2018-09-19 15:14:39','2018-09-19 15:14:39',NULL),(60,6,16,3,15001.0000,'2018-03-29 14:09:11','2018-09-19 15:14:39','2018-09-19 15:14:39',NULL),(61,7,22,4,8116.0000,'2017-12-18 06:37:02','2018-09-19 15:14:39','2018-09-19 15:14:39',NULL),(62,9,19,5,11196.0000,'2018-01-24 19:02:29','2018-09-19 15:14:39','2018-09-19 15:14:39',NULL),(63,3,9,5,12944.0000,'2017-03-03 12:14:33','2018-09-19 15:14:39','2018-09-19 15:14:39',NULL),(64,3,22,5,23526.0000,'2018-03-28 18:01:32','2018-09-19 15:14:39','2018-09-19 15:14:39',NULL),(65,2,18,6,6968.0000,'2017-10-27 19:13:44','2018-09-19 15:14:39','2018-09-19 15:14:39',NULL),(66,2,24,6,8773.0000,'2016-10-10 06:08:35','2018-09-19 15:14:39','2018-09-19 15:14:39',NULL),(67,6,24,6,21099.0000,'2017-12-04 15:24:28','2018-09-19 15:14:39','2018-09-19 15:14:39',NULL),(68,4,15,2,27248.0000,'2018-02-27 17:13:22','2018-09-19 15:14:39','2018-09-19 15:14:39',NULL),(69,4,25,6,23030.0000,'2018-01-07 13:36:50','2018-09-19 15:14:39','2018-09-19 15:14:39',NULL),(70,9,19,4,24836.0000,'2017-01-26 18:02:07','2018-09-19 15:14:39','2018-09-19 15:14:39',NULL),(71,11,14,6,14111.0000,'2018-05-25 17:27:53','2018-09-19 15:14:39','2018-09-19 15:14:39',NULL),(72,7,12,3,14496.0000,'2016-10-09 07:54:48','2018-09-19 15:14:39','2018-09-19 15:14:39',NULL),(73,8,24,4,4022.0000,'2018-08-18 23:08:33','2018-09-19 15:14:39','2018-09-19 15:14:39',NULL),(74,11,25,2,27410.0000,'2018-02-09 06:38:28','2018-09-19 15:14:39','2018-09-19 15:14:39',NULL),(75,3,25,5,9788.0000,'2018-04-05 12:24:00','2018-09-19 15:14:39','2018-09-19 15:14:39',NULL),(76,3,10,2,20469.0000,'2016-06-02 08:03:21','2018-09-19 15:14:39','2018-09-19 15:14:39',NULL),(77,5,7,3,27725.0000,'2018-04-18 08:58:51','2018-09-19 15:14:39','2018-09-19 15:14:39',NULL),(78,10,19,6,21410.0000,'2017-08-18 21:55:47','2018-09-19 15:14:39','2018-09-19 15:14:39',NULL),(79,10,18,2,10725.0000,'2018-01-16 21:12:05','2018-09-19 15:14:39','2018-09-19 15:14:39',NULL),(80,8,26,3,21522.0000,'2018-05-28 02:19:29','2018-09-19 15:14:39','2018-09-19 15:14:39',NULL),(81,9,7,2,14041.0000,'2018-01-24 09:38:47','2018-09-19 15:14:39','2018-09-19 15:14:39',NULL),(82,6,24,2,29059.0000,'2018-04-17 16:22:01','2018-09-19 15:14:39','2018-09-19 15:14:39',NULL),(83,7,15,6,6366.0000,'2017-12-17 18:54:17','2018-09-19 15:14:39','2018-09-19 15:14:39',NULL),(84,8,24,3,20695.0000,'2018-09-19 04:24:57','2018-09-19 15:14:39','2018-09-19 15:14:39',NULL),(85,11,24,5,26465.0000,'2016-04-05 15:15:56','2018-09-19 15:14:39','2018-09-19 15:14:39',NULL),(86,2,21,3,14585.0000,'2016-05-28 02:43:41','2018-09-19 15:14:39','2018-09-19 15:14:39',NULL),(87,11,25,3,9492.0000,'2018-02-11 22:07:21','2018-09-19 15:14:39','2018-09-19 15:14:39',NULL),(88,6,10,3,16809.0000,'2017-08-31 12:07:13','2018-09-19 15:14:39','2018-09-19 15:14:39',NULL),(89,11,16,3,9552.0000,'2017-11-30 04:11:58','2018-09-19 15:14:39','2018-09-19 15:14:39',NULL),(90,5,22,3,4902.0000,'2018-06-13 17:54:40','2018-09-19 15:14:39','2018-09-19 15:14:39',NULL),(91,7,21,2,25074.0000,'2018-09-05 14:03:37','2018-09-19 15:14:39','2018-09-19 15:14:39',NULL),(92,11,21,4,6643.0000,'2017-12-29 23:51:44','2018-09-19 15:14:39','2018-09-19 15:14:39',NULL),(93,2,13,5,3681.0000,'2016-04-05 23:39:38','2018-09-19 15:14:39','2018-09-19 15:14:39',NULL),(94,7,12,5,8562.0000,'2016-05-27 04:01:08','2018-09-19 15:14:39','2018-09-19 15:14:39',NULL),(95,3,7,4,21528.0000,'2016-09-28 15:55:45','2018-09-19 15:14:39','2018-09-19 15:14:39',NULL),(96,10,18,5,12428.0000,'2018-05-17 10:30:14','2018-09-19 15:14:39','2018-09-19 15:14:39',NULL),(97,2,19,3,19300.0000,'2016-12-23 02:14:03','2018-09-19 15:14:39','2018-09-19 15:14:39',NULL),(98,9,15,6,23420.0000,'2018-02-03 21:50:50','2018-09-19 15:14:39','2018-09-19 15:14:39',NULL),(99,9,13,5,7382.0000,'2017-12-06 02:47:48','2018-09-19 15:14:39','2018-09-19 15:14:39',NULL),(100,5,21,3,26241.0000,'2018-04-20 16:39:58','2018-09-19 15:14:39','2018-09-19 15:14:39',NULL),(101,11,23,4,19878.0000,'2018-06-23 03:21:49','2018-09-19 15:14:39','2018-09-19 15:14:39',NULL),(102,21,19,4,30240.0000,'2018-04-26 23:39:13','2018-09-19 15:14:39','2018-09-19 15:14:39',NULL),(103,16,18,4,30240.0000,'2018-02-10 11:42:49','2018-09-19 15:14:39','2018-09-19 15:14:39',NULL),(104,15,11,4,30240.0000,'2017-06-18 08:26:57','2018-09-19 15:14:39','2018-09-19 15:14:39',NULL),(105,15,9,3,30240.0000,'2017-02-05 16:44:40','2018-09-19 15:14:39','2018-09-19 15:14:39',NULL),(106,13,23,6,30240.0000,'2018-08-31 06:18:16','2018-09-19 15:14:39','2018-09-19 15:14:39',NULL),(107,16,15,3,30240.0000,'2016-11-02 20:15:28','2018-09-19 15:14:39','2018-09-19 15:14:39',NULL),(108,17,16,2,30240.0000,'2017-09-21 12:30:13','2018-09-19 15:14:39','2018-09-19 15:14:39',NULL),(109,21,16,4,30240.0000,'2018-03-17 04:01:35','2018-09-19 15:14:39','2018-09-19 15:14:39',NULL),(110,14,13,3,30240.0000,'2017-04-24 04:35:41','2018-09-19 15:14:39','2018-09-19 15:14:39',NULL),(111,15,19,4,30240.0000,'2016-09-16 08:23:41','2018-09-19 15:14:39','2018-09-19 15:14:39',NULL),(112,12,8,3,30240.0000,'2017-03-15 08:43:19','2018-09-19 15:14:39','2018-09-19 15:14:39',NULL),(113,14,24,5,30240.0000,'2018-01-30 02:55:15','2018-09-19 15:14:39','2018-09-19 15:14:39',NULL),(114,16,22,3,30240.0000,'2017-07-09 04:33:45','2018-09-19 15:14:39','2018-09-19 15:14:39',NULL),(115,13,20,2,30240.0000,'2017-06-15 08:20:14','2018-09-19 15:14:39','2018-09-19 15:14:39',NULL),(116,17,16,4,30240.0000,'2016-02-03 11:32:44','2018-09-19 15:14:39','2018-09-19 15:14:39',NULL),(117,20,18,4,30240.0000,'2016-02-15 10:22:02','2018-09-19 15:14:39','2018-09-19 15:14:39',NULL),(118,13,13,4,30240.0000,'2015-12-25 10:32:04','2018-09-19 15:14:39','2018-09-19 15:14:39',NULL),(119,21,13,4,30240.0000,'2016-10-30 21:34:12','2018-09-19 15:14:39','2018-09-19 15:14:39',NULL),(120,19,11,3,30240.0000,'2016-02-25 13:33:56','2018-09-19 15:14:39','2018-09-19 15:14:39',NULL),(121,15,7,4,30240.0000,'2016-04-08 17:42:26','2018-09-19 15:14:39','2018-09-19 15:14:39',NULL),(122,19,21,2,30240.0000,'2018-05-27 07:48:28','2018-09-19 15:14:39','2018-09-19 15:14:39',NULL),(123,18,12,6,30240.0000,'2018-08-02 03:29:25','2018-09-19 15:14:39','2018-09-19 15:14:39',NULL),(124,19,21,6,30240.0000,'2016-09-01 08:35:11','2018-09-19 15:14:39','2018-09-19 15:14:39',NULL),(125,13,8,3,30240.0000,'2016-04-16 04:54:11','2018-09-19 15:14:39','2018-09-19 15:14:39',NULL),(126,20,26,6,30240.0000,'2018-06-23 08:09:04','2018-09-19 15:14:39','2018-09-19 15:14:39',NULL),(127,18,25,5,30240.0000,'2018-04-21 23:19:00','2018-09-19 15:14:39','2018-09-19 15:14:39',NULL),(128,19,8,3,30240.0000,'2016-05-13 23:39:59','2018-09-19 15:14:39','2018-09-19 15:14:39',NULL),(129,21,15,3,30240.0000,'2018-01-25 09:29:37','2018-09-19 15:14:39','2018-09-19 15:14:39',NULL),(130,21,13,3,30240.0000,'2017-10-09 04:21:17','2018-09-19 15:14:39','2018-09-19 15:14:39',NULL),(131,17,19,2,30240.0000,'2017-11-24 21:12:39','2018-09-19 15:14:39','2018-09-19 15:14:39',NULL),(132,12,19,6,30240.0000,'2018-06-04 15:27:56','2018-09-19 15:14:39','2018-09-19 15:14:39',NULL),(133,18,16,3,30240.0000,'2016-04-28 18:46:57','2018-09-19 15:14:39','2018-09-19 15:14:39',NULL),(134,16,12,6,30240.0000,'2016-09-19 11:48:19','2018-09-19 15:14:39','2018-09-19 15:14:39',NULL),(135,17,11,6,30240.0000,'2018-03-28 04:52:31','2018-09-19 15:14:39','2018-09-19 15:14:39',NULL),(136,15,22,4,30240.0000,'2016-11-04 15:11:30','2018-09-19 15:14:39','2018-09-19 15:14:39',NULL),(137,20,7,6,30240.0000,'2016-11-22 06:39:00','2018-09-19 15:14:39','2018-09-19 15:14:39',NULL),(138,12,21,6,30240.0000,'2016-02-11 07:44:02','2018-09-19 15:14:39','2018-09-19 15:14:39',NULL),(139,12,19,3,30240.0000,'2016-05-19 10:09:23','2018-09-19 15:14:39','2018-09-19 15:14:39',NULL),(140,12,15,4,30240.0000,'2016-10-11 03:56:23','2018-09-19 15:14:39','2018-09-19 15:14:39',NULL),(141,19,12,6,30240.0000,'2017-04-29 23:50:39','2018-09-19 15:14:39','2018-09-19 15:14:39',NULL),(142,15,10,5,30240.0000,'2017-08-09 09:46:11','2018-09-19 15:14:39','2018-09-19 15:14:39',NULL),(143,21,24,6,30240.0000,'2017-12-23 16:23:13','2018-09-19 15:14:39','2018-09-19 15:14:39',NULL),(144,13,18,2,30240.0000,'2018-01-07 10:55:07','2018-09-19 15:14:39','2018-09-19 15:14:39',NULL),(145,13,13,2,30240.0000,'2017-08-31 20:04:50','2018-09-19 15:14:39','2018-09-19 15:14:39',NULL),(146,16,21,2,30240.0000,'2016-04-12 23:40:10','2018-09-19 15:14:39','2018-09-19 15:14:39',NULL),(147,12,10,5,30240.0000,'2016-08-18 20:24:01','2018-09-19 15:14:39','2018-09-19 15:14:39',NULL),(148,15,23,6,30240.0000,'2016-04-05 01:17:18','2018-09-19 15:14:39','2018-09-19 15:14:39',NULL),(149,18,17,2,30240.0000,'2016-06-04 11:40:23','2018-09-19 15:14:39','2018-09-19 15:14:39',NULL),(150,20,9,5,30240.0000,'2018-08-11 15:57:02','2018-09-19 15:14:39','2018-09-19 15:14:39',NULL),(151,15,12,6,30240.0000,'2016-01-14 17:06:58','2018-09-19 15:14:39','2018-09-19 15:14:39',NULL),(152,21,21,3,30240.0000,'2016-04-26 22:29:16','2018-09-19 15:14:39','2018-09-19 15:14:39',NULL),(153,20,20,2,30240.0000,'2016-08-12 21:37:31','2018-09-19 15:14:39','2018-09-19 15:14:39',NULL),(154,16,22,2,30240.0000,'2016-03-13 17:18:30','2018-09-19 15:14:39','2018-09-19 15:14:39',NULL),(155,20,8,4,30240.0000,'2017-09-15 08:15:21','2018-09-19 15:14:39','2018-09-19 15:14:39',NULL),(156,18,24,2,30240.0000,'2017-12-22 14:49:08','2018-09-19 15:14:39','2018-09-19 15:14:39',NULL),(157,14,19,4,30240.0000,'2016-07-06 08:54:49','2018-09-19 15:14:39','2018-09-19 15:14:39',NULL),(158,21,22,2,30240.0000,'2018-03-08 18:51:13','2018-09-19 15:14:39','2018-09-19 15:14:39',NULL),(159,13,25,5,30240.0000,'2016-09-13 03:06:44','2018-09-19 15:14:39','2018-09-19 15:14:39',NULL),(160,12,8,6,30240.0000,'2016-03-11 20:15:26','2018-09-19 15:14:39','2018-09-19 15:14:39',NULL),(161,12,24,6,30240.0000,'2016-08-03 10:14:02','2018-09-19 15:14:39','2018-09-19 15:14:39',NULL),(162,19,16,5,30240.0000,'2018-02-01 16:46:25','2018-09-19 15:14:39','2018-09-19 15:14:39',NULL),(163,13,13,3,30240.0000,'2017-09-23 19:47:49','2018-09-19 15:14:39','2018-09-19 15:14:39',NULL),(164,14,17,3,30240.0000,'2016-08-16 14:14:24','2018-09-19 15:14:39','2018-09-19 15:14:39',NULL),(165,21,24,6,30240.0000,'2018-09-07 21:50:38','2018-09-19 15:14:39','2018-09-19 15:14:39',NULL),(166,15,11,3,30240.0000,'2016-10-09 16:36:03','2018-09-19 15:14:39','2018-09-19 15:14:39',NULL),(167,12,20,4,30240.0000,'2016-10-12 11:15:04','2018-09-19 15:14:39','2018-09-19 15:14:39',NULL),(168,15,25,5,30240.0000,'2016-01-29 14:58:25','2018-09-19 15:14:39','2018-09-19 15:14:39',NULL),(169,17,9,5,30240.0000,'2017-03-19 21:53:55','2018-09-19 15:14:39','2018-09-19 15:14:39',NULL),(170,16,8,3,30240.0000,'2018-06-15 21:47:48','2018-09-19 15:14:39','2018-09-19 15:14:39',NULL),(171,18,15,5,30240.0000,'2017-03-21 03:06:41','2018-09-19 15:14:39','2018-09-19 15:14:39',NULL),(172,20,26,2,30240.0000,'2018-04-16 06:20:33','2018-09-19 15:14:39','2018-09-19 15:14:39',NULL),(173,12,24,3,30240.0000,'2016-09-29 18:23:18','2018-09-19 15:14:39','2018-09-19 15:14:39',NULL),(174,20,16,5,30240.0000,'2017-07-18 04:53:57','2018-09-19 15:14:39','2018-09-19 15:14:39',NULL),(175,14,9,3,30240.0000,'2017-10-17 02:21:54','2018-09-19 15:14:39','2018-09-19 15:14:39',NULL),(176,15,14,5,30240.0000,'2016-04-20 02:51:58','2018-09-19 15:14:39','2018-09-19 15:14:39',NULL),(177,16,24,6,30240.0000,'2017-05-29 04:42:17','2018-09-19 15:14:39','2018-09-19 15:14:39',NULL),(178,14,23,4,30240.0000,'2016-08-29 04:27:44','2018-09-19 15:14:39','2018-09-19 15:14:39',NULL),(179,14,17,4,30240.0000,'2018-03-22 22:01:05','2018-09-19 15:14:39','2018-09-19 15:14:39',NULL),(180,17,23,5,30240.0000,'2017-06-16 05:22:36','2018-09-19 15:14:39','2018-09-19 15:14:39',NULL),(181,14,23,6,30240.0000,'2016-07-28 07:17:16','2018-09-19 15:14:39','2018-09-19 15:14:39',NULL),(182,15,17,6,30240.0000,'2016-10-13 01:05:27','2018-09-19 15:14:39','2018-09-19 15:14:39',NULL),(183,18,11,2,30240.0000,'2017-11-14 17:01:43','2018-09-19 15:14:39','2018-09-19 15:14:39',NULL),(184,18,9,2,30240.0000,'2016-09-03 18:07:22','2018-09-19 15:14:39','2018-09-19 15:14:39',NULL),(185,18,23,2,30240.0000,'2016-03-02 17:02:24','2018-09-19 15:14:39','2018-09-19 15:14:39',NULL),(186,13,21,4,30240.0000,'2016-08-17 16:11:17','2018-09-19 15:14:39','2018-09-19 15:14:39',NULL),(187,18,23,6,30240.0000,'2018-06-20 09:32:22','2018-09-19 15:14:39','2018-09-19 15:14:39',NULL),(188,18,20,5,30240.0000,'2018-02-11 22:32:57','2018-09-19 15:14:39','2018-09-19 15:14:39',NULL),(189,15,25,5,30240.0000,'2017-08-24 13:50:34','2018-09-19 15:14:39','2018-09-19 15:14:39',NULL),(190,19,19,6,30240.0000,'2016-09-24 01:46:54','2018-09-19 15:14:39','2018-09-19 15:14:39',NULL),(191,15,24,6,30240.0000,'2016-07-12 17:52:13','2018-09-19 15:14:39','2018-09-19 15:14:39',NULL),(192,18,12,3,30240.0000,'2016-09-20 08:11:51','2018-09-19 15:14:39','2018-09-19 15:14:39',NULL),(193,20,14,5,30240.0000,'2018-04-01 22:31:07','2018-09-19 15:14:39','2018-09-19 15:14:39',NULL),(194,21,25,4,30240.0000,'2017-03-05 23:21:24','2018-09-19 15:14:39','2018-09-19 15:14:39',NULL),(195,19,8,4,30240.0000,'2018-06-10 22:22:45','2018-09-19 15:14:39','2018-09-19 15:14:39',NULL),(196,17,7,2,30240.0000,'2018-06-08 18:35:06','2018-09-19 15:14:39','2018-09-19 15:14:39',NULL),(197,12,19,2,30240.0000,'2016-06-02 23:44:47','2018-09-19 15:14:39','2018-09-19 15:14:39',NULL),(198,19,21,5,30240.0000,'2016-03-30 03:44:58','2018-09-19 15:14:39','2018-09-19 15:14:39',NULL),(199,13,23,6,30240.0000,'2017-04-06 10:54:59','2018-09-19 15:14:39','2018-09-19 15:14:39',NULL),(200,15,16,5,30240.0000,'2018-01-05 08:37:23','2018-09-19 15:14:39','2018-09-19 15:14:39',NULL),(201,12,18,6,30240.0000,'2018-07-15 22:00:50','2018-09-19 15:14:39','2018-09-19 15:14:39',NULL),(202,24,7,6,153.0000,'2016-06-29 08:29:19','2018-09-19 15:14:39','2018-09-19 15:14:39',NULL),(203,27,10,5,189.0000,'2018-01-19 04:31:40','2018-09-19 15:14:39','2018-09-19 15:14:39',NULL),(204,31,17,5,22.0000,'2018-04-06 06:08:27','2018-09-19 15:14:39','2018-09-19 15:14:39',NULL),(205,27,22,6,66.0000,'2017-03-19 20:51:43','2018-09-19 15:14:39','2018-09-19 15:14:39',NULL),(206,27,9,4,188.0000,'2016-02-18 21:05:21','2018-09-19 15:14:39','2018-09-19 15:14:39',NULL),(207,26,25,6,145.0000,'2016-09-02 03:32:13','2018-09-19 15:14:39','2018-09-19 15:14:39',NULL),(208,26,26,6,42.0000,'2018-03-30 20:38:15','2018-09-19 15:14:39','2018-09-19 15:14:39',NULL),(209,25,19,5,150.0000,'2016-10-11 15:49:00','2018-09-19 15:14:39','2018-09-19 15:14:39',NULL),(210,28,9,6,91.0000,'2017-06-01 14:20:18','2018-09-19 15:14:39','2018-09-19 15:14:39',NULL),(211,29,11,5,153.0000,'2016-01-03 01:39:03','2018-09-19 15:14:39','2018-09-19 15:14:39',NULL),(212,27,17,2,197.0000,'2017-12-06 11:04:52','2018-09-19 15:14:39','2018-09-19 15:14:39',NULL),(213,24,24,6,137.0000,'2017-07-11 22:25:36','2018-09-19 15:14:39','2018-09-19 15:14:39',NULL),(214,30,16,3,63.0000,'2018-03-26 18:37:55','2018-09-19 15:14:39','2018-09-19 15:14:39',NULL),(215,28,7,5,4.0000,'2016-12-02 07:46:39','2018-09-19 15:14:39','2018-09-19 15:14:39',NULL),(216,28,19,2,160.0000,'2018-03-12 03:16:32','2018-09-19 15:14:39','2018-09-19 15:14:39',NULL),(217,25,20,5,125.0000,'2017-07-15 09:08:22','2018-09-19 15:14:39','2018-09-19 15:14:39',NULL),(218,31,20,4,18.0000,'2018-04-07 13:47:23','2018-09-19 15:14:39','2018-09-19 15:14:39',NULL),(219,22,26,2,147.0000,'2018-06-29 11:42:21','2018-09-19 15:14:39','2018-09-19 15:14:39',NULL),(220,23,9,6,81.0000,'2016-01-01 14:27:45','2018-09-19 15:14:39','2018-09-19 15:14:39',NULL),(221,25,26,6,146.0000,'2017-02-03 09:04:55','2018-09-19 15:14:39','2018-09-19 15:14:39',NULL),(222,29,26,3,122.0000,'2016-04-22 14:20:51','2018-09-19 15:14:39','2018-09-19 15:14:39',NULL),(223,28,12,5,25.0000,'2017-07-17 19:41:05','2018-09-19 15:14:39','2018-09-19 15:14:39',NULL),(224,29,7,6,125.0000,'2017-09-19 09:19:13','2018-09-19 15:14:39','2018-09-19 15:14:39',NULL),(225,30,17,4,195.0000,'2017-11-30 03:33:46','2018-09-19 15:14:39','2018-09-19 15:14:39',NULL),(226,30,26,6,59.0000,'2017-10-19 18:02:52','2018-09-19 15:14:39','2018-09-19 15:14:39',NULL),(227,22,12,5,41.0000,'2018-01-08 11:47:31','2018-09-19 15:14:39','2018-09-19 15:14:39',NULL),(228,30,15,5,4.0000,'2016-12-03 23:39:08','2018-09-19 15:14:39','2018-09-19 15:14:39',NULL),(229,26,23,6,141.0000,'2016-04-10 05:14:11','2018-09-19 15:14:39','2018-09-19 15:14:39',NULL),(230,27,8,5,6.0000,'2016-05-27 03:53:04','2018-09-19 15:14:39','2018-09-19 15:14:39',NULL),(231,27,17,6,78.0000,'2016-02-14 08:57:42','2018-09-19 15:14:39','2018-09-19 15:14:39',NULL),(232,30,17,3,76.0000,'2016-03-15 16:21:20','2018-09-19 15:14:39','2018-09-19 15:14:39',NULL),(233,28,7,4,14.0000,'2017-09-20 08:56:17','2018-09-19 15:14:39','2018-09-19 15:14:39',NULL),(234,27,26,4,195.0000,'2018-03-12 08:51:19','2018-09-19 15:14:39','2018-09-19 15:14:39',NULL),(235,30,20,6,6.0000,'2016-10-15 04:27:45','2018-09-19 15:14:39','2018-09-19 15:14:39',NULL),(236,30,18,5,1.0000,'2016-12-30 11:35:19','2018-09-19 15:14:39','2018-09-19 15:14:39',NULL),(237,30,17,2,26.0000,'2018-06-01 11:31:44','2018-09-19 15:14:39','2018-09-19 15:14:39',NULL),(238,31,25,6,75.0000,'2016-12-05 08:31:29','2018-09-19 15:14:39','2018-09-19 15:14:39',NULL),(239,22,19,6,114.0000,'2018-07-17 17:19:52','2018-09-19 15:14:39','2018-09-19 15:14:39',NULL),(240,22,12,5,135.0000,'2017-12-17 13:41:23','2018-09-19 15:14:39','2018-09-19 15:14:39',NULL),(241,23,20,2,67.0000,'2016-10-17 17:07:35','2018-09-19 15:14:39','2018-09-19 15:14:39',NULL),(242,28,10,4,70.0000,'2017-06-18 12:10:12','2018-09-19 15:14:39','2018-09-19 15:14:39',NULL),(243,27,13,2,123.0000,'2017-06-26 13:14:11','2018-09-19 15:14:39','2018-09-19 15:14:39',NULL),(244,22,19,4,183.0000,'2017-12-21 04:56:40','2018-09-19 15:14:39','2018-09-19 15:14:39',NULL),(245,22,21,3,117.0000,'2016-06-15 21:39:35','2018-09-19 15:14:39','2018-09-19 15:14:39',NULL),(246,29,18,5,67.0000,'2016-08-08 07:24:42','2018-09-19 15:14:39','2018-09-19 15:14:39',NULL),(247,24,17,4,18.0000,'2016-11-23 23:33:56','2018-09-19 15:14:39','2018-09-19 15:14:39',NULL),(248,24,9,2,62.0000,'2018-07-12 03:28:49','2018-09-19 15:14:39','2018-09-19 15:14:39',NULL),(249,31,23,5,3.0000,'2018-08-09 01:57:11','2018-09-19 15:14:39','2018-09-19 15:14:39',NULL),(250,27,8,4,118.0000,'2018-05-22 19:22:23','2018-09-19 15:14:39','2018-09-19 15:14:39',NULL),(251,31,25,5,124.0000,'2017-05-05 16:23:19','2018-09-19 15:14:39','2018-09-19 15:14:39',NULL),(252,29,26,2,192.0000,'2016-02-13 13:10:22','2018-09-19 15:14:39','2018-09-19 15:14:39',NULL),(253,22,10,6,138.0000,'2016-10-07 08:52:03','2018-09-19 15:14:39','2018-09-19 15:14:39',NULL),(254,28,11,3,153.0000,'2017-09-12 08:14:56','2018-09-19 15:14:39','2018-09-19 15:14:39',NULL),(255,26,13,5,94.0000,'2017-09-15 23:16:27','2018-09-19 15:14:39','2018-09-19 15:14:39',NULL),(256,29,11,6,8.0000,'2016-02-11 22:22:14','2018-09-19 15:14:39','2018-09-19 15:14:39',NULL),(257,31,15,3,110.0000,'2016-05-11 17:34:32','2018-09-19 15:14:39','2018-09-19 15:14:39',NULL),(258,31,15,4,93.0000,'2017-11-13 11:15:21','2018-09-19 15:14:39','2018-09-19 15:14:39',NULL),(259,28,9,6,86.0000,'2017-05-09 07:33:17','2018-09-19 15:14:39','2018-09-19 15:14:39',NULL),(260,23,21,3,143.0000,'2018-08-26 17:03:42','2018-09-19 15:14:39','2018-09-19 15:14:39',NULL),(261,24,15,2,54.0000,'2017-03-09 07:34:47','2018-09-19 15:14:39','2018-09-19 15:14:39',NULL),(262,25,14,3,142.0000,'2017-01-15 05:55:17','2018-09-19 15:14:39','2018-09-19 15:14:39',NULL),(263,26,24,2,130.0000,'2017-02-02 10:20:42','2018-09-19 15:14:39','2018-09-19 15:14:39',NULL),(264,29,10,2,199.0000,'2016-07-01 15:16:07','2018-09-19 15:14:39','2018-09-19 15:14:39',NULL),(265,24,15,2,125.0000,'2016-08-28 22:32:00','2018-09-19 15:14:39','2018-09-19 15:14:39',NULL),(266,31,8,3,110.0000,'2018-02-15 14:10:41','2018-09-19 15:14:39','2018-09-19 15:14:39',NULL),(267,24,8,6,131.0000,'2017-02-28 19:40:19','2018-09-19 15:14:39','2018-09-19 15:14:39',NULL),(268,26,12,4,142.0000,'2016-03-25 14:17:58','2018-09-19 15:14:39','2018-09-19 15:14:39',NULL),(269,23,23,3,168.0000,'2017-06-02 02:02:53','2018-09-19 15:14:39','2018-09-19 15:14:39',NULL),(270,25,15,4,97.0000,'2018-05-23 13:12:30','2018-09-19 15:14:39','2018-09-19 15:14:39',NULL),(271,30,8,2,63.0000,'2017-12-16 05:11:40','2018-09-19 15:14:39','2018-09-19 15:14:39',NULL),(272,27,8,3,55.0000,'2018-05-22 23:56:44','2018-09-19 15:14:39','2018-09-19 15:14:39',NULL),(273,25,9,5,192.0000,'2017-11-18 10:56:09','2018-09-19 15:14:39','2018-09-19 15:14:39',NULL),(274,28,24,4,37.0000,'2016-10-13 05:50:26','2018-09-19 15:14:39','2018-09-19 15:14:39',NULL),(275,29,26,5,75.0000,'2016-09-23 06:53:02','2018-09-19 15:14:39','2018-09-19 15:14:39',NULL),(276,26,23,3,133.0000,'2016-05-09 23:28:15','2018-09-19 15:14:39','2018-09-19 15:14:39',NULL),(277,27,24,6,146.0000,'2017-12-05 15:51:57','2018-09-19 15:14:39','2018-09-19 15:14:39',NULL),(278,25,22,4,13.0000,'2017-05-01 20:32:11','2018-09-19 15:14:39','2018-09-19 15:14:39',NULL),(279,23,13,3,181.0000,'2017-02-28 10:09:46','2018-09-19 15:14:39','2018-09-19 15:14:39',NULL),(280,27,8,6,93.0000,'2016-12-29 17:51:46','2018-09-19 15:14:39','2018-09-19 15:14:39',NULL),(281,24,23,2,185.0000,'2017-09-28 20:48:35','2018-09-19 15:14:39','2018-09-19 15:14:39',NULL),(282,25,22,4,80.0000,'2016-09-17 23:48:31','2018-09-19 15:14:39','2018-09-19 15:14:39',NULL),(283,23,23,2,62.0000,'2016-12-28 17:33:21','2018-09-19 15:14:39','2018-09-19 15:14:39',NULL),(284,22,14,6,158.0000,'2016-12-30 01:10:58','2018-09-19 15:14:39','2018-09-19 15:14:39',NULL),(285,22,24,6,143.0000,'2017-02-01 10:26:02','2018-09-19 15:14:39','2018-09-19 15:14:39',NULL),(286,30,7,2,185.0000,'2016-07-20 18:36:36','2018-09-19 15:14:39','2018-09-19 15:14:39',NULL),(287,23,21,5,99.0000,'2016-06-24 08:09:34','2018-09-19 15:14:39','2018-09-19 15:14:39',NULL),(288,29,13,5,43.0000,'2018-06-03 16:09:45','2018-09-19 15:14:39','2018-09-19 15:14:39',NULL),(289,31,15,3,175.0000,'2016-02-29 23:12:34','2018-09-19 15:14:39','2018-09-19 15:14:39',NULL),(290,29,18,3,187.0000,'2017-09-09 09:27:53','2018-09-19 15:14:39','2018-09-19 15:14:39',NULL),(291,29,22,2,97.0000,'2016-06-01 17:04:55','2018-09-19 15:14:39','2018-09-19 15:14:39',NULL),(292,25,17,4,83.0000,'2016-08-26 09:28:32','2018-09-19 15:14:39','2018-09-19 15:14:39',NULL),(293,30,24,4,17.0000,'2018-05-22 19:01:14','2018-09-19 15:14:39','2018-09-19 15:14:39',NULL),(294,27,12,2,149.0000,'2018-02-02 07:49:55','2018-09-19 15:14:39','2018-09-19 15:14:39',NULL),(295,24,15,4,17.0000,'2017-01-26 23:59:31','2018-09-19 15:14:39','2018-09-19 15:14:39',NULL),(296,30,22,3,120.0000,'2018-01-16 14:11:34','2018-09-19 15:14:39','2018-09-19 15:14:39',NULL),(297,24,10,6,27.0000,'2017-03-19 06:06:27','2018-09-19 15:14:39','2018-09-19 15:14:39',NULL),(298,27,12,5,14.0000,'2017-02-16 16:41:58','2018-09-19 15:14:39','2018-09-19 15:14:39',NULL),(299,24,22,2,155.0000,'2018-08-23 13:55:46','2018-09-19 15:14:39','2018-09-19 15:14:39',NULL),(300,26,16,5,83.0000,'2016-02-25 02:02:29','2018-09-19 15:14:39','2018-09-19 15:14:39',NULL),(301,26,19,6,140.0000,'2018-04-04 11:44:17','2018-09-19 15:14:39','2018-09-19 15:14:39',NULL),(302,40,21,3,1.0000,'2017-12-24 19:47:50','2018-09-19 15:14:39','2018-09-19 15:14:39',NULL),(303,38,16,2,1.0000,'2018-04-22 12:30:46','2018-09-19 15:14:39','2018-09-19 15:14:39',NULL),(304,33,22,5,1.0000,'2017-09-19 08:53:16','2018-09-19 15:14:39','2018-09-19 15:14:39',NULL),(305,39,12,5,1.0000,'2017-11-12 13:25:22','2018-09-19 15:14:39','2018-09-19 15:14:39',NULL),(306,37,16,2,1.0000,'2018-01-22 01:07:30','2018-09-19 15:14:39','2018-09-19 15:14:39',NULL),(307,34,7,3,1.0000,'2018-03-01 04:35:02','2018-09-19 15:14:39','2018-09-19 15:14:39',NULL),(308,37,12,5,1.0000,'2016-03-07 11:05:09','2018-09-19 15:14:39','2018-09-19 15:14:39',NULL),(309,36,24,4,1.0000,'2016-09-17 23:44:26','2018-09-19 15:14:39','2018-09-19 15:14:39',NULL),(310,40,26,6,1.0000,'2017-05-16 14:12:28','2018-09-19 15:14:39','2018-09-19 15:14:39',NULL),(311,32,10,5,1.0000,'2018-02-12 17:43:28','2018-09-19 15:14:39','2018-09-19 15:14:39',NULL),(312,37,12,6,1.0000,'2018-06-18 08:30:17','2018-09-19 15:14:39','2018-09-19 15:14:39',NULL),(313,34,21,6,1.0000,'2018-01-30 16:16:51','2018-09-19 15:14:39','2018-09-19 15:14:39',NULL),(314,39,19,5,1.0000,'2018-08-23 10:58:04','2018-09-19 15:14:39','2018-09-19 15:14:39',NULL),(315,38,17,2,1.0000,'2017-03-29 04:33:44','2018-09-19 15:14:39','2018-09-19 15:14:39',NULL),(316,32,25,2,1.0000,'2017-01-27 14:33:45','2018-09-19 15:14:39','2018-09-19 15:14:39',NULL),(317,38,19,6,1.0000,'2016-07-21 13:29:42','2018-09-19 15:14:39','2018-09-19 15:14:39',NULL),(318,38,14,2,1.0000,'2017-07-21 07:57:51','2018-09-19 15:14:39','2018-09-19 15:14:39',NULL),(319,34,24,2,1.0000,'2018-03-12 17:32:53','2018-09-19 15:14:39','2018-09-19 15:14:39',NULL),(320,38,26,4,1.0000,'2017-10-09 11:15:47','2018-09-19 15:14:39','2018-09-19 15:14:39',NULL),(321,37,22,6,1.0000,'2017-08-05 14:15:18','2018-09-19 15:14:39','2018-09-19 15:14:39',NULL),(322,38,19,6,1.0000,'2015-12-25 11:32:24','2018-09-19 15:14:39','2018-09-19 15:14:39',NULL),(323,33,9,5,1.0000,'2016-03-02 14:11:39','2018-09-19 15:14:39','2018-09-19 15:14:39',NULL),(324,40,26,3,1.0000,'2017-09-08 08:22:47','2018-09-19 15:14:39','2018-09-19 15:14:39',NULL),(325,33,24,5,1.0000,'2017-08-28 15:34:52','2018-09-19 15:14:39','2018-09-19 15:14:39',NULL),(326,39,23,5,1.0000,'2016-05-07 09:01:17','2018-09-19 15:14:39','2018-09-19 15:14:39',NULL),(327,32,23,2,1.0000,'2017-04-25 04:44:51','2018-09-19 15:14:39','2018-09-19 15:14:39',NULL),(328,35,17,4,1.0000,'2016-07-14 01:26:53','2018-09-19 15:14:39','2018-09-19 15:14:39',NULL),(329,34,7,2,1.0000,'2016-08-26 14:05:12','2018-09-19 15:14:39','2018-09-19 15:14:39',NULL),(330,33,9,2,1.0000,'2017-11-16 02:08:24','2018-09-19 15:14:39','2018-09-19 15:14:39',NULL),(331,32,8,2,1.0000,'2018-06-11 22:44:30','2018-09-19 15:14:39','2018-09-19 15:14:39',NULL),(332,32,21,6,1.0000,'2018-06-30 16:31:42','2018-09-19 15:14:39','2018-09-19 15:14:39',NULL),(333,38,9,3,1.0000,'2017-08-15 09:47:02','2018-09-19 15:14:39','2018-09-19 15:14:39',NULL),(334,32,25,6,1.0000,'2016-04-22 13:24:24','2018-09-19 15:14:39','2018-09-19 15:14:39',NULL),(335,38,17,6,1.0000,'2017-10-24 07:41:54','2018-09-19 15:14:39','2018-09-19 15:14:39',NULL),(336,38,14,5,1.0000,'2016-10-06 08:38:29','2018-09-19 15:14:39','2018-09-19 15:14:39',NULL),(337,36,26,4,1.0000,'2016-10-02 13:44:53','2018-09-19 15:14:39','2018-09-19 15:14:39',NULL),(338,38,21,5,1.0000,'2016-03-19 11:24:27','2018-09-19 15:14:39','2018-09-19 15:14:39',NULL),(339,34,22,6,1.0000,'2017-01-12 21:48:51','2018-09-19 15:14:39','2018-09-19 15:14:39',NULL),(340,41,13,5,1.0000,'2017-12-04 08:18:44','2018-09-19 15:14:39','2018-09-19 15:14:39',NULL),(341,32,11,4,1.0000,'2017-09-09 12:34:50','2018-09-19 15:14:39','2018-09-19 15:14:39',NULL),(342,33,11,6,1.0000,'2018-08-25 08:40:12','2018-09-19 15:14:39','2018-09-19 15:14:39',NULL),(343,41,22,3,1.0000,'2016-10-03 09:14:01','2018-09-19 15:14:39','2018-09-19 15:14:39',NULL),(344,35,25,3,1.0000,'2018-05-18 17:57:30','2018-09-19 15:14:39','2018-09-19 15:14:39',NULL),(345,41,22,2,1.0000,'2018-06-08 08:06:51','2018-09-19 15:14:39','2018-09-19 15:14:39',NULL),(346,33,20,6,1.0000,'2017-01-11 23:42:16','2018-09-19 15:14:39','2018-09-19 15:14:39',NULL),(347,35,22,2,1.0000,'2018-08-03 23:58:08','2018-09-19 15:14:39','2018-09-19 15:14:39',NULL),(348,38,26,4,1.0000,'2018-04-04 01:43:55','2018-09-19 15:14:39','2018-09-19 15:14:39',NULL),(349,39,21,5,1.0000,'2017-03-22 13:29:05','2018-09-19 15:14:39','2018-09-19 15:14:39',NULL),(350,37,13,6,1.0000,'2016-10-01 19:41:59','2018-09-19 15:14:39','2018-09-19 15:14:39',NULL),(351,38,17,6,1.0000,'2017-11-06 06:49:32','2018-09-19 15:14:39','2018-09-19 15:14:39',NULL),(352,32,25,6,1.0000,'2016-02-14 23:27:06','2018-09-19 15:14:39','2018-09-19 15:14:39',NULL),(353,38,10,3,1.0000,'2017-06-30 04:07:47','2018-09-19 15:14:39','2018-09-19 15:14:39',NULL),(354,35,14,6,1.0000,'2016-07-28 07:59:27','2018-09-19 15:14:39','2018-09-19 15:14:39',NULL),(355,37,25,2,1.0000,'2018-07-14 05:12:07','2018-09-19 15:14:39','2018-09-19 15:14:39',NULL),(356,39,10,6,1.0000,'2016-06-20 01:08:22','2018-09-19 15:14:39','2018-09-19 15:14:39',NULL),(357,32,7,6,1.0000,'2018-02-04 18:25:42','2018-09-19 15:14:39','2018-09-19 15:14:39',NULL),(358,32,22,4,1.0000,'2017-12-03 04:28:12','2018-09-19 15:14:39','2018-09-19 15:14:39',NULL),(359,38,13,5,1.0000,'2017-11-18 06:50:37','2018-09-19 15:14:39','2018-09-19 15:14:39',NULL),(360,39,9,5,1.0000,'2017-02-03 07:25:07','2018-09-19 15:14:39','2018-09-19 15:14:39',NULL),(361,39,8,4,1.0000,'2018-05-07 08:34:15','2018-09-19 15:14:39','2018-09-19 15:14:39',NULL),(362,41,23,6,1.0000,'2016-03-30 18:17:27','2018-09-19 15:14:39','2018-09-19 15:14:39',NULL),(363,41,14,6,1.0000,'2017-01-01 18:55:49','2018-09-19 15:14:39','2018-09-19 15:14:39',NULL),(364,32,19,2,1.0000,'2018-09-01 03:22:24','2018-09-19 15:14:39','2018-09-19 15:14:39',NULL),(365,34,19,4,1.0000,'2017-06-06 05:12:47','2018-09-19 15:14:39','2018-09-19 15:14:39',NULL),(366,41,11,3,1.0000,'2017-09-21 17:54:25','2018-09-19 15:14:39','2018-09-19 15:14:39',NULL),(367,35,23,6,1.0000,'2016-02-13 09:51:00','2018-09-19 15:14:39','2018-09-19 15:14:39',NULL),(368,39,21,4,1.0000,'2016-06-29 22:31:59','2018-09-19 15:14:39','2018-09-19 15:14:39',NULL),(369,33,18,5,1.0000,'2017-08-15 08:13:15','2018-09-19 15:14:39','2018-09-19 15:14:39',NULL),(370,41,16,3,1.0000,'2016-05-25 22:19:04','2018-09-19 15:14:39','2018-09-19 15:14:39',NULL),(371,41,25,5,1.0000,'2016-04-04 14:34:08','2018-09-19 15:14:39','2018-09-19 15:14:39',NULL),(372,32,9,6,1.0000,'2017-05-21 01:27:08','2018-09-19 15:14:39','2018-09-19 15:14:39',NULL),(373,34,16,5,1.0000,'2017-10-28 12:12:21','2018-09-19 15:14:39','2018-09-19 15:14:39',NULL),(374,40,17,6,1.0000,'2018-08-14 09:14:39','2018-09-19 15:14:39','2018-09-19 15:14:39',NULL),(375,36,16,4,1.0000,'2017-05-10 23:13:28','2018-09-19 15:14:39','2018-09-19 15:14:39',NULL),(376,35,16,4,1.0000,'2017-04-03 14:05:06','2018-09-19 15:14:39','2018-09-19 15:14:39',NULL),(377,32,8,2,1.0000,'2016-04-14 01:10:10','2018-09-19 15:14:39','2018-09-19 15:14:39',NULL),(378,38,13,5,1.0000,'2016-03-08 17:16:45','2018-09-19 15:14:39','2018-09-19 15:14:39',NULL),(379,38,24,6,1.0000,'2016-08-07 23:47:36','2018-09-19 15:14:39','2018-09-19 15:14:39',NULL),(380,33,9,3,1.0000,'2017-06-13 13:44:22','2018-09-19 15:14:39','2018-09-19 15:14:39',NULL),(381,38,13,4,1.0000,'2018-08-01 22:07:28','2018-09-19 15:14:39','2018-09-19 15:14:39',NULL),(382,34,9,3,1.0000,'2017-10-29 05:18:59','2018-09-19 15:14:39','2018-09-19 15:14:39',NULL),(383,41,24,3,1.0000,'2017-01-02 13:47:04','2018-09-19 15:14:39','2018-09-19 15:14:39',NULL),(384,37,26,4,1.0000,'2016-05-23 13:20:27','2018-09-19 15:14:39','2018-09-19 15:14:39',NULL),(385,35,8,3,1.0000,'2016-04-06 18:07:03','2018-09-19 15:14:39','2018-09-19 15:14:39',NULL),(386,40,20,6,1.0000,'2017-06-23 16:50:59','2018-09-19 15:14:39','2018-09-19 15:14:39',NULL),(387,36,14,3,1.0000,'2017-01-28 05:37:38','2018-09-19 15:14:39','2018-09-19 15:14:39',NULL),(388,33,13,4,1.0000,'2018-06-18 19:53:20','2018-09-19 15:14:39','2018-09-19 15:14:39',NULL),(389,39,11,3,1.0000,'2017-01-04 23:42:38','2018-09-19 15:14:39','2018-09-19 15:14:39',NULL),(390,33,19,5,1.0000,'2017-04-26 18:36:00','2018-09-19 15:14:39','2018-09-19 15:14:39',NULL),(391,38,10,5,1.0000,'2017-06-09 03:13:16','2018-09-19 15:14:39','2018-09-19 15:14:39',NULL),(392,33,11,3,1.0000,'2017-05-06 17:00:39','2018-09-19 15:14:39','2018-09-19 15:14:39',NULL),(393,40,16,6,1.0000,'2018-06-01 16:16:53','2018-09-19 15:14:39','2018-09-19 15:14:39',NULL),(394,41,17,3,1.0000,'2016-12-19 08:50:07','2018-09-19 15:14:39','2018-09-19 15:14:39',NULL),(395,35,12,3,1.0000,'2018-01-26 18:45:08','2018-09-19 15:14:39','2018-09-19 15:14:39',NULL),(396,34,26,3,1.0000,'2018-04-10 20:22:42','2018-09-19 15:14:39','2018-09-19 15:14:39',NULL),(397,41,14,4,1.0000,'2016-04-07 06:51:05','2018-09-19 15:14:39','2018-09-19 15:14:39',NULL),(398,37,15,3,1.0000,'2017-11-16 16:08:50','2018-09-19 15:14:39','2018-09-19 15:14:39',NULL),(399,35,16,5,1.0000,'2017-12-21 08:35:33','2018-09-19 15:14:39','2018-09-19 15:14:39',NULL),(400,40,14,3,1.0000,'2018-02-19 10:58:35','2018-09-19 15:14:39','2018-09-19 15:14:39',NULL),(401,36,11,3,1.0000,'2016-01-12 01:16:52','2018-09-19 15:14:39','2018-09-19 15:14:39',NULL),(402,42,7,4,1.0000,'2016-09-22 23:03:35','2018-09-19 15:14:39','2018-09-19 15:14:39',NULL),(403,42,18,2,1.0000,'2017-11-13 07:42:57','2018-09-19 15:14:39','2018-09-19 15:14:39',NULL),(404,42,16,5,1.0000,'2016-01-17 01:57:56','2018-09-19 15:14:39','2018-09-19 15:14:39',NULL),(405,42,8,2,1.0000,'2018-02-13 11:21:02','2018-09-19 15:14:39','2018-09-19 15:14:39',NULL),(406,42,19,5,1.0000,'2016-05-16 15:49:52','2018-09-19 15:14:39','2018-09-19 15:14:39',NULL),(407,43,26,3,1.0000,'2017-03-13 20:09:24','2018-09-19 15:14:39','2018-09-19 15:14:39',NULL),(408,43,25,5,1.0000,'2016-11-26 10:36:43','2018-09-19 15:14:39','2018-09-19 15:14:39',NULL),(409,43,10,3,1.0000,'2017-08-04 20:34:10','2018-09-19 15:14:39','2018-09-19 15:14:39',NULL),(410,43,24,3,1.0000,'2018-01-26 13:13:53','2018-09-19 15:14:39','2018-09-19 15:14:39',NULL),(411,43,14,3,1.0000,'2018-03-07 12:33:26','2018-09-19 15:14:39','2018-09-19 15:14:39',NULL),(412,16,13,2,46.0000,'2018-09-05 01:32:50','2018-09-19 15:14:39','2018-09-19 15:14:39',NULL),(413,21,21,6,87.0000,'2013-08-03 09:17:34','2018-09-19 15:14:39','2018-09-19 15:14:39',NULL),(414,13,15,6,192.0000,'2013-07-19 09:09:53','2018-09-19 15:14:39','2018-09-19 15:14:39',NULL),(415,15,22,4,39.0000,'2018-06-29 07:53:38','2018-09-19 15:14:39','2018-09-19 15:14:39',NULL),(416,21,21,2,127.0000,'2015-11-28 07:45:30','2018-09-19 15:14:39','2018-09-19 15:14:39',NULL),(417,15,22,3,199.0000,'2016-04-19 04:25:58','2018-09-19 15:14:39','2018-09-19 15:14:39',NULL),(418,14,7,4,50.0000,'2013-05-31 14:19:22','2018-09-19 15:14:39','2018-09-19 15:14:39',NULL),(419,12,15,3,193.0000,'2016-07-23 15:38:13','2018-09-19 15:14:39','2018-09-19 15:14:39',NULL),(420,18,14,5,131.0000,'2017-03-23 22:45:07','2018-09-19 15:14:39','2018-09-19 15:14:39',NULL),(421,13,24,5,85.0000,'2017-06-20 16:04:35','2018-09-19 15:14:39','2018-09-19 15:14:39',NULL),(422,21,13,2,188.0000,'2016-09-23 10:52:00','2018-09-19 15:14:39','2018-09-19 15:14:39',NULL),(423,17,12,4,83.0000,'2015-01-04 15:06:20','2018-09-19 15:14:39','2018-09-19 15:14:39',NULL),(424,17,17,5,47.0000,'2015-05-16 21:40:57','2018-09-19 15:14:39','2018-09-19 15:14:39',NULL),(425,18,25,2,8.0000,'2014-07-29 05:19:30','2018-09-19 15:14:39','2018-09-19 15:14:39',NULL),(426,21,8,2,66.0000,'2018-03-17 03:56:08','2018-09-19 15:14:39','2018-09-19 15:14:39',NULL),(427,20,26,5,99.0000,'2014-08-18 14:58:12','2018-09-19 15:14:39','2018-09-19 15:14:39',NULL),(428,13,12,2,125.0000,'2015-03-15 06:31:54','2018-09-19 15:14:39','2018-09-19 15:14:39',NULL),(429,13,26,2,52.0000,'2015-03-23 16:11:32','2018-09-19 15:14:39','2018-09-19 15:14:39',NULL),(430,18,23,3,189.0000,'2014-04-16 17:29:49','2018-09-19 15:14:39','2018-09-19 15:14:39',NULL),(431,20,11,3,38.0000,'2016-05-25 11:20:11','2018-09-19 15:14:39','2018-09-19 15:14:39',NULL),(432,13,14,5,91.0000,'2017-04-06 22:49:47','2018-09-19 15:14:39','2018-09-19 15:14:39',NULL),(433,12,18,4,7.0000,'2017-02-21 09:01:59','2018-09-19 15:14:39','2018-09-19 15:14:39',NULL),(434,17,19,6,200.0000,'2014-06-05 03:25:47','2018-09-19 15:14:39','2018-09-19 15:14:39',NULL),(435,16,10,4,165.0000,'2015-08-13 08:31:37','2018-09-19 15:14:39','2018-09-19 15:14:39',NULL),(436,15,14,4,98.0000,'2013-12-17 23:18:37','2018-09-19 15:14:39','2018-09-19 15:14:39',NULL),(437,15,25,6,185.0000,'2017-12-12 10:15:04','2018-09-19 15:14:39','2018-09-19 15:14:39',NULL),(438,16,14,3,128.0000,'2016-07-21 10:00:52','2018-09-19 15:14:39','2018-09-19 15:14:39',NULL),(439,15,14,2,120.0000,'2013-10-18 23:19:28','2018-09-19 15:14:39','2018-09-19 15:14:39',NULL),(440,14,7,2,4.0000,'2015-08-06 06:51:16','2018-09-19 15:14:39','2018-09-19 15:14:39',NULL),(441,12,15,5,33.0000,'2017-09-21 08:15:05','2018-09-19 15:14:39','2018-09-19 15:14:39',NULL),(442,21,24,5,189.0000,'2013-08-27 04:52:47','2018-09-19 15:14:39','2018-09-19 15:14:39',NULL),(443,12,7,2,6.0000,'2016-06-05 03:13:33','2018-09-19 15:14:39','2018-09-19 15:14:39',NULL),(444,16,25,5,160.0000,'2014-01-01 21:08:32','2018-09-19 15:14:39','2018-09-19 15:14:39',NULL),(445,13,25,2,126.0000,'2016-10-03 18:36:56','2018-09-19 15:14:39','2018-09-19 15:14:39',NULL),(446,21,18,4,5.0000,'2013-09-04 19:09:05','2018-09-19 15:14:39','2018-09-19 15:14:39',NULL),(447,12,21,5,140.0000,'2016-03-29 21:19:46','2018-09-19 15:14:39','2018-09-19 15:14:39',NULL),(448,17,8,3,76.0000,'2018-02-19 10:13:27','2018-09-19 15:14:39','2018-09-19 15:14:39',NULL),(449,17,13,4,122.0000,'2017-01-01 13:31:28','2018-09-19 15:14:39','2018-09-19 15:14:39',NULL),(450,12,25,2,59.0000,'2014-11-06 15:38:13','2018-09-19 15:14:39','2018-09-19 15:14:39',NULL),(451,20,18,5,197.0000,'2016-04-07 14:37:46','2018-09-19 15:14:39','2018-09-19 15:14:39',NULL),(452,12,16,5,190.0000,'2014-01-06 22:08:43','2018-09-19 15:14:39','2018-09-19 15:14:39',NULL),(453,15,26,3,178.0000,'2016-08-17 21:56:54','2018-09-19 15:14:39','2018-09-19 15:14:39',NULL),(454,18,22,5,9.0000,'2015-11-17 14:14:42','2018-09-19 15:14:39','2018-09-19 15:14:39',NULL),(455,21,17,3,58.0000,'2017-07-30 18:05:03','2018-09-19 15:14:39','2018-09-19 15:14:39',NULL),(456,20,16,6,128.0000,'2014-02-08 22:09:48','2018-09-19 15:14:39','2018-09-19 15:14:39',NULL),(457,19,22,5,132.0000,'2015-07-24 06:57:46','2018-09-19 15:14:39','2018-09-19 15:14:39',NULL),(458,15,26,5,86.0000,'2018-01-18 10:11:32','2018-09-19 15:14:39','2018-09-19 15:14:39',NULL),(459,17,10,4,100.0000,'2017-04-12 08:32:08','2018-09-19 15:14:39','2018-09-19 15:14:39',NULL),(460,12,16,6,51.0000,'2013-09-13 22:06:10','2018-09-19 15:14:39','2018-09-19 15:14:39',NULL),(461,13,23,2,154.0000,'2017-04-27 04:57:57','2018-09-19 15:14:39','2018-09-19 15:14:39',NULL);
/*!40000 ALTER TABLE `timeslices` ENABLE KEYS */;
UNLOCK TABLES;

--
-- Table structure for table `users`
--

DROP TABLE IF EXISTS `users`;
/*!40101 SET @saved_cs_client     = @@character_set_client */;
/*!40101 SET character_set_client = utf8 */;
CREATE TABLE `users` (
  `id` int(11) NOT NULL AUTO_INCREMENT,
  `username` varchar(180) COLLATE utf8_unicode_ci NOT NULL,
  `username_canonical` varchar(180) COLLATE utf8_unicode_ci NOT NULL,
  `email` varchar(180) COLLATE utf8_unicode_ci NOT NULL,
  `email_canonical` varchar(180) COLLATE utf8_unicode_ci NOT NULL,
  `enabled` tinyint(1) NOT NULL,
  `salt` varchar(255) COLLATE utf8_unicode_ci DEFAULT NULL,
  `password` varchar(255) COLLATE utf8_unicode_ci NOT NULL,
  `last_login` datetime DEFAULT NULL,
  `confirmation_token` varchar(180) COLLATE utf8_unicode_ci DEFAULT NULL,
  `password_requested_at` datetime DEFAULT NULL,
  `roles` longtext COLLATE utf8_unicode_ci NOT NULL COMMENT '(DC2Type:array)',
  `firstname` varchar(255) COLLATE utf8_unicode_ci DEFAULT NULL,
  `lastname` varchar(255) COLLATE utf8_unicode_ci DEFAULT NULL,
  `created_at` datetime NOT NULL,
  `updated_at` datetime NOT NULL,
  `employeeholiday` int(11) DEFAULT NULL,
  `discr` varchar(255) COLLATE utf8_unicode_ci NOT NULL,
  `extend_timetrack` tinyint(1) DEFAULT NULL,
  PRIMARY KEY (`id`),
  UNIQUE KEY `UNIQ_1483A5E992FC23A8` (`username_canonical`),
  UNIQUE KEY `UNIQ_1483A5E9A0D96FBF` (`email_canonical`),
  UNIQUE KEY `UNIQ_1483A5E9C05FB297` (`confirmation_token`)
) ENGINE=InnoDB AUTO_INCREMENT=27 DEFAULT CHARSET=utf8 COLLATE=utf8_unicode_ci;
/*!40101 SET character_set_client = @saved_cs_client */;

--
-- Dumping data for table `users`
--

LOCK TABLES `users` WRITE;
/*!40000 ALTER TABLE `users` DISABLE KEYS */;
INSERT INTO `users` VALUES (1,'admin','admin','admin@example.com','admin@example.com',1,'.EQWHA5r20QBrOhWxydY0/w7vPrEqNo6S2CF8UKfgSA','KSXLBA5TXWIxvP/DA2k3sRMbHWLwveqJW2ud2lIm3pDlsyvMP/TbLkuZSOQKv/nWeWTAQMs4nlD9xlDEfzSIlA==',NULL,NULL,NULL,'a:1:{i:0;s:16:\"ROLE_SUPER_ADMIN\";}','Default','User','2018-09-19 15:14:38','2018-09-19 15:14:38',20,'employee',1),(2,'probst.jose','probst.jose','richard.maurer@zehnder.com','richard.maurer@zehnder.com',1,'hqD6QeR6ssQiNw3cGglz/iIs/GHOP5TTzM3Urlrsb/I','OB06bASizd+wEgvXKGO4HdLDk+7uNczx/yhQkjwSjL3UH7vjJ5985X/apawRHgxyAi/+DYzkf8AMEiQ3TQSiAQ==',NULL,NULL,NULL,'a:0:{}','Frank','Schütz','2018-09-19 15:14:38','2018-09-19 15:14:38',20,'employee',1),(3,'hans.mathys','hans.mathys','marc58@hunziker.ch','marc58@hunziker.ch',0,'0lfhXuFXoaXhUEeTUdUavT7QqNXh3YMZq3ItyqgHwCs','k6gfgre33ULsAGf87NeSFKsg8sFRS05kNww8xnnwZymTzIW2Y7eVrJwLHPJYfCWoI7TRXuf8r94EkBKK6HqxiQ==',NULL,NULL,NULL,'a:0:{}','Rolf','Tobler','2018-09-19 15:14:38','2018-09-19 15:14:38',20,'employee',1),(4,'nhanni','nhanni','ibetschart@ulrich.net','ibetschart@ulrich.net',1,'21JZrD3hk842ptFL2yPF7zZ3idbVxIOKoq.QHrLLmhY','7Q3cjPFz4n+5JyKBO6cSR5XIvVYC04stHDEw6XmKyyigZ5/GFymE7ET/C6HUUvI9v1RrdaS2QK3j7PLlzY6pKA==',NULL,NULL,NULL,'a:0:{}','Stefanie','Bürki','2018-09-19 15:14:38','2018-09-19 15:14:38',20,'employee',1),(5,'ramon17','ramon17','schmid.michaela@eugster.ch','schmid.michaela@eugster.ch',0,'.JFiQjpATBIYTg.O6riC1NJD7AHQdbhYJg8l5OVUIcg','GKJigbN7JU5AhA9UxV894XYhfYWEnsUi0ciCmgdCDMrsDCaHKPaymw4WF/xXXz/Oqw1KAYN/XgyZ+Ck5wZ0d9g==',NULL,NULL,NULL,'a:0:{}','Hugo','Egger','2018-09-19 15:14:38','2018-09-19 15:14:38',20,'employee',1),(6,'christina07','christina07','bettina99@steffen.ch','bettina99@steffen.ch',1,'l4x1d1q3DtQ6yspGOwVtUtRnEeC4cZ7p15AY2yW5oWs','PTX+6UbGGFyscfpCIY1vX8oVkcBYAAteE0G6zicg9JHk3B7+f+i62vQu0kd5eGR7q3DJNzmuf+zIW0objGSIPQ==',NULL,NULL,NULL,'a:0:{}','Helena','Wüthrich','2018-09-19 15:14:38','2018-09-19 15:14:38',20,'employee',1),(7,'keller.jonathan','keller.jonathan','employee1@example.org','employee1@example.org',1,'hZSj5yARbcdvA1e/91evg73xOSAJEbk4qoRcJKNjgik','Hre8pokIPC5WYWUqxAcfOsRcNBks5qLIsEC7QjLrM8djHgirFWjrWNc3a+4zA41CmYyryUE6e6ISOHvFajuufQ==',NULL,NULL,NULL,'a:1:{i:0;s:16:\"ROLE_SUPER_ADMIN\";}','Default','User','2018-09-19 15:14:38','2018-09-19 15:14:38',20,'employee',1),(8,'marianna50','marianna50','ott.mike@swissonline.ch','ott.mike@swissonline.ch',0,'FcuM/g3mjNRkyw9TuAiK2DfksyvcwgmAdzetahA5Cfs','ViBN2xhmP6YPUT2wVkOfte7QP2NMIgV5Vc+FU7HVP9rgeRcfvSAyAdz04N1dE8PYcj952e6JehH0zNEjoYD4YQ==',NULL,NULL,NULL,'a:0:{}','Matthias','Haller','2018-09-19 15:14:38','2018-09-19 15:14:38',20,'employee',1),(9,'ilutz','ilutz','marco98@krebs.ch','marco98@krebs.ch',0,'8UtSpIOzDgII7RR65.ZbV8kUB1irZrRu6mXPBCHaRts','KehSu00IVD459RqN41f9aVSV5JvrlRSf5SauG9Mwx+Tt/cDi6Mz+aSGemgOXJaq03gOIdjKe7HfpmtyCl5agYw==',NULL,NULL,NULL,'a:0:{}','Aline','Brunner','2018-09-19 15:14:38','2018-09-19 15:14:38',20,'employee',1),(10,'georg.brunner','georg.brunner','adrian.wagner@lutz.net','adrian.wagner@lutz.net',0,'GhFm6rWgu0WKE3aC5eRWjLSKszMb8hLtylMide2UOR0','/fg88YWsoA7R5SO8qFMJkwK36sAZIWFjHQ5V0cf0uO3Wc6DxXECDb4d7E2D/K+Lt72b+SYCPVdwYLwt+AT0gug==',NULL,NULL,NULL,'a:0:{}','Nora','Sigrist','2018-09-19 15:14:38','2018-09-19 15:14:38',20,'employee',1),(11,'jennifer.walser','jennifer.walser','petra.burri@scherrer.li','petra.burri@scherrer.li',1,'sR7C7XXKM2r1aYgAnX7KYBf/I0r5FvofJ.ZPf8.36s0','W2jeHuxkGpdWfsXOWaDHa9Epfz6Iy72LXfjP53WB6VEub3UhHOTpJDto9f6vCp0md/XMyGOUb1p7/ogs1qYruA==',NULL,NULL,NULL,'a:0:{}','Gabriela','Zwahlen','2018-09-19 15:14:38','2018-09-19 15:14:38',20,'employee',1),(12,'raphael48','raphael48','anna99@gmail.com','anna99@gmail.com',1,'i1Mdx61gXmBf97hpfXLmmY19tULbXKazsY68WBPb7YM','cX3nZOTBD9kj7XiAwTTr1D6o4AyQm0w5Iw3Y33d55dvmAGndBWRJJa5l93Yu3jdty7GhXaxoIUaO2XUtdc93iQ==',NULL,NULL,NULL,'a:0:{}','Armin','Meister','2018-09-19 15:14:38','2018-09-19 15:14:38',20,'employee',1),(13,'betschart.sandro','betschart.sandro','rgisler@gmx.ch','rgisler@gmx.ch',0,'5wgOcJ8mdRm4h6TsDMsgY.bVnUkpSHOBO9H4v0Y1W.M','VNCX+4sZEJFnfZhVWlnqQH/AvvHz+K6Gey0QDfCZpCFrwuVAPV2GEHUo1Z7aHMA40Y1pSzAWjoQWaTGB2MOhEg==',NULL,NULL,NULL,'a:0:{}','Pia','Stutz','2018-09-19 15:14:38','2018-09-19 15:14:38',20,'employee',1),(14,'reber.esther','reber.esther','pascal.brunner@jost.li','pascal.brunner@jost.li',1,'AXwkGBA9hjaNIjvILKtvEDsohdJLet0Ektgcqbpra0E','i91FKE2j85texFxzlBi4TRPEu5GfYWJmlLGh46R+pw4TTyW4acsqqUE6thnA8cnNRHyKqOwevG3+B9JVnvU8/g==',NULL,NULL,NULL,'a:0:{}','Sandro','Achermann','2018-09-19 15:14:38','2018-09-19 15:14:38',20,'employee',1),(15,'beck.milena','beck.milena','shafliger@bieri.net','shafliger@bieri.net',1,'34YPr7zSsrkmj1SzDpAX9m3B54/YeLbf5iH0HPLP9O8','cZhQrqGooqfriZ4cnzHgVGOxRw6pFVlQVCVIG+yvtvH2WryTxPqHBBwTbYJbKk6q4m7NDINdRf7VJnuAbiW7Lg==',NULL,NULL,NULL,'a:0:{}','Alex','Koller','2018-09-19 15:14:38','2018-09-19 15:14:38',20,'employee',1),(16,'ipeter','ipeter','kevin14@gmx.ch','kevin14@gmx.ch',0,'ctM/emmTBiVVAOYlqBLV29mWn7U0egnGPzHGbDHNyjk','9uYmCyQ4r+wYF43uSZxve+UiaVz/gLpFm2ARaTgnBeSpy6HCD7st5QqLOqqLSG7AlUaPJVpL3H+1NNhF31T+QA==',NULL,NULL,NULL,'a:0:{}','Jonathan','Sutter','2018-09-19 15:14:38','2018-09-19 15:14:38',20,'employee',1),(17,'jessica83','jessica83','katja68@hotmail.com','katja68@hotmail.com',1,'Br..Ccs5QroLYaDNqthumpy3HizOZUkqKbywnjPKrhw','5dGtHVOXPY1zSVrvhzsOkf8nH0OX9FxSrxDIZ7WoAb/VvkQaBAeR6TfXHTv1okwRVFsD5cfIsHJBan+UKrNJbA==',NULL,NULL,NULL,'a:0:{}','Joel','Gerber','2018-09-19 15:14:38','2018-09-19 15:14:38',20,'employee',1),(18,'bwuthrich','bwuthrich','aschmid@gasser.com','aschmid@gasser.com',0,'QA8OJ.73fMUt75v/DCaN1rxDrluecksl2MzXdqUMizM','V4AFBGC7f5ptJa6AFnoJGN3oz5Z1n4Rp31rUcXxgDkeO+lW7wM7dMLEAIodL4dNmZjYxMajtYXqw+S+lGIw2gg==',NULL,NULL,NULL,'a:0:{}','Gisela','Niederberger','2018-09-19 15:14:38','2018-09-19 15:14:38',20,'employee',1),(19,'jlehmann','jlehmann','mehmet.kuster@gmx.ch','mehmet.kuster@gmx.ch',1,'WSj1utOA4F5rT6e3rePyWdjpJ..gx4z/Rx25moxQlzk','O3Ysd0o46rgbd9SVLS3NA2EySMWvqdmhg92aq8W2dQO8fZAPPm8kcIVNmax6OHuW+Bs9J6jOHUutefvjUMbG4Q==',NULL,NULL,NULL,'a:0:{}','Wilhelm','Sommer','2018-09-19 15:14:38','2018-09-19 15:14:38',20,'employee',1),(20,'arnold.elisabeth','arnold.elisabeth','rohrer.pius@frei.ch','rohrer.pius@frei.ch',0,'dLQjOmn49bI3NmtUjPBwt2NmUkOexVrgO4wlNnM1J3k','xOvOrULsPpCgACaiUzzR3kwxDHMGP/SjFIxV9qRvGTylG+oVnbvu3roa/cXCH9b3atGEpgvxQQhmiLGs+ylrPg==',NULL,NULL,NULL,'a:0:{}','Nadja','Christen','2018-09-19 15:14:38','2018-09-19 15:14:38',20,'employee',1),(21,'stadelmann.denis','stadelmann.denis','tlutz@swissonline.ch','tlutz@swissonline.ch',1,'hLpnvzB7Y9o83aPxHh0bKqwmEueyIuhd9ZFZgIdm98U','tkcGDP7al7dKXFpQwCPrx/8ranJq6HGGnpZlFLcZXb3VhaAGCSORBhmyvhSP8ABBE82WkRo5+xELpe9ZWSO6Fg==',NULL,NULL,NULL,'a:0:{}','Stephanie','Ott','2018-09-19 15:14:38','2018-09-19 15:14:38',20,'employee',1),(22,'kilian84','kilian84','yschar@googlemail.com','yschar@googlemail.com',0,'KRxyp5X9jLjBRqWBjraIbniVyh.U7K.zJlGJyFKIJ4M','N8v2Z2GMLNdKvY3hs/Txh/Y0+QXXIWRfl52q6NjNuTLeUSOdg2pLan5GqpkkRE0whFp8LZ/qUCNuA87fcnZ+9w==',NULL,NULL,NULL,'a:0:{}','Elsbeth','Steiner','2018-09-19 15:14:38','2018-09-19 15:14:38',20,'employee',1),(23,'eichenberger.ana','eichenberger.ana','marty.jonas@wirth.com','marty.jonas@wirth.com',0,'tePrW99.vTDSP3CwHEL.ABxXOH9XUSbTi.f1uW6FWYo','POlDrwdZI4x2VsogyLJWLOx2KA1A0OFYauR3CHVXLQIVkxqIM/oym3QJA9bFPRe5tZIk78PEevYIfXUjiyq1aw==',NULL,NULL,NULL,'a:0:{}','Anna','Kuster','2018-09-19 15:14:38','2018-09-19 15:14:38',20,'employee',1),(24,'dieter51','dieter51','fischer.louis@buhler.com','fischer.louis@buhler.com',0,'Lv.To91G5u4ReCXqscirPcR48gv7UdGi.gTxEqtGPsg','14tSbTQ6SIDuvnbWfWG2VuFRT2g4tDC8uX4USr9cHU5Z4/+RDPRtZysmUKgfTTuQKy6yhzlXyvFTq++d2gGaBw==',NULL,NULL,NULL,'a:0:{}','Tim','Rohner','2018-09-19 15:14:38','2018-09-19 15:14:38',20,'employee',1),(25,'burgi.richard','burgi.richard','jweiss@yahoo.com','jweiss@yahoo.com',1,'xpHny2dtDQ.bC6ty91Di1QEPfZI5IiSxT.nZx3crljo','/dKHc1z8cU8UMh8HiYeEaOb6lVNpoJJ1hJRNZC4r5Hby3Mf4NBbz03nSS9T1mORWbMJHdyazSBnKbWyRiib4Wg==',NULL,NULL,NULL,'a:0:{}','Paul','Mathis','2018-09-19 15:14:38','2018-09-19 15:14:38',20,'employee',1),(26,'alexandra82','alexandra82','stockli.michel@googlemail.com','stockli.michel@googlemail.com',0,'qPoFKOPpqC/kq9loiz8rim9lfSwjjOS1gV1J5HkdR90','9DwkxEuv2E3KEk0jeQ5U8H+cjoE3gbRVBm+qNVRU+GOd5LCEp7XnT4XyCqxYRVx7kqTWXkjZTMcVWkuFmUkZWA==',NULL,NULL,NULL,'a:0:{}','Georg','Bühler','2018-09-19 15:14:38','2018-09-19 15:14:38',20,'employee',1);
/*!40000 ALTER TABLE `users` ENABLE KEYS */;
UNLOCK TABLES;
/*!40103 SET TIME_ZONE=@OLD_TIME_ZONE */;

/*!40101 SET SQL_MODE=@OLD_SQL_MODE */;
/*!40014 SET FOREIGN_KEY_CHECKS=@OLD_FOREIGN_KEY_CHECKS */;
/*!40014 SET UNIQUE_CHECKS=@OLD_UNIQUE_CHECKS */;
/*!40101 SET CHARACTER_SET_CLIENT=@OLD_CHARACTER_SET_CLIENT */;
/*!40101 SET CHARACTER_SET_RESULTS=@OLD_CHARACTER_SET_RESULTS */;
/*!40101 SET COLLATION_CONNECTION=@OLD_COLLATION_CONNECTION */;
/*!40111 SET SQL_NOTES=@OLD_SQL_NOTES */;

-- Dump completed on 2018-09-19 13:14:45
