-- MySQL dump 10.16  Distrib 10.1.26-MariaDB, for debian-linux-gnu (x86_64)
--
-- Host: mysql    Database: dime
-- ------------------------------------------------------
-- Server version	5.6.33

/*!40101 SET @OLD_CHARACTER_SET_CLIENT=@@CHARACTER_SET_CLIENT */;
/*!40101 SET @OLD_CHARACTER_SET_RESULTS=@@CHARACTER_SET_RESULTS */;
/*!40101 SET @OLD_COLLATION_CONNECTION=@@COLLATION_CONNECTION */;
/*!40101 SET NAMES utf8mb4 */;
/*!40103 SET @OLD_TIME_ZONE=@@TIME_ZONE */;
/*!40103 SET TIME_ZONE='+00:00' */;
/*!40014 SET @OLD_UNIQUE_CHECKS=@@UNIQUE_CHECKS, UNIQUE_CHECKS=0 */;
/*!40014 SET @OLD_FOREIGN_KEY_CHECKS=@@FOREIGN_KEY_CHECKS, FOREIGN_KEY_CHECKS=0 */;
/*!40101 SET @OLD_SQL_MODE=@@SQL_MODE, SQL_MODE='NO_AUTO_VALUE_ON_ZERO' */;
/*!40111 SET @OLD_SQL_NOTES=@@SQL_NOTES, SQL_NOTES=0 */;

--
-- Table structure for table `Customer`
--

DROP TABLE IF EXISTS `Customer`;
/*!40101 SET @saved_cs_client     = @@character_set_client */;
/*!40101 SET character_set_client = utf8 */;
CREATE TABLE `Customer` (
  `id` int(11) NOT NULL AUTO_INCREMENT,
  `rate_group_id` int(11) DEFAULT NULL,
  `user_id` int(11) DEFAULT NULL,
  `company_id` int(11) DEFAULT NULL,
  `comment` longtext COLLATE utf8_unicode_ci,
  `email` longtext COLLATE utf8_unicode_ci,
  `chargeable` tinyint(1) DEFAULT NULL,
  `hide_for_business` tinyint(1) DEFAULT NULL,
  `common_name` varchar(255) COLLATE utf8_unicode_ci DEFAULT NULL,
  `created_at` datetime NOT NULL,
  `updated_at` datetime NOT NULL,
  `discr` varchar(255) COLLATE utf8_unicode_ci NOT NULL,
  `salutation` varchar(60) COLLATE utf8_unicode_ci DEFAULT NULL,
  `first_name` varchar(60) COLLATE utf8_unicode_ci DEFAULT NULL,
  `last_name` varchar(60) COLLATE utf8_unicode_ci DEFAULT NULL,
  `department` varchar(255) COLLATE utf8_unicode_ci DEFAULT NULL,
  `name` varchar(255) COLLATE utf8_unicode_ci DEFAULT NULL,
  PRIMARY KEY (`id`),
  KEY `IDX_784FEC5F2983C9E6` (`rate_group_id`),
  KEY `IDX_784FEC5FA76ED395` (`user_id`),
  KEY `IDX_784FEC5F979B1AD6` (`company_id`),
  CONSTRAINT `FK_784FEC5F2983C9E6` FOREIGN KEY (`rate_group_id`) REFERENCES `rate_groups` (`id`) ON DELETE SET NULL,
  CONSTRAINT `FK_784FEC5F979B1AD6` FOREIGN KEY (`company_id`) REFERENCES `Customer` (`id`),
  CONSTRAINT `FK_784FEC5FA76ED395` FOREIGN KEY (`user_id`) REFERENCES `users` (`id`) ON DELETE SET NULL
) ENGINE=InnoDB AUTO_INCREMENT=46 DEFAULT CHARSET=utf8 COLLATE=utf8_unicode_ci;
/*!40101 SET character_set_client = @saved_cs_client */;

--
-- Dumping data for table `Customer`
--

LOCK TABLES `Customer` WRITE;
/*!40000 ALTER TABLE `Customer` DISABLE KEYS */;
INSERT INTO `Customer` VALUES (1,1,NULL,NULL,'Dolor.','vfrey@naf.li',1,1,'Röthlisberger GmbH','2018-10-09 13:43:11','2018-10-09 13:43:11','company',NULL,NULL,NULL,NULL,'Röthlisberger GmbH'),(2,1,NULL,NULL,'Odio quis.','janine61@heiniger.com',1,1,'Zehnder','2018-10-09 13:43:11','2018-10-09 13:43:11','company',NULL,NULL,NULL,NULL,'Zehnder'),(3,1,NULL,NULL,'Aliquam est.','qbuhlmann@burki.li',0,0,'Wirth','2018-10-09 13:43:11','2018-10-09 13:43:11','company',NULL,NULL,NULL,NULL,'Wirth'),(4,1,NULL,NULL,'Eius.','marianne98@swissonline.ch',1,1,'Rohner','2018-10-09 13:43:11','2018-10-09 13:43:11','company',NULL,NULL,NULL,NULL,'Rohner'),(5,2,NULL,NULL,'Ut.','simone11@michel.li',1,0,'Kaufmann Meier GmbH','2018-10-09 13:43:11','2018-10-09 13:43:11','company',NULL,NULL,NULL,NULL,'Kaufmann Meier GmbH'),(6,1,NULL,NULL,'Numquam itaque.','jennifer.walser@aeschlimann.com',1,1,'Arnold Leuenberger GmbH','2018-10-09 13:43:11','2018-10-09 13:43:11','company',NULL,NULL,NULL,NULL,'Arnold Leuenberger GmbH'),(7,1,NULL,NULL,'Eveniet.','scherrer.ursula@hotmail.com',1,1,'Pfister AG','2018-10-09 13:43:11','2018-10-09 13:43:11','company',NULL,NULL,NULL,NULL,'Pfister AG'),(8,1,NULL,NULL,'Debitis consectetur.','ykessler@swissonline.ch',1,1,'Baumgartner AG','2018-10-09 13:43:11','2018-10-09 13:43:11','company',NULL,NULL,NULL,NULL,'Baumgartner AG'),(9,2,NULL,NULL,'Excepturi.','alessia15@ackermann.li',1,1,'Weiss AG','2018-10-09 13:43:11','2018-10-09 13:43:11','company',NULL,NULL,NULL,NULL,'Weiss AG'),(10,2,NULL,NULL,'Autem.','xprobst@hotmail.com',1,1,'Bürki','2018-10-09 13:43:11','2018-10-09 13:43:11','company',NULL,NULL,NULL,NULL,'Bürki'),(11,2,NULL,NULL,'Dignissimos est.','gkohler@wagner.org',1,1,'Achermann','2018-10-09 13:43:11','2018-10-09 13:43:11','company',NULL,NULL,NULL,NULL,'Achermann'),(12,2,NULL,NULL,'Corporis molestias.','beck.milena@berger.ch',1,1,'Peter AG','2018-10-09 13:43:11','2018-10-09 13:43:11','company',NULL,NULL,NULL,NULL,'Peter AG'),(13,1,NULL,NULL,'Odio in.','pscherrer@peter.com',1,1,'Tanner AG','2018-10-09 13:43:11','2018-10-09 13:43:11','company',NULL,NULL,NULL,NULL,'Tanner AG'),(14,1,NULL,NULL,'Totam.','krebs.marcel@sommer.ch',1,1,'Wenger Knecht AG','2018-10-09 13:43:11','2018-10-09 13:43:11','company',NULL,NULL,NULL,NULL,'Wenger Knecht AG'),(15,2,NULL,NULL,'Iure quia.','anita.jaggi@gmx.ch',1,1,'Giger GmbH','2018-10-09 13:43:11','2018-10-09 13:43:11','company',NULL,NULL,NULL,NULL,'Giger GmbH'),(16,1,NULL,NULL,'Consectetur.','bwuthrich@gmx.ch',0,1,'Stocker GmbH','2018-10-09 13:43:11','2018-10-09 13:43:11','company',NULL,NULL,NULL,NULL,'Stocker GmbH'),(17,2,NULL,NULL,'Et.','wagner.margaritha@swissonline.ch',1,1,'Gisler GmbH','2018-10-09 13:43:11','2018-10-09 13:43:11','company',NULL,NULL,NULL,NULL,'Gisler GmbH'),(18,1,NULL,NULL,'At quod.','herbert.lehmann@baumgartner.net',1,1,'Marty Flury AG','2018-10-09 13:43:11','2018-10-09 13:43:11','company',NULL,NULL,NULL,NULL,'Marty Flury AG'),(19,2,NULL,NULL,'Mollitia consequatur.','sandra.luscher@gmx.ch',1,1,'Sommer','2018-10-09 13:43:11','2018-10-09 13:43:11','company',NULL,NULL,NULL,NULL,'Sommer'),(20,2,NULL,NULL,'Qui.','khartmann@wirz.org',1,0,'Giger','2018-10-09 13:43:11','2018-10-09 13:43:11','company',NULL,NULL,NULL,NULL,'Giger'),(21,2,NULL,NULL,'Beatae rerum.','sebastian56@gmail.com',0,1,'Stöckli','2018-10-09 13:43:11','2018-10-09 13:43:11','company',NULL,NULL,NULL,NULL,'Stöckli'),(22,1,NULL,NULL,'Optio.','daniel05@googlemail.com',1,1,'Bösch GmbH','2018-10-09 13:43:11','2018-10-09 13:43:11','company',NULL,NULL,NULL,NULL,'Bösch GmbH'),(23,2,NULL,NULL,'Ut ratione.','lukas.zwahlen@gmx.ch',1,1,'Kohler AG','2018-10-09 13:43:11','2018-10-09 13:43:11','company',NULL,NULL,NULL,NULL,'Kohler AG'),(24,1,NULL,NULL,'Optio quos.','zlutz@googlemail.com',1,1,'Schumacher GmbH','2018-10-09 13:43:11','2018-10-09 13:43:11','company',NULL,NULL,NULL,NULL,'Schumacher GmbH'),(25,2,NULL,NULL,'Enim aperiam.','dstalder@hotmail.com',1,1,'Mathis Sutter AG','2018-10-09 13:43:11','2018-10-09 13:43:11','company',NULL,NULL,NULL,NULL,'Mathis Sutter AG'),(26,1,NULL,NULL,'Voluptas.','simone43@naf.li',1,1,'Dorothea Bühler','2018-10-09 13:43:11','2018-10-09 13:43:11','person','Herr','Dorothea','Bühler',NULL,NULL),(27,1,NULL,NULL,'Ea.','sieber.frank@hotmail.com',0,1,'Julia Schär','2018-10-09 13:43:11','2018-10-09 13:43:11','person','Herr','Julia','Schär',NULL,NULL),(28,2,NULL,NULL,'A harum.','johann24@ott.com',0,1,'Nelly Lehmann','2018-10-09 13:43:11','2018-10-09 13:43:11','person','Frau','Nelly','Lehmann',NULL,NULL),(29,1,NULL,NULL,'Necessitatibus qui.','ozwahlen@googlemail.com',1,1,'Marco Zwahlen','2018-10-09 13:43:11','2018-10-09 13:43:11','person','Herr','Marco','Zwahlen',NULL,NULL),(30,2,NULL,NULL,'Odit similique.','zmichel@flury.ch',1,1,'Christa Wüthrich','2018-10-09 13:43:11','2018-10-09 13:43:11','person','Frau','Christa','Wüthrich',NULL,NULL),(31,2,NULL,NULL,'Itaque magnam.','ghartmann@hotmail.com',1,1,'Larissa Leuenberger','2018-10-09 13:43:11','2018-10-09 13:43:11','person','Frau','Larissa','Leuenberger',NULL,NULL),(32,2,NULL,NULL,'Omnis eveniet.','scherrer.ursula@hotmail.com',1,1,'Leo Schüpbach','2018-10-09 13:43:11','2018-10-09 13:43:11','person','Herr','Leo','Schüpbach',NULL,NULL),(33,1,NULL,NULL,'Debitis consectetur.','ykessler@swissonline.ch',1,1,'Margrith Kaufmann','2018-10-09 13:43:11','2018-10-09 13:43:11','person','Herr','Margrith','Kaufmann',NULL,NULL),(34,2,NULL,NULL,'Sit.','rainer.ackermann@staub.com',1,1,'Claudio Stettler','2018-10-09 13:43:11','2018-10-09 13:43:11','person','Herr','Claudio','Stettler',NULL,NULL),(35,1,NULL,NULL,'Autem.','xprobst@hotmail.com',1,1,'Nils Sutter','2018-10-09 13:43:11','2018-10-09 13:43:11','person','Frau','Nils','Sutter',NULL,NULL),(36,NULL,NULL,19,'Excepturi magni.','jenni.alexander@peter.org',1,0,'Andrin Studer','2018-10-09 13:43:11','2018-10-09 13:43:11','person','Frau','Andrin','Studer',NULL,NULL),(37,NULL,NULL,11,'Voluptatem vel.','seiler.alex@koller.com',1,0,'Dominik Bieri','2018-10-09 13:43:11','2018-10-09 13:43:11','person','Frau','Dominik','Bieri',NULL,NULL),(38,NULL,NULL,21,'Minus iste.','achermann.rahel@gmail.com',1,0,'Thomas Wüthrich','2018-10-09 13:43:11','2018-10-09 13:43:11','person','Herr','Thomas','Wüthrich',NULL,NULL),(39,NULL,NULL,22,'Aut.','bhafliger@eberle.net',1,0,'Anita Jäggi','2018-10-09 13:43:11','2018-10-09 13:43:11','person','Frau','Anita','Jäggi',NULL,NULL),(40,NULL,NULL,17,'Velit.','katja68@hotmail.com',1,0,'Renate Frei','2018-10-09 13:43:11','2018-10-09 13:43:11','person','Frau','Renate','Frei',NULL,NULL),(41,NULL,NULL,13,'Perferendis totam.','andrin.huber@haller.com',1,0,'Moritz Roth','2018-10-09 13:43:11','2018-10-09 13:43:11','person','Frau','Moritz','Roth',NULL,NULL),(42,NULL,NULL,17,'Et.','heinrich76@googlemail.com',1,0,'Karin Koller','2018-10-09 13:43:11','2018-10-09 13:43:11','person','Frau','Karin','Koller','harum',NULL),(43,NULL,NULL,22,'Mollitia consequatur.','sandra.luscher@gmx.ch',1,0,'Roman Senn','2018-10-09 13:43:11','2018-10-09 13:43:11','person','Herr','Roman','Senn','natus',NULL),(44,NULL,NULL,21,'Similique quaerat.','graf.arthur@tanner.com',1,0,'Sibylle Weber','2018-10-09 13:43:11','2018-10-09 13:43:11','person','Herr','Sibylle','Weber',NULL,NULL),(45,NULL,NULL,23,'Ipsa nam.','ikaser@yahoo.com',1,0,'Corinne Keller','2018-10-09 13:43:11','2018-10-09 13:43:11','person','Herr','Corinne','Keller','sequi',NULL);
/*!40000 ALTER TABLE `Customer` ENABLE KEYS */;
UNLOCK TABLES;

--
-- Table structure for table `WorkingPeriods`
--

DROP TABLE IF EXISTS `WorkingPeriods`;
/*!40101 SET @saved_cs_client     = @@character_set_client */;
/*!40101 SET character_set_client = utf8 */;
CREATE TABLE `WorkingPeriods` (
  `id` int(11) NOT NULL AUTO_INCREMENT,
  `employee_id` int(11) DEFAULT NULL,
  `user_id` int(11) DEFAULT NULL,
  `start` date DEFAULT NULL,
  `end` date DEFAULT NULL,
  `pensum` decimal(10,2) DEFAULT NULL,
  `holidays` int(11) DEFAULT NULL,
  `yearly_employee_vacation_budget` int(11) NOT NULL,
  `last_year_holiday_balance` varchar(255) COLLATE utf8_unicode_ci DEFAULT NULL,
  `realTime` int(11) DEFAULT NULL,
  `created_at` datetime NOT NULL,
  `updated_at` datetime NOT NULL,
  PRIMARY KEY (`id`),
  KEY `IDX_57C1BB888C03F15C` (`employee_id`),
  KEY `IDX_57C1BB88A76ED395` (`user_id`),
  CONSTRAINT `FK_57C1BB888C03F15C` FOREIGN KEY (`employee_id`) REFERENCES `users` (`id`),
  CONSTRAINT `FK_57C1BB88A76ED395` FOREIGN KEY (`user_id`) REFERENCES `users` (`id`) ON DELETE SET NULL
) ENGINE=InnoDB AUTO_INCREMENT=51 DEFAULT CHARSET=utf8 COLLATE=utf8_unicode_ci;
/*!40101 SET character_set_client = @saved_cs_client */;

--
-- Dumping data for table `WorkingPeriods`
--

LOCK TABLES `WorkingPeriods` WRITE;
/*!40000 ALTER TABLE `WorkingPeriods` DISABLE KEYS */;
INSERT INTO `WorkingPeriods` VALUES (1,7,2,'2017-01-25','2017-06-07',0.80,177629,20,'28',210880,'2018-10-09 13:43:11','2018-10-09 13:43:11'),(2,7,5,'2018-05-22','2019-02-07',0.30,129742,20,'48',6040,'2018-10-09 13:43:11','2018-10-09 13:43:11'),(3,16,5,'2018-02-16','2019-02-02',0.50,290801,20,'49',2455,'2018-10-09 13:43:11','2018-10-09 13:43:11'),(4,8,3,'2018-03-26','2019-08-07',0.80,662795,20,'67',0,'2018-10-09 13:43:11','2018-10-09 13:43:11'),(5,11,2,'2018-09-27','2019-07-01',0.20,91797,20,'42',3,'2018-10-09 13:43:11','2018-10-09 13:43:11'),(6,9,2,'2017-10-27','2018-11-05',0.50,310685,20,'21',39157224,'2018-10-09 13:43:11','2018-10-09 13:43:11'),(7,14,4,'2018-06-20','2019-03-09',0.50,217065,20,'19',66019506,'2018-10-09 13:43:11','2018-10-09 13:43:11'),(8,18,2,'2018-08-29','2019-08-17',0.40,234629,20,'22',727966598,'2018-10-09 13:43:11','2018-10-09 13:43:11'),(9,16,5,'2017-11-29','2019-08-09',0.90,921616,20,'62',3703871,'2018-10-09 13:43:11','2018-10-09 13:43:11'),(10,12,5,'2018-10-03','2019-06-01',0.10,39933,25,'78',2660981,'2018-10-09 13:43:11','2018-10-09 13:43:11'),(11,20,2,'2018-05-20','2019-02-01',0.70,298092,20,'93',26,'2018-10-09 13:43:11','2018-10-09 13:43:11'),(12,20,6,'2018-03-30','2019-02-20',0.70,380444,20,'99',66265002,'2018-10-09 13:43:11','2018-10-09 13:43:11'),(13,22,3,'2018-08-12','2019-04-15',0.90,366857,20,'53',59,'2018-10-09 13:43:11','2018-10-09 13:43:11'),(14,14,5,'2018-08-21','2018-11-10',0.40,53686,20,'93',16069,'2018-10-09 13:43:11','2018-10-09 13:43:11'),(15,15,4,'2018-04-16','2019-04-05',0.50,294115,25,'46',4,'2018-10-09 13:43:11','2018-10-09 13:43:11'),(16,20,2,'2018-06-14','2018-12-15',0.10,30489,25,'73',1499,'2018-10-09 13:43:11','2018-10-09 13:43:11'),(17,25,6,'2018-04-25','2019-02-10',0.20,96768,20,'93',44185321,'2018-10-09 13:43:11','2018-10-09 13:43:11'),(18,25,5,'2018-06-20','2018-11-26',0.80,210769,20,'20',49590601,'2018-10-09 13:43:11','2018-10-09 13:43:11'),(19,20,4,'2018-08-19','2019-06-16',0.10,49875,25,'4',7366,'2018-10-09 13:43:11','2018-10-09 13:43:11'),(20,18,6,'2018-07-24','2019-06-02',0.20,104059,20,'5',9103,'2018-10-09 13:43:11','2018-10-09 13:43:11'),(21,11,6,'2018-06-23','2019-01-11',0.50,168184,20,'91',155,'2018-10-09 13:43:11','2018-10-09 13:43:11'),(22,23,3,'2018-03-07','2019-01-31',0.20,109692,20,'54',256475042,'2018-10-09 13:43:11','2018-10-09 13:43:11'),(23,23,5,'2018-05-20','2019-02-10',0.50,221208,20,'9',468608,'2018-10-09 13:43:11','2018-10-09 13:43:11'),(24,23,2,'2018-03-21','2019-04-18',0.60,391712,20,'62',9748,'2018-10-09 13:43:11','2018-10-09 13:43:11'),(25,22,3,'2018-08-24','2019-04-12',0.70,267935,25,'84',1,'2018-10-09 13:43:11','2018-10-09 13:43:11'),(26,15,2,'2018-09-10','2019-09-09',0.30,180943,20,'38',347921,'2018-10-09 13:43:11','2018-10-09 13:43:11'),(27,7,6,'2017-12-27','2019-02-05',1.00,672736,20,'61',944773296,'2018-10-09 13:43:11','2018-10-09 13:43:11'),(28,10,6,'2018-04-10','2019-03-23',0.20,115326,25,'40',714,'2018-10-09 13:43:11','2018-10-09 13:43:11'),(29,15,4,'2017-12-20','2019-08-11',0.50,496267,20,'11',9894007,'2018-10-09 13:43:11','2018-10-09 13:43:11'),(30,10,5,'2018-08-27','2019-07-20',0.20,108367,20,'73',7211,'2018-10-09 13:43:11','2018-10-09 13:43:11'),(31,17,5,'2018-09-11','2019-05-16',0.30,122783,20,'85',239,'2018-10-09 13:43:11','2018-10-09 13:43:11'),(32,23,4,'2018-03-22','2019-08-08',0.30,250536,20,'30',46941,'2018-10-09 13:43:11','2018-10-09 13:43:11'),(33,23,3,'2017-12-22','2019-09-04',0.10,103065,20,'64',4728,'2018-10-09 13:43:11','2018-10-09 13:43:11'),(34,23,3,'2018-02-21','2019-02-04',0.20,115326,20,'77',658554,'2018-10-09 13:43:11','2018-10-09 13:43:11'),(35,22,6,'2017-11-28','2019-04-05',0.80,654841,20,'51',670625303,'2018-10-09 13:43:11','2018-10-09 13:43:11'),(36,7,3,'2017-11-12','2019-09-27',0.60,681021,20,'35',2887717,'2018-10-09 13:43:11','2018-10-09 13:43:11'),(37,7,2,'2017-11-26','2018-11-14',0.30,175972,20,'63',71,'2018-10-09 13:43:11','2018-10-09 13:43:11'),(38,24,6,'2018-05-21','2018-12-06',0.40,131896,20,'97',9,'2018-10-09 13:43:11','2018-10-09 13:43:11'),(39,17,4,'2018-05-04','2019-03-14',0.60,313170,20,'49',770599112,'2018-10-09 13:43:11','2018-10-09 13:43:11'),(40,14,2,'2018-10-10','2019-09-25',0.10,57995,25,'15',56,'2018-10-09 13:43:11','2018-10-09 13:43:11'),(41,23,3,'2018-08-11','2019-02-28',0.40,133884,20,'41',242874,'2018-10-09 13:43:11','2018-10-09 13:43:11'),(42,9,4,'2018-07-13','2019-03-19',0.10,41425,20,'14',24318,'2018-10-09 13:43:11','2018-10-09 13:43:11'),(43,25,5,'2018-06-27','2019-01-08',0.30,96934,25,'43',8120,'2018-10-09 13:43:11','2018-10-09 13:43:11'),(44,23,5,'2017-10-14','2019-03-15',0.20,171332,20,'13',596668,'2018-10-09 13:43:11','2018-10-09 13:43:11'),(45,25,5,'2018-01-30','2019-03-17',0.60,409607,20,'22',1,'2018-10-09 13:43:11','2018-10-09 13:43:11'),(46,26,3,'2018-06-10','2019-07-14',0.40,264455,20,'6',527740,'2018-10-09 13:43:11','2018-10-09 13:43:11'),(47,7,4,'2018-05-21','2019-01-27',0.90,375804,25,'77',431608,'2018-10-09 13:43:11','2018-10-09 13:43:11'),(48,24,3,'2018-03-26','2018-11-30',0.50,206295,20,'11',8,'2018-10-09 13:43:11','2018-10-09 13:43:11'),(49,18,2,'2018-07-23','2019-03-04',0.70,260975,20,'9',566649,'2018-10-09 13:43:11','2018-10-09 13:43:11'),(50,11,3,'2018-06-27','2019-02-25',0.80,322118,25,'57',97506,'2018-10-09 13:43:11','2018-10-09 13:43:11');
/*!40000 ALTER TABLE `WorkingPeriods` ENABLE KEYS */;
UNLOCK TABLES;

--
-- Table structure for table `activities`
--

DROP TABLE IF EXISTS `activities`;
/*!40101 SET @saved_cs_client     = @@character_set_client */;
/*!40101 SET character_set_client = utf8 */;
CREATE TABLE `activities` (
  `id` int(11) NOT NULL AUTO_INCREMENT,
  `project_id` int(11) DEFAULT NULL,
  `service_id` int(11) DEFAULT NULL,
  `user_id` int(11) DEFAULT NULL,
  `description` longtext COLLATE utf8_unicode_ci,
  `rate_value` varchar(255) COLLATE utf8_unicode_ci DEFAULT NULL COMMENT '(DC2Type:money)',
  `chargeable` tinyint(1) DEFAULT NULL,
  `cargeable_reference` smallint(6) NOT NULL,
  `vat` decimal(10,3) DEFAULT NULL,
  `rate_unit` longtext COLLATE utf8_unicode_ci,
  `created_at` datetime NOT NULL,
  `updated_at` datetime NOT NULL,
  `deleted_at` datetime DEFAULT NULL,
  `rateUnitType_id` varchar(255) COLLATE utf8_unicode_ci DEFAULT NULL,
  PRIMARY KEY (`id`),
  KEY `IDX_B5F1AFE5166D1F9C` (`project_id`),
  KEY `IDX_B5F1AFE5ED5CA9E6` (`service_id`),
  KEY `IDX_B5F1AFE52BE78CCE` (`rateUnitType_id`),
  KEY `IDX_B5F1AFE5A76ED395` (`user_id`),
  CONSTRAINT `FK_B5F1AFE5166D1F9C` FOREIGN KEY (`project_id`) REFERENCES `projects` (`id`) ON DELETE SET NULL,
  CONSTRAINT `FK_B5F1AFE52BE78CCE` FOREIGN KEY (`rateUnitType_id`) REFERENCES `rateunittypes` (`id`) ON DELETE SET NULL,
  CONSTRAINT `FK_B5F1AFE5A76ED395` FOREIGN KEY (`user_id`) REFERENCES `users` (`id`) ON DELETE SET NULL,
  CONSTRAINT `FK_B5F1AFE5ED5CA9E6` FOREIGN KEY (`service_id`) REFERENCES `services` (`id`) ON DELETE SET NULL
) ENGINE=InnoDB AUTO_INCREMENT=55 DEFAULT CHARSET=utf8 COLLATE=utf8_unicode_ci;
/*!40101 SET character_set_client = @saved_cs_client */;

--
-- Dumping data for table `activities`
--

LOCK TABLES `activities` WRITE;
/*!40000 ALTER TABLE `activities` DISABLE KEYS */;
INSERT INTO `activities` VALUES (1,9,1,2,'DimERP Programmieren','CHF 10000',1,1,0.080,'CHF/h','2018-10-09 13:43:11','2018-10-09 13:43:11',NULL,'h'),(2,1,6,5,'Molestias est in sed.','CHF 18000',1,1,0.025,'CHF/h','2018-10-09 13:43:11','2018-10-09 13:43:11',NULL,'h'),(3,10,13,5,'Cum ducimus vitae quam.','CHF 8100',1,1,0.025,'CHF/h','2018-10-09 13:43:11','2018-10-09 13:43:11',NULL,'h'),(4,2,14,6,'Est officia voluptatibus corrupti commodi deserunt.','CHF 2800',1,1,0.080,'CHF/h','2018-10-09 13:43:11','2018-10-09 13:43:11',NULL,'h'),(5,16,6,3,'Aut numquam a harum aliquam est.','CHF 18000',1,1,0.025,'CHF/h','2018-10-09 13:43:11','2018-10-09 13:43:11',NULL,'h'),(6,5,2,2,'Ratione sunt ut officia est.','CHF 10300',1,1,0.080,'CHF/h','2018-10-09 13:43:11','2018-10-09 13:43:11',NULL,'h'),(7,19,8,5,'Eius necessitatibus qui.','CHF 2800',1,1,0.080,'CHF/h','2018-10-09 13:43:11','2018-10-09 13:43:11',NULL,'h'),(8,19,20,3,'Eum repellendus enim eum.','CHF 10300',1,1,0.080,'CHF/h','2018-10-09 13:43:11','2018-10-09 13:43:11',NULL,'h'),(9,12,19,3,'Explicabo odit similique nihil numquam est.','CHF 18000',1,1,0.080,'CHF/h','2018-10-09 13:43:11','2018-10-09 13:43:11',NULL,'h'),(10,20,9,3,'Sit quas quo totam quia.','CHF 18000',0,1,0.025,'CHF/h','2018-10-09 13:43:11','2018-10-09 13:43:11',NULL,'h'),(11,12,16,2,'Quidem dolorum neque repudiandae.','CHF 8100',1,1,0.080,'CHF/h','2018-10-09 13:43:11','2018-10-09 13:43:11',NULL,'h'),(12,5,38,3,'Occaecati ut et soluta.','CHF 16900',0,1,0.080,'CHF/d','2018-10-09 13:43:11','2018-10-09 13:43:11',NULL,'t'),(13,9,35,6,'Et nihil voluptates dolores consectetur quo.','CHF 3100',1,1,0.080,'CHF/d','2018-10-09 13:43:11','2018-10-09 13:43:11',NULL,'t'),(14,9,28,2,'Perspiciatis aspernatur nemo.','CHF 10800',0,1,0.025,'CHF/d','2018-10-09 13:43:11','2018-10-09 13:43:11',NULL,'t'),(15,1,35,4,'Dolorem consequatur rerum suscipit.','CHF 3100',1,1,0.080,'CHF/d','2018-10-09 13:43:11','2018-10-09 13:43:11',NULL,'t'),(16,20,40,5,'Et eos blanditiis.','CHF 10800',1,1,0.080,'CHF/d','2018-10-09 13:43:11','2018-10-09 13:43:11',NULL,'t'),(17,12,40,4,'Iste repellat qui ipsum sit illum.','CHF 10800',1,1,0.080,'CHF/d','2018-10-09 13:43:11','2018-10-09 13:43:11',NULL,'t'),(18,14,24,3,'Commodi modi quia culpa corrupti autem.','CHF 1500',1,1,0.025,'CHF/d','2018-10-09 13:43:11','2018-10-09 13:43:11',NULL,'t'),(19,5,27,6,'Consequuntur provident beatae culpa consequatur aut.','CHF 10800',1,1,0.080,'CHF/d','2018-10-09 13:43:11','2018-10-09 13:43:11',NULL,'t'),(20,16,30,4,'Excepturi magni qui at et inventore.','CHF 1500',1,1,0.080,'CHF/d','2018-10-09 13:43:11','2018-10-09 13:43:11',NULL,'t'),(21,9,25,4,'Corporis molestias nam maxime qui dolorem.','CHF 16900',1,1,0.025,'CHF/d','2018-10-09 13:43:11','2018-10-09 13:43:11',NULL,'t'),(22,16,58,3,'Ex occaecati dolorem.','CHF 18300',1,1,0.080,'Pauschal','2018-10-09 13:43:11','2018-10-09 13:43:11',NULL,'a'),(23,6,48,2,'Odio in vero reiciendis modi.','CHF 18300',1,1,0.080,'Pauschal','2018-10-09 13:43:11','2018-10-09 13:43:11',NULL,'a'),(24,1,50,5,'Labore minus iste corrupti.','CHF 18300',1,1,0.080,'Pauschal','2018-10-09 13:43:11','2018-10-09 13:43:11',NULL,'a'),(25,20,42,6,'Consectetur omnis eaque nobis qui recusandae.','CHF 18500',1,1,0.025,'Einheit','2018-10-09 13:43:11','2018-10-09 13:43:11',NULL,'a'),(26,3,58,2,'Aut delectus laudantium.','CHF 18300',1,1,0.080,'Pauschal','2018-10-09 13:43:11','2018-10-09 13:43:11',NULL,'a'),(27,9,45,5,'Omnis possimus numquam nostrum officiis.','CHF 13700',1,1,0.080,'Km','2018-10-09 13:43:11','2018-10-09 13:43:11',NULL,'a'),(28,7,52,2,'Sit aut temporibus dolorem occaecati.','CHF 18500',1,1,0.025,'Einheit','2018-10-09 13:43:11','2018-10-09 13:43:11',NULL,'a'),(29,12,54,4,'Molestias quod error.','CHF 13700',0,1,0.025,'Km','2018-10-09 13:43:11','2018-10-09 13:43:11',NULL,'a'),(30,2,59,3,'Temporibus et et veritatis quia.','CHF 18500',1,1,0.080,'Einheit','2018-10-09 13:43:11','2018-10-09 13:43:11',NULL,'a'),(31,7,49,4,'Dolore accusamus qui similique et aliquam.','CHF 5500',1,1,0.025,'Einheit','2018-10-09 13:43:11','2018-10-09 13:43:11',NULL,'a'),(32,15,68,5,'Commodi qui voluptate quia rerum ut.','CHF 6700',1,1,0.080,'Pauschal','2018-10-09 13:43:11','2018-10-09 13:43:11',NULL,'a'),(33,19,74,3,'Totam saepe nihil mollitia consequatur et.','CHF 18300',0,1,0.025,'Pauschal','2018-10-09 13:43:11','2018-10-09 13:43:11',NULL,'a'),(34,16,62,2,'Totam cupiditate odio asperiores.','CHF 18300',1,1,0.080,'Pauschal','2018-10-09 13:43:11','2018-10-09 13:43:11',NULL,'a'),(35,10,79,5,'Qui ipsam similique quaerat.','CHF 10700',1,1,0.025,'Pauschal','2018-10-09 13:43:11','2018-10-09 13:43:11',NULL,'a'),(36,13,72,6,'Ratione maiores et et ut.','CHF 18300',1,1,0.080,'Pauschal','2018-10-09 13:43:11','2018-10-09 13:43:11',NULL,'a'),(37,8,64,3,'Sed ipsa nam minus qui.','CHF 2700',1,1,0.080,'Pauschal','2018-10-09 13:43:11','2018-10-09 13:43:11',NULL,'a'),(38,16,78,4,'Eaque eos temporibus optio.','CHF 14500',1,1,0.025,'Pauschal','2018-10-09 13:43:11','2018-10-09 13:43:11',NULL,'a'),(39,1,71,5,'Officia fugit et voluptatibus quam.','CHF 18300',1,1,0.080,'Pauschal','2018-10-09 13:43:11','2018-10-09 13:43:11',NULL,'a'),(40,16,63,5,'Ut ratione ea aperiam quae nam.','CHF 14500',1,1,0.025,'Pauschal','2018-10-09 13:43:11','2018-10-09 13:43:11',NULL,'a'),(41,9,66,3,'Quis sed autem et velit dolores.','CHF 14500',0,1,0.080,'Pauschal','2018-10-09 13:43:11','2018-10-09 13:43:11',NULL,'a'),(42,21,62,2,'Quia molestiae dignissimos enim.','CHF 18300',1,1,0.080,'Pauschal','2018-10-09 13:43:11','2018-10-09 13:43:11',NULL,'a'),(43,21,63,4,'Dolorem vel in placeat error.','CHF 14500',1,1,0.025,'Pauschal','2018-10-09 13:43:11','2018-10-09 13:43:11',NULL,'a'),(44,22,62,4,'Aperiam sequi praesentium illo aut.','CHF 18300',1,1,0.080,'Pauschal','2018-10-09 13:43:11','2018-10-09 13:43:11',NULL,'a'),(45,5,1,2,'Aut hic autem.','CHF 10000',1,1,0.080,'CHF/h','2018-10-09 13:43:11','2018-10-09 13:43:11',NULL,'h'),(46,12,1,3,'Aut distinctio deleniti qui.','CHF 10000',1,1,0.080,'CHF/h','2018-10-09 13:43:11','2018-10-09 13:43:11',NULL,'h'),(47,10,1,2,'In vel neque dicta quam aut.','CHF 10000',1,1,0.080,'CHF/h','2018-10-09 13:43:11','2018-10-09 13:43:11',NULL,'h'),(48,5,1,2,'Aut et molestias.','CHF 10000',1,1,0.080,'CHF/h','2018-10-09 13:43:11','2018-10-09 13:43:11',NULL,'h'),(49,14,1,2,'Sed saepe maxime nobis ut cupiditate.','CHF 10000',1,1,0.080,'CHF/h','2018-10-09 13:43:11','2018-10-09 13:43:11',NULL,'h'),(50,9,1,2,'Culpa eveniet sint provident.','CHF 10000',1,1,0.080,'CHF/h','2018-10-09 13:43:11','2018-10-09 13:43:11',NULL,'h'),(51,9,1,5,'Et magnam qui.','CHF 10000',1,1,0.080,'CHF/h','2018-10-09 13:43:11','2018-10-09 13:43:11',NULL,'h'),(52,15,1,4,'Reiciendis sunt molestias iure cum.','CHF 10000',1,1,0.080,'CHF/h','2018-10-09 13:43:11','2018-10-09 13:43:11',NULL,'h'),(53,18,1,3,'Aut atque tempora assumenda soluta.','CHF 10000',1,1,0.080,'CHF/h','2018-10-09 13:43:11','2018-10-09 13:43:11',NULL,'h'),(54,15,1,2,'Libero repudiandae non ut.','CHF 10000',1,1,0.080,'CHF/h','2018-10-09 13:43:11','2018-10-09 13:43:11',NULL,'h');
/*!40000 ALTER TABLE `activities` ENABLE KEYS */;
UNLOCK TABLES;

--
-- Table structure for table `activity_tags`
--

DROP TABLE IF EXISTS `activity_tags`;
/*!40101 SET @saved_cs_client     = @@character_set_client */;
/*!40101 SET character_set_client = utf8 */;
CREATE TABLE `activity_tags` (
  `activity_id` int(11) NOT NULL,
  `tag_id` int(11) NOT NULL,
  PRIMARY KEY (`activity_id`,`tag_id`),
  KEY `IDX_6C784FB481C06096` (`activity_id`),
  KEY `IDX_6C784FB4BAD26311` (`tag_id`),
  CONSTRAINT `FK_6C784FB481C06096` FOREIGN KEY (`activity_id`) REFERENCES `activities` (`id`) ON DELETE CASCADE,
  CONSTRAINT `FK_6C784FB4BAD26311` FOREIGN KEY (`tag_id`) REFERENCES `tags` (`id`) ON DELETE CASCADE
) ENGINE=InnoDB DEFAULT CHARSET=utf8 COLLATE=utf8_unicode_ci;
/*!40101 SET character_set_client = @saved_cs_client */;

--
-- Dumping data for table `activity_tags`
--

LOCK TABLES `activity_tags` WRITE;
/*!40000 ALTER TABLE `activity_tags` DISABLE KEYS */;
INSERT INTO `activity_tags` VALUES (45,15),(45,17),(46,4),(46,8),(47,10),(47,11),(48,4),(48,9),(49,17),(49,19),(50,18),(50,19),(51,9),(51,14),(52,6),(52,13),(53,7),(53,8),(54,10),(54,16);
/*!40000 ALTER TABLE `activity_tags` ENABLE KEYS */;
UNLOCK TABLES;

--
-- Table structure for table `address`
--

DROP TABLE IF EXISTS `address`;
/*!40101 SET @saved_cs_client     = @@character_set_client */;
/*!40101 SET character_set_client = utf8 */;
CREATE TABLE `address` (
  `id` int(11) NOT NULL AUTO_INCREMENT,
  `street` varchar(255) COLLATE utf8_unicode_ci DEFAULT NULL,
  `supplement` varchar(255) COLLATE utf8_unicode_ci DEFAULT NULL,
  `city` varchar(255) COLLATE utf8_unicode_ci DEFAULT NULL,
  `plz` int(11) DEFAULT NULL,
  `country` varchar(255) COLLATE utf8_unicode_ci DEFAULT NULL,
  PRIMARY KEY (`id`)
) ENGINE=InnoDB AUTO_INCREMENT=26 DEFAULT CHARSET=utf8 COLLATE=utf8_unicode_ci;
/*!40101 SET character_set_client = @saved_cs_client */;

--
-- Dumping data for table `address`
--

LOCK TABLES `address` WRITE;
/*!40000 ALTER TABLE `address` DISABLE KEYS */;
INSERT INTO `address` VALUES (1,'Bahnhhofstrasse 25',NULL,'Zürich',8000,'Switzerland'),(2,'Kellerstr. 1',NULL,'Châtel-Saint-Denis',4129,'St. Lucia'),(3,'Rudolf-Stutz-Strasse 0','Postfach 6900506','Aubonne',9860,'Luxemburg'),(4,'Versoixgasse 5',NULL,'Bern',3520,'Irak'),(5,'Liselotte-Maurer-Gasse 16',NULL,'Olten',6598,'Norwegen'),(6,'Alex-Wenger-Platz 2','Postfach 28020837','Münchenstein',8712,'Estland'),(7,'Cossonaystr. 6c',NULL,'Leuk',3635,'Madagaskar'),(8,'Unterseenallee 025',NULL,'Unterseen',7228,'Thailand'),(9,'Klingnauallee 104',NULL,'Yverdon-les-Bains',7944,'Spanien'),(10,'Lehmannallee 499',NULL,'Yverdon-les-Bains',2847,'Italien'),(11,'Stein am Rheinstr. 13a',NULL,'Baden',4262,'St. Vincent und die Grenadinen'),(12,'Horwallee 9c',NULL,'Morcote',426,'Botsuana'),(13,'Jäggiallee 19a',NULL,'Laufen',5042,'Äquatorialguinea'),(14,'Studerplatz 608',NULL,'Saillon',521,'Tschechische Republik'),(15,'Margrith-Fehr-Weg 12c','Postfach 93038783','Rorschach',8170,'Belize'),(16,'Lachenallee 880',NULL,'Lachen',3847,'Côte d’Ivoire'),(17,'Mäderstr. 0b',NULL,'Werdenberg',3677,'Kap Verde'),(18,'Salvatore-Betschart-Gasse 384',NULL,'Bad Zurzach',2239,'Irak'),(19,'Saillongasse 1',NULL,'Baden',2663,'Sonderverwaltungszone Macao'),(20,'Kusterplatz 16',NULL,'Burgdorf',4576,'Französische Süd- und Antarktisgebiete'),(21,'Daniela-Zwahlen-Weg 20',NULL,'Les Clées',6641,'Marshallinseln'),(22,'Roman-Senn-Gasse 489',NULL,'Carouge',1057,'Suriname'),(23,'Tannerallee 9',NULL,'Bellinzona',9172,'Vatikanstadt'),(24,'Magdalena-Stadelmann-Ring 874',NULL,'Thônex',8280,'Senegal'),(25,'Bruggstrasse 17a',NULL,'Klingnau',5653,'Australien');
/*!40000 ALTER TABLE `address` ENABLE KEYS */;
UNLOCK TABLES;

--
-- Table structure for table `addresses`
--

DROP TABLE IF EXISTS `addresses`;
/*!40101 SET @saved_cs_client     = @@character_set_client */;
/*!40101 SET character_set_client = utf8 */;
CREATE TABLE `addresses` (
  `id` int(11) NOT NULL AUTO_INCREMENT,
  `customer_id` int(11) DEFAULT NULL,
  `user_id` int(11) DEFAULT NULL,
  `street` varchar(255) COLLATE utf8_unicode_ci DEFAULT NULL,
  `supplement` varchar(255) COLLATE utf8_unicode_ci DEFAULT NULL,
  `city` varchar(255) COLLATE utf8_unicode_ci NOT NULL,
  `postcode` int(11) NOT NULL,
  `country` varchar(255) COLLATE utf8_unicode_ci DEFAULT NULL,
  `description` varchar(255) COLLATE utf8_unicode_ci DEFAULT NULL,
  `created_at` datetime NOT NULL,
  `updated_at` datetime NOT NULL,
  PRIMARY KEY (`id`),
  KEY `IDX_6FCA75169395C3F3` (`customer_id`),
  KEY `IDX_6FCA7516A76ED395` (`user_id`),
  CONSTRAINT `FK_6FCA75169395C3F3` FOREIGN KEY (`customer_id`) REFERENCES `Customer` (`id`),
  CONSTRAINT `FK_6FCA7516A76ED395` FOREIGN KEY (`user_id`) REFERENCES `users` (`id`) ON DELETE SET NULL
) ENGINE=InnoDB AUTO_INCREMENT=21 DEFAULT CHARSET=utf8 COLLATE=utf8_unicode_ci;
/*!40101 SET character_set_client = @saved_cs_client */;

--
-- Dumping data for table `addresses`
--

LOCK TABLES `addresses` WRITE;
/*!40000 ALTER TABLE `addresses` DISABLE KEYS */;
INSERT INTO `addresses` VALUES (1,1,NULL,'Kellerstr. 1',NULL,'Klingnau',1133,'St. Lucia','vitae','2018-10-09 13:43:11','2018-10-09 13:43:11'),(2,2,NULL,'Walter-Peter-Weg 456',NULL,'Appenzell',7761,'Syrien','aut','2018-10-09 13:43:11','2018-10-09 13:43:11'),(3,3,NULL,'Frank-Weiss-Gasse 71',NULL,'Ascona',2133,'Amerikanische Jungferninseln','autem','2018-10-09 13:43:11','2018-10-09 13:43:11'),(4,4,NULL,'Dario-Tobler-Weg 71c',NULL,'Frauenfeld',5158,'Demokratische Republik Kongo','ut','2018-10-09 13:43:11','2018-10-09 13:43:11'),(5,5,NULL,'Othmar-Flückiger-Allee 1',NULL,'Pfäffikon',3555,'Malawi','numquam','2018-10-09 13:43:11','2018-10-09 13:43:11'),(6,6,NULL,'Erwin-Fehr-Platz 02c',NULL,'Männedorf',95,'Nepal','dignissimos','2018-10-09 13:43:11','2018-10-09 13:43:11'),(7,7,NULL,'Petra-Burri-Weg 1b',NULL,'Basel',6546,'Zypern','consectetur','2018-10-09 13:43:11','2018-10-09 13:43:11'),(8,8,NULL,'Lehmannallee 499',NULL,'Prilly',7679,'Italien','ut','2018-10-09 13:43:11','2018-10-09 13:43:11'),(9,9,NULL,'Burgdorfring 14a',NULL,'Dübendorf',9982,'Laos','quia','2018-10-09 13:43:11','2018-10-09 13:43:11'),(10,10,NULL,'Gislerallee 71','Postfach 744','Biel/Bienne',7739,'Niger','dignissimos','2018-10-09 13:43:11','2018-10-09 13:43:11'),(11,36,NULL,'Stephan-Kohler-Ring 40',NULL,'Volketswil',9921,'St. Martin','maxime','2018-10-09 13:43:11','2018-10-09 13:43:11'),(12,37,NULL,'Bülachallee 775',NULL,'Val-de-Travers NE',184,'Ungarn','odio','2018-10-09 13:43:11','2018-10-09 13:43:11'),(13,38,NULL,'Hans-Scherrer-Allee 80',NULL,'Payerne',8783,'Burkina Faso','sit','2018-10-09 13:43:11','2018-10-09 13:43:11'),(14,39,NULL,'Thomas-Wüthrich-Ring 9',NULL,'Brig',5140,'Turkmenistan','illo','2018-10-09 13:43:11','2018-10-09 13:43:11'),(15,40,NULL,'Werdenbergplatz 9',NULL,'La Chaux-de-Fonds',2866,'Mauretanien','occaecati','2018-10-09 13:43:11','2018-10-09 13:43:11'),(16,41,NULL,'Ana-Wüthrich-Strasse 0',NULL,'Nyon',8881,'Tadschikistan','quia','2018-10-09 13:43:11','2018-10-09 13:43:11'),(17,42,NULL,'Hofergasse 8',NULL,'Laufenburg',8366,'Weihnachtsinsel','est','2018-10-09 13:43:11','2018-10-09 13:43:11'),(18,43,NULL,'Zürcherstr. 5',NULL,'Freienbach',1198,'Kongo','consequatur','2018-10-09 13:43:11','2018-10-09 13:43:11'),(19,44,NULL,'Anita-Schmid-Weg 0',NULL,'Bischofszell',7270,'Niger','similique','2018-10-09 13:43:11','2018-10-09 13:43:11'),(20,45,NULL,'Murtenstr. 0',NULL,'Zofingen',9112,'Uganda','odio','2018-10-09 13:43:11','2018-10-09 13:43:11');
/*!40000 ALTER TABLE `addresses` ENABLE KEYS */;
UNLOCK TABLES;

--
-- Table structure for table `costgroups`
--

DROP TABLE IF EXISTS `costgroups`;
/*!40101 SET @saved_cs_client     = @@character_set_client */;
/*!40101 SET character_set_client = utf8 */;
CREATE TABLE `costgroups` (
  `id` int(11) NOT NULL AUTO_INCREMENT,
  `user_id` int(11) DEFAULT NULL,
  `number` int(11) DEFAULT NULL,
  `description` varchar(255) COLLATE utf8_unicode_ci DEFAULT NULL,
  `created_at` datetime NOT NULL,
  `updated_at` datetime NOT NULL,
  PRIMARY KEY (`id`),
  KEY `IDX_21D763E8A76ED395` (`user_id`),
  CONSTRAINT `FK_21D763E8A76ED395` FOREIGN KEY (`user_id`) REFERENCES `users` (`id`) ON DELETE SET NULL
) ENGINE=InnoDB AUTO_INCREMENT=6 DEFAULT CHARSET=utf8 COLLATE=utf8_unicode_ci;
/*!40101 SET character_set_client = @saved_cs_client */;

--
-- Dumping data for table `costgroups`
--

LOCK TABLES `costgroups` WRITE;
/*!40000 ALTER TABLE `costgroups` DISABLE KEYS */;
INSERT INTO `costgroups` VALUES (1,2,100,'Zivildienst','2018-10-09 13:43:11','2018-10-09 13:43:11'),(2,5,880,'dolor','2018-10-09 13:43:11','2018-10-09 13:43:11'),(3,4,351,'est','2018-10-09 13:43:11','2018-10-09 13:43:11'),(4,5,718,'qui','2018-10-09 13:43:11','2018-10-09 13:43:11'),(5,5,129,'velit','2018-10-09 13:43:11','2018-10-09 13:43:11');
/*!40000 ALTER TABLE `costgroups` ENABLE KEYS */;
UNLOCK TABLES;

--
-- Table structure for table `customer_phones`
--

DROP TABLE IF EXISTS `customer_phones`;
/*!40101 SET @saved_cs_client     = @@character_set_client */;
/*!40101 SET character_set_client = utf8 */;
CREATE TABLE `customer_phones` (
  `customer_id` int(11) NOT NULL,
  `phone_id` int(11) NOT NULL,
  PRIMARY KEY (`customer_id`,`phone_id`),
  UNIQUE KEY `UNIQ_52EDF2A43B7323CB` (`phone_id`),
  KEY `IDX_52EDF2A49395C3F3` (`customer_id`),
  CONSTRAINT `FK_52EDF2A43B7323CB` FOREIGN KEY (`phone_id`) REFERENCES `phone` (`id`),
  CONSTRAINT `FK_52EDF2A49395C3F3` FOREIGN KEY (`customer_id`) REFERENCES `customers` (`id`)
) ENGINE=InnoDB DEFAULT CHARSET=utf8 COLLATE=utf8_unicode_ci;
/*!40101 SET character_set_client = @saved_cs_client */;

--
-- Dumping data for table `customer_phones`
--

LOCK TABLES `customer_phones` WRITE;
/*!40000 ALTER TABLE `customer_phones` DISABLE KEYS */;
/*!40000 ALTER TABLE `customer_phones` ENABLE KEYS */;
UNLOCK TABLES;

--
-- Table structure for table `customer_tags`
--

DROP TABLE IF EXISTS `customer_tags`;
/*!40101 SET @saved_cs_client     = @@character_set_client */;
/*!40101 SET character_set_client = utf8 */;
CREATE TABLE `customer_tags` (
  `customer_id` int(11) NOT NULL,
  `tag_id` int(11) NOT NULL,
  PRIMARY KEY (`customer_id`,`tag_id`),
  KEY `IDX_3B2D30519395C3F3` (`customer_id`),
  KEY `IDX_3B2D3051BAD26311` (`tag_id`),
  CONSTRAINT `FK_3B2D30519395C3F3` FOREIGN KEY (`customer_id`) REFERENCES `customers` (`id`) ON DELETE CASCADE,
  CONSTRAINT `FK_3B2D3051BAD26311` FOREIGN KEY (`tag_id`) REFERENCES `tags` (`id`) ON DELETE CASCADE
) ENGINE=InnoDB DEFAULT CHARSET=utf8 COLLATE=utf8_unicode_ci;
/*!40101 SET character_set_client = @saved_cs_client */;

--
-- Dumping data for table `customer_tags`
--

LOCK TABLES `customer_tags` WRITE;
/*!40000 ALTER TABLE `customer_tags` DISABLE KEYS */;
INSERT INTO `customer_tags` VALUES (2,6),(2,16),(2,18),(3,3),(3,19),(9,8),(10,6),(10,13),(11,10),(11,18),(12,1),(12,4),(12,13),(13,2),(13,6),(13,11),(14,9),(14,15),(14,17),(15,4),(15,7),(15,16),(16,15),(17,20),(20,17),(20,19),(21,2),(21,6),(21,18),(23,5),(23,16),(24,5);
/*!40000 ALTER TABLE `customer_tags` ENABLE KEYS */;
UNLOCK TABLES;

--
-- Table structure for table `customers`
--

DROP TABLE IF EXISTS `customers`;
/*!40101 SET @saved_cs_client     = @@character_set_client */;
/*!40101 SET character_set_client = utf8 */;
CREATE TABLE `customers` (
  `id` int(11) NOT NULL AUTO_INCREMENT,
  `rate_group_id` int(11) DEFAULT NULL,
  `address_id` int(11) DEFAULT NULL,
  `user_id` int(11) DEFAULT NULL,
  `name` varchar(255) COLLATE utf8_unicode_ci NOT NULL,
  `alias` varchar(30) COLLATE utf8_unicode_ci NOT NULL,
  `company` varchar(60) COLLATE utf8_unicode_ci DEFAULT NULL,
  `department` varchar(60) COLLATE utf8_unicode_ci DEFAULT NULL,
  `fullname` varchar(60) COLLATE utf8_unicode_ci DEFAULT NULL,
  `salutation` varchar(60) COLLATE utf8_unicode_ci DEFAULT NULL,
  `email` varchar(60) COLLATE utf8_unicode_ci DEFAULT NULL,
  `phone` varchar(60) COLLATE utf8_unicode_ci DEFAULT NULL,
  `mobilephone` varchar(60) COLLATE utf8_unicode_ci DEFAULT NULL,
  `comment` longtext COLLATE utf8_unicode_ci,
  `chargeable` tinyint(1) NOT NULL,
  `system_customer` tinyint(1) NOT NULL,
  `created_at` datetime NOT NULL,
  `updated_at` datetime NOT NULL,
  PRIMARY KEY (`id`),
  UNIQUE KEY `unique_customer_alias_user` (`alias`,`user_id`),
  KEY `IDX_62534E212983C9E6` (`rate_group_id`),
  KEY `IDX_62534E21F5B7AF75` (`address_id`),
  KEY `IDX_62534E21A76ED395` (`user_id`),
  CONSTRAINT `FK_62534E212983C9E6` FOREIGN KEY (`rate_group_id`) REFERENCES `rate_groups` (`id`) ON DELETE SET NULL,
  CONSTRAINT `FK_62534E21A76ED395` FOREIGN KEY (`user_id`) REFERENCES `users` (`id`) ON DELETE SET NULL,
  CONSTRAINT `FK_62534E21F5B7AF75` FOREIGN KEY (`address_id`) REFERENCES `address` (`id`)
) ENGINE=InnoDB AUTO_INCREMENT=26 DEFAULT CHARSET=utf8 COLLATE=utf8_unicode_ci;
/*!40101 SET character_set_client = @saved_cs_client */;

--
-- Dumping data for table `customers`
--

LOCK TABLES `customers` WRITE;
/*!40000 ALTER TABLE `customers` DISABLE KEYS */;
INSERT INTO `customers` VALUES (1,1,1,5,'StiftungSWO','stiftungswo',NULL,NULL,NULL,NULL,NULL,NULL,NULL,NULL,1,1,'2018-10-09 13:43:11','2018-10-09 13:43:11'),(2,1,2,6,'Jost AG','et-velit-dolores-expedita-opti','Lutz','enim','Marco Schumacher','Frau',NULL,NULL,NULL,NULL,1,0,'2018-10-09 13:43:11','2018-10-09 13:43:11'),(3,2,3,6,'Beck GmbH','illo-aut-quod-exercitationem-n','Walser','voluptatem','Rosa Flückiger','Frau',NULL,NULL,NULL,NULL,1,0,'2018-10-09 13:43:11','2018-10-09 13:43:11'),(4,2,4,6,'Schmidt GmbH','quia-et-et-blanditiis-in-vel-n','Vogt AG','accusamus','Karin Hunziker','Herr',NULL,NULL,NULL,NULL,1,0,'2018-10-09 13:43:11','2018-10-09 13:43:11'),(5,1,5,3,'Hug AG','qui-fugit-sed-saepe-maxime','Achermann','rem','Ernst Meister MBA.','Herr',NULL,NULL,NULL,NULL,0,1,'2018-10-09 13:43:11','2018-10-09 13:43:11'),(6,1,6,4,'Jenni GmbH','distinctio-qui-quia-ut-et','Widmer','ea','Frau Prof. Gisela Kohler','Frau',NULL,NULL,NULL,NULL,1,0,'2018-10-09 13:43:11','2018-10-09 13:43:11'),(7,1,7,6,'Liechti','laborum-sequi-laborum-distinct','Knecht','accusantium','Fritz Jost','Frau',NULL,NULL,NULL,NULL,1,1,'2018-10-09 13:43:11','2018-10-09 13:43:11'),(8,1,8,4,'Widmer','est-eaque-et-fugit','Leuenberger','reiciendis','Richard Liechti','Herr',NULL,NULL,NULL,NULL,1,1,'2018-10-09 13:43:11','2018-10-09 13:43:11'),(9,1,9,6,'Jenni Siegrist AG','molestiae-rerum-omnis-exercita','Schmidt Stadelmann AG','ut','Christian Siegrist','Frau',NULL,NULL,NULL,NULL,1,0,'2018-10-09 13:43:11','2018-10-09 13:43:11'),(10,1,10,6,'Hauser Schütz AG','et-deserunt-sunt-hic-architect','Niederberger','dolore','Martin Liechti','Frau',NULL,NULL,NULL,NULL,1,1,'2018-10-09 13:43:11','2018-10-09 13:43:11'),(11,1,11,2,'Scherrer Locher AG','quasi-aut-a-ea-libero-veritati','Hartmann GmbH','at','Janine Bachmann B.A.','Herr',NULL,NULL,NULL,NULL,1,1,'2018-10-09 13:43:11','2018-10-09 13:43:11'),(12,1,12,6,'Stutz','eos-adipisci-dolores-debitis-u','Lang','sint','Rebecca Arnold-Rüegg','Frau',NULL,NULL,NULL,NULL,1,1,'2018-10-09 13:43:11','2018-10-09 13:43:11'),(13,2,13,6,'Küng','dolores-veritatis-illo-eveniet','Mathis','assumenda','Priska Frey','Frau',NULL,NULL,NULL,NULL,1,1,'2018-10-09 13:43:11','2018-10-09 13:43:11'),(14,1,14,6,'Iten Ziegler AG','praesentium-et-sunt-magnam-sol','Roth','error','Konrad Sigrist B.Eng.','Frau',NULL,NULL,NULL,NULL,1,1,'2018-10-09 13:43:11','2018-10-09 13:43:11'),(15,1,15,2,'Eugster','cum-dolorem-reprehenderit-ea-n','Zimmermann','aut','Oliver Wüthrich-Frei','Frau',NULL,NULL,NULL,NULL,0,0,'2018-10-09 13:43:11','2018-10-09 13:43:11'),(16,1,16,2,'Wehrli','sit-a-qui-omnis-doloribus-pari','Weibel','nesciunt','Denise Aeschlimann MBA.','Herr',NULL,NULL,NULL,NULL,1,0,'2018-10-09 13:43:11','2018-10-09 13:43:11'),(17,2,17,3,'Stocker GmbH','quis-molestiae-corporis-placea','Ammann','sed','Michele Brunner','Herr',NULL,NULL,NULL,NULL,1,0,'2018-10-09 13:43:11','2018-10-09 13:43:11'),(18,1,18,5,'Hug','nemo-ipsa-dolores-est-dolores-','Kuster','reprehenderit','Rosmarie Marti','Herr',NULL,NULL,NULL,NULL,1,1,'2018-10-09 13:43:11','2018-10-09 13:43:11'),(19,2,19,5,'Mathis Arnold GmbH','inventore-minima-laboriosam-qu','Schärer GmbH','necessitatibus','Herr Prof. Lars Haller','Herr',NULL,NULL,NULL,NULL,1,0,'2018-10-09 13:43:11','2018-10-09 13:43:11'),(20,1,20,2,'Haller GmbH','animi-ea-nihil-est-sed-rerum-p','Marti','consectetur','Urs Arnold','Herr',NULL,NULL,NULL,NULL,1,1,'2018-10-09 13:43:11','2018-10-09 13:43:11'),(21,1,21,4,'Lang Flückiger GmbH','rerum-vero-eos-atque-voluptate','Furrer Giger GmbH','sequi','Frau Prof. Dr. Rebecca Walser','Herr',NULL,NULL,NULL,NULL,1,0,'2018-10-09 13:43:11','2018-10-09 13:43:11'),(22,1,22,3,'Hartmann AG','dignissimos-sit-aut-repellendu','Ziegler GmbH','voluptatibus','Janine Keller','Frau',NULL,NULL,NULL,NULL,1,1,'2018-10-09 13:43:11','2018-10-09 13:43:11'),(23,2,23,4,'Röthlisberger AG','molestias-maxime-adipisci-et-s','Hofstetter','nemo','Frau Prof. Dr. Marianne Wirth B.Sc.','Frau',NULL,NULL,NULL,NULL,1,1,'2018-10-09 13:43:11','2018-10-09 13:43:11'),(24,1,24,4,'Flückiger GmbH','velit-ipsam-beatae-quia-repreh','Kälin AG','dolores','Ida Siegrist','Frau',NULL,NULL,NULL,NULL,1,1,'2018-10-09 13:43:11','2018-10-09 13:43:11'),(25,1,25,4,'Reber Gloor AG','facilis-enim-omnis-consectetur','Stutz','ut','Roland Seiler-Schüpbach','Herr',NULL,NULL,NULL,NULL,1,1,'2018-10-09 13:43:11','2018-10-09 13:43:11');
/*!40000 ALTER TABLE `customers` ENABLE KEYS */;
UNLOCK TABLES;

--
-- Table structure for table `holidays`
--

DROP TABLE IF EXISTS `holidays`;
/*!40101 SET @saved_cs_client     = @@character_set_client */;
/*!40101 SET character_set_client = utf8 */;
CREATE TABLE `holidays` (
  `id` int(11) NOT NULL AUTO_INCREMENT,
  `user_id` int(11) DEFAULT NULL,
  `date` date DEFAULT NULL,
  `duration` int(11) DEFAULT NULL,
  `created_at` datetime NOT NULL,
  `updated_at` datetime NOT NULL,
  PRIMARY KEY (`id`),
  KEY `IDX_3A66A10CA76ED395` (`user_id`),
  CONSTRAINT `FK_3A66A10CA76ED395` FOREIGN KEY (`user_id`) REFERENCES `users` (`id`) ON DELETE SET NULL
) ENGINE=InnoDB AUTO_INCREMENT=21 DEFAULT CHARSET=utf8 COLLATE=utf8_unicode_ci;
/*!40101 SET character_set_client = @saved_cs_client */;

--
-- Dumping data for table `holidays`
--

LOCK TABLES `holidays` WRITE;
/*!40000 ALTER TABLE `holidays` DISABLE KEYS */;
INSERT INTO `holidays` VALUES (1,5,'2017-12-06',30240,'2018-10-09 13:43:11','2018-10-09 13:43:11'),(2,6,'2017-12-11',30240,'2018-10-09 13:43:11','2018-10-09 13:43:11'),(3,2,'2018-04-13',3600,'2018-10-09 13:43:11','2018-10-09 13:43:11'),(4,5,'2018-05-17',16200,'2018-10-09 13:43:11','2018-10-09 13:43:11'),(5,3,'2018-07-30',3600,'2018-10-09 13:43:11','2018-10-09 13:43:11'),(6,2,'2018-06-10',30240,'2018-10-09 13:43:11','2018-10-09 13:43:11'),(7,5,'2018-03-29',30240,'2018-10-09 13:43:11','2018-10-09 13:43:11'),(8,4,'2018-01-05',30240,'2018-10-09 13:43:11','2018-10-09 13:43:11'),(9,2,'2018-04-18',16200,'2018-10-09 13:43:11','2018-10-09 13:43:11'),(10,3,'2018-01-29',16200,'2018-10-09 13:43:11','2018-10-09 13:43:11'),(11,3,'2018-08-20',16200,'2018-10-09 13:43:11','2018-10-09 13:43:11'),(12,5,'2018-08-29',30240,'2018-10-09 13:43:11','2018-10-09 13:43:11'),(13,4,'2018-08-14',30240,'2018-10-09 13:43:11','2018-10-09 13:43:11'),(14,3,'2018-08-13',30240,'2018-10-09 13:43:11','2018-10-09 13:43:11'),(15,6,'2017-10-13',30240,'2018-10-09 13:43:11','2018-10-09 13:43:11'),(16,5,'2017-12-06',30240,'2018-10-09 13:43:11','2018-10-09 13:43:11'),(17,2,'2017-10-28',30240,'2018-10-09 13:43:11','2018-10-09 13:43:11'),(18,3,'2018-05-11',30240,'2018-10-09 13:43:11','2018-10-09 13:43:11'),(19,3,'2017-12-31',30240,'2018-10-09 13:43:11','2018-10-09 13:43:11'),(20,5,'2018-07-06',30240,'2018-10-09 13:43:11','2018-10-09 13:43:11');
/*!40000 ALTER TABLE `holidays` ENABLE KEYS */;
UNLOCK TABLES;

--
-- Table structure for table `invoiceDiscounts`
--

DROP TABLE IF EXISTS `invoiceDiscounts`;
/*!40101 SET @saved_cs_client     = @@character_set_client */;
/*!40101 SET character_set_client = utf8 */;
CREATE TABLE `invoiceDiscounts` (
  `id` int(11) NOT NULL AUTO_INCREMENT,
  `invoice_id` int(11) DEFAULT NULL,
  `user_id` int(11) DEFAULT NULL,
  `name` varchar(255) COLLATE utf8_unicode_ci NOT NULL,
  `value` decimal(10,2) DEFAULT NULL,
  `percentage` tinyint(1) DEFAULT NULL,
  `minus` tinyint(1) DEFAULT NULL,
  `created_at` datetime NOT NULL,
  `updated_at` datetime NOT NULL,
  PRIMARY KEY (`id`),
  KEY `IDX_4F4E9F232989F1FD` (`invoice_id`),
  KEY `IDX_4F4E9F23A76ED395` (`user_id`),
  CONSTRAINT `FK_4F4E9F232989F1FD` FOREIGN KEY (`invoice_id`) REFERENCES `invoices` (`id`),
  CONSTRAINT `FK_4F4E9F23A76ED395` FOREIGN KEY (`user_id`) REFERENCES `users` (`id`) ON DELETE SET NULL
) ENGINE=InnoDB AUTO_INCREMENT=6 DEFAULT CHARSET=utf8 COLLATE=utf8_unicode_ci;
/*!40101 SET character_set_client = @saved_cs_client */;

--
-- Dumping data for table `invoiceDiscounts`
--

LOCK TABLES `invoiceDiscounts` WRITE;
/*!40000 ALTER TABLE `invoiceDiscounts` DISABLE KEYS */;
INSERT INTO `invoiceDiscounts` VALUES (1,49,2,'10% Off',0.10,1,1,'2018-10-09 13:43:11','2018-10-09 13:43:11'),(2,47,5,'10% Off',0.10,1,1,'2018-10-09 13:43:11','2018-10-09 13:43:11'),(3,50,2,'10% Off',0.10,1,1,'2018-10-09 13:43:11','2018-10-09 13:43:11'),(4,45,6,'10% Off',0.10,1,1,'2018-10-09 13:43:11','2018-10-09 13:43:11'),(5,49,4,'10% Off',0.10,1,1,'2018-10-09 13:43:11','2018-10-09 13:43:11');
/*!40000 ALTER TABLE `invoiceDiscounts` ENABLE KEYS */;
UNLOCK TABLES;

--
-- Table structure for table `invoice_costgroups`
--

DROP TABLE IF EXISTS `invoice_costgroups`;
/*!40101 SET @saved_cs_client     = @@character_set_client */;
/*!40101 SET character_set_client = utf8 */;
CREATE TABLE `invoice_costgroups` (
  `id` int(11) NOT NULL AUTO_INCREMENT,
  `invoice_id` int(11) DEFAULT NULL,
  `costgroup_id` int(11) DEFAULT NULL,
  `user_id` int(11) DEFAULT NULL,
  `weight` double NOT NULL,
  `created_at` datetime NOT NULL,
  `updated_at` datetime NOT NULL,
  PRIMARY KEY (`id`),
  KEY `IDX_D80B13762989F1FD` (`invoice_id`),
  KEY `IDX_D80B1376CC72B005` (`costgroup_id`),
  KEY `IDX_D80B1376A76ED395` (`user_id`),
  CONSTRAINT `FK_D80B13762989F1FD` FOREIGN KEY (`invoice_id`) REFERENCES `invoices` (`id`),
  CONSTRAINT `FK_D80B1376A76ED395` FOREIGN KEY (`user_id`) REFERENCES `users` (`id`) ON DELETE SET NULL,
  CONSTRAINT `FK_D80B1376CC72B005` FOREIGN KEY (`costgroup_id`) REFERENCES `costgroups` (`id`)
) ENGINE=InnoDB AUTO_INCREMENT=21 DEFAULT CHARSET=utf8 COLLATE=utf8_unicode_ci;
/*!40101 SET character_set_client = @saved_cs_client */;

--
-- Dumping data for table `invoice_costgroups`
--

LOCK TABLES `invoice_costgroups` WRITE;
/*!40000 ALTER TABLE `invoice_costgroups` DISABLE KEYS */;
INSERT INTO `invoice_costgroups` VALUES (1,1,1,NULL,30,'2018-10-09 13:43:11','2018-10-09 13:43:11'),(2,1,2,NULL,60,'2018-10-09 13:43:11','2018-10-09 13:43:11'),(3,29,1,NULL,24,'2018-10-09 13:43:11','2018-10-09 13:43:11'),(4,43,2,NULL,40,'2018-10-09 13:43:11','2018-10-09 13:43:11'),(5,44,4,NULL,33,'2018-10-09 13:43:11','2018-10-09 13:43:11'),(6,49,5,NULL,11,'2018-10-09 13:43:11','2018-10-09 13:43:11'),(7,24,4,NULL,55,'2018-10-09 13:43:11','2018-10-09 13:43:11'),(8,36,2,NULL,38,'2018-10-09 13:43:11','2018-10-09 13:43:11'),(9,17,2,NULL,92,'2018-10-09 13:43:11','2018-10-09 13:43:11'),(10,1,2,NULL,50,'2018-10-09 13:43:11','2018-10-09 13:43:11'),(11,48,5,NULL,61,'2018-10-09 13:43:11','2018-10-09 13:43:11'),(12,11,5,NULL,6,'2018-10-09 13:43:11','2018-10-09 13:43:11'),(13,46,5,NULL,13,'2018-10-09 13:43:11','2018-10-09 13:43:11'),(14,4,3,NULL,2,'2018-10-09 13:43:11','2018-10-09 13:43:11'),(15,6,3,NULL,6,'2018-10-09 13:43:11','2018-10-09 13:43:11'),(16,7,2,NULL,24,'2018-10-09 13:43:11','2018-10-09 13:43:11'),(17,21,2,NULL,33,'2018-10-09 13:43:11','2018-10-09 13:43:11'),(18,38,3,NULL,95,'2018-10-09 13:43:11','2018-10-09 13:43:11'),(19,50,1,NULL,6,'2018-10-09 13:43:11','2018-10-09 13:43:11'),(20,49,2,NULL,16,'2018-10-09 13:43:11','2018-10-09 13:43:11');
/*!40000 ALTER TABLE `invoice_costgroups` ENABLE KEYS */;
UNLOCK TABLES;

--
-- Table structure for table `invoice_items`
--

DROP TABLE IF EXISTS `invoice_items`;
/*!40101 SET @saved_cs_client     = @@character_set_client */;
/*!40101 SET character_set_client = utf8 */;
CREATE TABLE `invoice_items` (
  `id` int(11) NOT NULL AUTO_INCREMENT,
  `invoice_id` int(11) DEFAULT NULL,
  `activity_id` int(11) DEFAULT NULL,
  `user_id` int(11) DEFAULT NULL,
  `name` varchar(255) COLLATE utf8_unicode_ci NOT NULL,
  `rate_value` varchar(255) COLLATE utf8_unicode_ci DEFAULT NULL COMMENT '(DC2Type:money)',
  `rateUnit` varchar(255) COLLATE utf8_unicode_ci DEFAULT NULL,
  `vat` decimal(10,3) DEFAULT NULL,
  `amount` varchar(255) COLLATE utf8_unicode_ci DEFAULT NULL,
  `order_no` decimal(10,0) DEFAULT NULL,
  `created_at` datetime NOT NULL,
  `updated_at` datetime NOT NULL,
  PRIMARY KEY (`id`),
  KEY `IDX_DCC4B9F82989F1FD` (`invoice_id`),
  KEY `IDX_DCC4B9F881C06096` (`activity_id`),
  KEY `IDX_DCC4B9F8A76ED395` (`user_id`),
  CONSTRAINT `FK_DCC4B9F82989F1FD` FOREIGN KEY (`invoice_id`) REFERENCES `invoices` (`id`),
  CONSTRAINT `FK_DCC4B9F881C06096` FOREIGN KEY (`activity_id`) REFERENCES `activities` (`id`),
  CONSTRAINT `FK_DCC4B9F8A76ED395` FOREIGN KEY (`user_id`) REFERENCES `users` (`id`) ON DELETE SET NULL
) ENGINE=InnoDB AUTO_INCREMENT=42 DEFAULT CHARSET=utf8 COLLATE=utf8_unicode_ci;
/*!40101 SET character_set_client = @saved_cs_client */;

--
-- Dumping data for table `invoice_items`
--

LOCK TABLES `invoice_items` WRITE;
/*!40000 ALTER TABLE `invoice_items` DISABLE KEYS */;
INSERT INTO `invoice_items` VALUES (1,1,1,2,'Zivi (Tagespauschale)','CHF 88000','CHF/h',0.080,'28',1,'2018-10-09 13:43:11','2018-10-09 13:43:11'),(2,25,5,4,'molestias','CHF 64300','CHF/h',0.025,'40',48,'2018-10-09 13:43:11','2018-10-09 13:43:11'),(3,30,8,3,'possimus','CHF 45500','CHF/h',0.080,'8',38,'2018-10-09 13:43:11','2018-10-09 13:43:11'),(4,17,9,3,'odio','CHF 45600','CHF/h',0.025,'50',24,'2018-10-09 13:43:11','2018-10-09 13:43:11'),(5,12,5,2,'minima','CHF 39500','CHF/h',0.025,'6',53,'2018-10-09 13:43:11','2018-10-09 13:43:11'),(6,3,3,4,'harum','CHF 70600','CHF/h',0.025,'82',24,'2018-10-09 13:43:11','2018-10-09 13:43:11'),(7,21,11,3,'ratione','CHF 58700','CHF/h',0.080,'87',90,'2018-10-09 13:43:11','2018-10-09 13:43:11'),(8,7,10,5,'voluptatem','CHF 15000','CHF/h',0.080,'16',3,'2018-10-09 13:43:11','2018-10-09 13:43:11'),(9,22,11,5,'neque','CHF 32600','CHF/h',0.025,'42',98,'2018-10-09 13:43:11','2018-10-09 13:43:11'),(10,37,10,5,'et','CHF 3200','CHF/h',0.025,'97',65,'2018-10-09 13:43:11','2018-10-09 13:43:11'),(11,39,9,3,'est','CHF 83700','CHF/h',0.080,'81',55,'2018-10-09 13:43:11','2018-10-09 13:43:11'),(12,4,21,4,'quo','CHF 2600','CHF/h',0.025,'16',11,'2018-10-09 13:43:11','2018-10-09 13:43:11'),(13,45,17,5,'quidem','CHF 37800','CHF/h',0.025,'57',17,'2018-10-09 13:43:11','2018-10-09 13:43:11'),(14,5,21,3,'nihil','CHF 50200','CHF/h',0.080,'25',66,'2018-10-09 13:43:11','2018-10-09 13:43:11'),(15,49,16,5,'omnis','CHF 62500','CHF/h',0.025,'87',69,'2018-10-09 13:43:11','2018-10-09 13:43:11'),(16,12,15,2,'illo','CHF 14800','CHF/h',0.025,'22',29,'2018-10-09 13:43:11','2018-10-09 13:43:11'),(17,45,17,2,'officia','CHF 70000','CHF/h',0.080,'99',81,'2018-10-09 13:43:11','2018-10-09 13:43:11'),(18,1,20,6,'suscipit','CHF 70800','CHF/h',0.080,'7',47,'2018-10-09 13:43:11','2018-10-09 13:43:11'),(19,32,20,6,'blanditiis','CHF 35200','CHF/h',0.080,'43',58,'2018-10-09 13:43:11','2018-10-09 13:43:11'),(20,14,14,6,'qui','CHF 95700','CHF/h',0.025,'1',62,'2018-10-09 13:43:11','2018-10-09 13:43:11'),(21,14,21,4,'quia','CHF 36600','CHF/h',0.080,'58',49,'2018-10-09 13:43:11','2018-10-09 13:43:11'),(22,10,31,3,'perferendis','CHF 72500','CHF/h',0.080,'24',26,'2018-10-09 13:43:11','2018-10-09 13:43:11'),(23,15,27,6,'consequatur','CHF 65400','CHF/h',0.080,'33',68,'2018-10-09 13:43:11','2018-10-09 13:43:11'),(24,20,22,6,'magni','CHF 34000','CHF/h',0.080,'76',42,'2018-10-09 13:43:11','2018-10-09 13:43:11'),(25,22,28,5,'autem','CHF 87600','CHF/h',0.080,'18',40,'2018-10-09 13:43:11','2018-10-09 13:43:11'),(26,9,23,6,'quam','CHF 77500','CHF/h',0.025,'10',38,'2018-10-09 13:43:11','2018-10-09 13:43:11'),(27,35,27,5,'ab','CHF 48500','CHF/h',0.025,'71',70,'2018-10-09 13:43:11','2018-10-09 13:43:11'),(28,29,22,4,'reiciendis','CHF 33500','CHF/h',0.080,'34',8,'2018-10-09 13:43:11','2018-10-09 13:43:11'),(29,21,22,3,'minus','CHF 27700','CHF/h',0.025,'21',99,'2018-10-09 13:43:11','2018-10-09 13:43:11'),(30,41,26,2,'consectetur','CHF 29600','CHF/h',0.025,'86',47,'2018-10-09 13:43:11','2018-10-09 13:43:11'),(31,20,24,5,'expedita','CHF 14000','CHF/h',0.025,'96',79,'2018-10-09 13:43:11','2018-10-09 13:43:11'),(32,21,39,4,'quia','CHF 82100','CHF/h',0.080,'83',77,'2018-10-09 13:43:11','2018-10-09 13:43:11'),(33,40,39,5,'dolor','CHF 86600','CHF/h',0.025,'3',11,'2018-10-09 13:43:11','2018-10-09 13:43:11'),(34,9,33,2,'dolorem','CHF 23000','CHF/h',0.080,'68',92,'2018-10-09 13:43:11','2018-10-09 13:43:11'),(35,40,33,4,'quod','CHF 83700','CHF/h',0.025,'63',37,'2018-10-09 13:43:11','2018-10-09 13:43:11'),(36,23,38,3,'et','CHF 46700','CHF/h',0.025,'64',63,'2018-10-09 13:43:11','2018-10-09 13:43:11'),(37,47,38,4,'nobis','CHF 49900','CHF/h',0.080,'49',16,'2018-10-09 13:43:11','2018-10-09 13:43:11'),(38,17,38,4,'at','CHF 24600','CHF/h',0.080,'54',99,'2018-10-09 13:43:11','2018-10-09 13:43:11'),(39,46,40,4,'rerum','CHF 30300','CHF/h',0.080,'85',72,'2018-10-09 13:43:11','2018-10-09 13:43:11'),(40,17,39,2,'saepe','CHF 36200','CHF/h',0.080,'13',41,'2018-10-09 13:43:11','2018-10-09 13:43:11'),(41,44,33,2,'aut','CHF 49000','CHF/h',0.025,'82',49,'2018-10-09 13:43:11','2018-10-09 13:43:11');
/*!40000 ALTER TABLE `invoice_items` ENABLE KEYS */;
UNLOCK TABLES;

--
-- Table structure for table `invoice_tags`
--

DROP TABLE IF EXISTS `invoice_tags`;
/*!40101 SET @saved_cs_client     = @@character_set_client */;
/*!40101 SET character_set_client = utf8 */;
CREATE TABLE `invoice_tags` (
  `invoice_id` int(11) NOT NULL,
  `tag_id` int(11) NOT NULL,
  PRIMARY KEY (`invoice_id`,`tag_id`),
  KEY `IDX_6D79F6432989F1FD` (`invoice_id`),
  KEY `IDX_6D79F643BAD26311` (`tag_id`),
  CONSTRAINT `FK_6D79F6432989F1FD` FOREIGN KEY (`invoice_id`) REFERENCES `invoices` (`id`) ON DELETE CASCADE,
  CONSTRAINT `FK_6D79F643BAD26311` FOREIGN KEY (`tag_id`) REFERENCES `tags` (`id`) ON DELETE CASCADE
) ENGINE=InnoDB DEFAULT CHARSET=utf8 COLLATE=utf8_unicode_ci;
/*!40101 SET character_set_client = @saved_cs_client */;

--
-- Dumping data for table `invoice_tags`
--

LOCK TABLES `invoice_tags` WRITE;
/*!40000 ALTER TABLE `invoice_tags` DISABLE KEYS */;
/*!40000 ALTER TABLE `invoice_tags` ENABLE KEYS */;
UNLOCK TABLES;

--
-- Table structure for table `invoices`
--

DROP TABLE IF EXISTS `invoices`;
/*!40101 SET @saved_cs_client     = @@character_set_client */;
/*!40101 SET character_set_client = utf8 */;
CREATE TABLE `invoices` (
  `id` int(11) NOT NULL AUTO_INCREMENT,
  `project_id` int(11) DEFAULT NULL,
  `old_customer_id` int(11) DEFAULT NULL,
  `accountant_id` int(11) DEFAULT NULL,
  `customer_id` int(11) DEFAULT NULL,
  `address_id` int(11) DEFAULT NULL,
  `user_id` int(11) DEFAULT NULL,
  `name` varchar(255) COLLATE utf8_unicode_ci NOT NULL,
  `alias` varchar(30) COLLATE utf8_unicode_ci NOT NULL,
  `description` longtext COLLATE utf8_unicode_ci,
  `start` date DEFAULT NULL,
  `end` date DEFAULT NULL,
  `fixed_price` varchar(255) COLLATE utf8_unicode_ci DEFAULT NULL COMMENT '(DC2Type:money)',
  `created_at` datetime NOT NULL,
  `updated_at` datetime NOT NULL,
  PRIMARY KEY (`id`),
  KEY `IDX_6A2F2F95166D1F9C` (`project_id`),
  KEY `IDX_6A2F2F951FFA9C37` (`old_customer_id`),
  KEY `IDX_6A2F2F959582AA74` (`accountant_id`),
  KEY `IDX_6A2F2F959395C3F3` (`customer_id`),
  KEY `IDX_6A2F2F95F5B7AF75` (`address_id`),
  KEY `IDX_6A2F2F95A76ED395` (`user_id`),
  CONSTRAINT `FK_6A2F2F95166D1F9C` FOREIGN KEY (`project_id`) REFERENCES `projects` (`id`),
  CONSTRAINT `FK_6A2F2F951FFA9C37` FOREIGN KEY (`old_customer_id`) REFERENCES `customers` (`id`) ON DELETE SET NULL,
  CONSTRAINT `FK_6A2F2F959395C3F3` FOREIGN KEY (`customer_id`) REFERENCES `Customer` (`id`) ON DELETE SET NULL,
  CONSTRAINT `FK_6A2F2F959582AA74` FOREIGN KEY (`accountant_id`) REFERENCES `users` (`id`) ON DELETE SET NULL,
  CONSTRAINT `FK_6A2F2F95A76ED395` FOREIGN KEY (`user_id`) REFERENCES `users` (`id`) ON DELETE SET NULL,
  CONSTRAINT `FK_6A2F2F95F5B7AF75` FOREIGN KEY (`address_id`) REFERENCES `addresses` (`id`) ON DELETE SET NULL
) ENGINE=InnoDB AUTO_INCREMENT=51 DEFAULT CHARSET=utf8 COLLATE=utf8_unicode_ci;
/*!40101 SET character_set_client = @saved_cs_client */;

--
-- Dumping data for table `invoices`
--

LOCK TABLES `invoices` WRITE;
/*!40000 ALTER TABLE `invoices` DISABLE KEYS */;
INSERT INTO `invoices` VALUES (1,1,NULL,2,36,11,2,'Default Invoice','default-invoice','This is a detailed description','2017-08-19','2018-04-28',NULL,'2018-10-09 13:43:11','2018-10-09 13:43:11'),(2,12,NULL,5,16,4,5,'Test Invoice 2','test-invoice-2','Velit possimus cum ducimus vitae quam omnis ea. Odio quis est officia voluptatibus corrupti commodi. Minima reprehenderit laborum cumque molestiae aut numquam. Harum aliquam est quod. Laudantium qui ipsa ratione sunt ut officia. Reprehenderit autem voluptatem perspiciatis eius necessitatibus qui. Quis saepe neque quia eum repellendus enim eum. Ea et harum ut explicabo odit similique nihil numquam. Sit suscipit libero nisi sunt sit quas quo totam. Numquam itaque magnam voluptas quidem dolorum neque. Totam non dolor voluptatibus nihil occaecati ut.','2018-02-01','2018-05-27','CHF 2170800','2018-10-09 13:43:11','2018-10-09 13:43:11'),(3,12,NULL,4,25,2,5,'Test Invoice 3','test-invoice-3','Ullam iste repellat qui ipsum sit illum. Distinctio et doloremque quia commodi modi quia. Corrupti autem quae perferendis enim. Consequuntur provident beatae culpa consequatur aut ducimus dignissimos. Consequatur accusantium excepturi magni qui at et. Voluptas soluta eaque autem veritatis. Nam maxime qui dolorem quam cumque eius. Vel ex occaecati dolorem ab. Eius quia iusto odio in. Reiciendis modi magni perferendis iure suscipit labore. Minus iste corrupti rerum necessitatibus aut totam sit. Eaque nobis qui recusandae tempore molestias. Fugit delectus aut delectus laudantium. Iure quia illo neque omnis possimus numquam nostrum.','2017-12-29','2018-10-03',NULL,'2018-10-09 13:43:11','2018-10-09 13:43:11'),(4,7,NULL,2,17,7,4,'Test Invoice 4','test-invoice-4','Est commodi qui voluptate quia rerum. Enim rem provident voluptas harum totam. Nihil mollitia consequatur et at magni nihil aut. Totam cupiditate odio asperiores perspiciatis. Natus optio qui ipsam similique quaerat. Perspiciatis et placeat autem. Maiores et et ut beatae rerum assumenda et. Sed ipsa nam minus qui recusandae nam. Vitae eaque eos temporibus optio nisi sequi et. Esse officia fugit et voluptatibus quam quaerat. Id commodi nihil ut. Aperiam quae nam id repellat et. Ipsum quis sed autem et velit dolores. Optio quos quia molestiae dignissimos enim maxime tempore.','2017-07-07','2018-06-15',NULL,'2018-10-09 13:43:11','2018-10-09 13:43:11'),(5,12,NULL,5,15,9,2,'Test Invoice 5','test-invoice-5','Aut culpa illo quisquam accusamus distinctio. Aut aut et molestias. Et facilis est ut qui fugit sed saepe. Ut cupiditate nemo rem. Voluptas dignissimos molestiae neque culpa. Sint provident magni eius nulla distinctio qui quia. Et magnam qui officia. Expedita ratione et sit reiciendis sunt molestias iure. Et molestiae laborum sequi laborum distinctio suscipit aut. Assumenda soluta aut magni accusantium voluptatem adipisci. Labore libero repudiandae non. Autem unde est eaque et. Incidunt exercitationem et reiciendis vel facilis sed facere. Est laboriosam beatae et. Quis illum molestiae rerum omnis exercitationem velit repellat. Cum vitae sunt vel ut molestiae.','2017-01-19','2018-06-17',NULL,'2018-10-09 13:43:11','2018-10-09 13:43:11'),(6,18,NULL,3,5,5,2,'Test Invoice 6','test-invoice-6','Sit labore rem voluptas quasi aut. Ea libero veritatis rerum ad incidunt voluptatem facere. Dolore et at debitis reprehenderit sequi occaecati rerum. Occaecati et quod deserunt dignissimos repudiandae eos adipisci dolores. Ut sint est quo quas eius quam architecto enim. Est quo eveniet quisquam iste dolorem. Praesentium autem qui sed sed cupiditate. Veritatis illo eveniet est non qui. Repellendus natus omnis assumenda eaque vel modi nisi. Ipsum praesentium cumque officia id quidem commodi. Aut fuga praesentium et.','2016-12-27','2018-04-08',NULL,'2018-10-09 13:43:11','2018-10-09 13:43:11'),(7,13,NULL,2,18,10,6,'Test Invoice 7','test-invoice-7','Sed atque occaecati error. Labore sit a qui omnis doloribus pariatur. Est dignissimos cum autem nesciunt. Numquam aspernatur alias odio magni est. Asperiores optio adipisci corporis qui. Corporis placeat adipisci quibusdam reprehenderit. Voluptas sed ut et aut minima quos est. Facere numquam eius numquam nemo. Dolores est dolores neque facere fugit sint consequatur et. Quos id quo laudantium dolorem voluptatibus iure. Provident neque est inventore minima laboriosam quia possimus.','2016-10-20','2018-09-03',NULL,'2018-10-09 13:43:11','2018-10-09 13:43:11'),(8,4,NULL,3,15,8,2,'Test Invoice 8','test-invoice-8','Aliquam repellat quia sequi. Nihil beatae est et dolores et. Sunt accusamus et occaecati similique. Iusto dignissimos sit aut repellendus. Sapiente autem non ut fuga voluptatibus atque dolore. Impedit eius ut alias quisquam at qui incidunt. Maxime adipisci et saepe esse. Sed aperiam rerum nemo animi necessitatibus. Quam aut iusto harum reiciendis magnam voluptatum neque molestiae. Dolorum velit ipsam beatae. Reprehenderit earum nulla consequatur occaecati sit. Et est quia ex. Explicabo libero placeat ex aperiam. Dolorum facilis enim omnis consectetur nihil ipsum velit. Sit tenetur totam ad ut consequuntur. Veniam minima a numquam sed repellat ea atque.','2018-03-01','2018-04-08',NULL,'2018-10-09 13:43:11','2018-10-09 13:43:11'),(9,11,NULL,6,9,8,5,'Test Invoice 9','test-invoice-9','Neque sequi qui cum maiores voluptate aperiam. Aut at natus voluptas est aut placeat. Optio itaque qui vel qui quasi autem. Quis odit sapiente aliquid veritatis est fuga cumque. Ipsam eum amet qui et veniam est. Quibusdam aut omnis labore molestiae consequuntur explicabo sint sequi. Facere recusandae aliquam voluptatem quia hic. Rem enim eos necessitatibus omnis ullam maxime hic et. Expedita est id dolor aliquid officia perspiciatis autem. Et et nihil officia sit sed et pariatur et. Beatae ut hic est quo et. Aut harum reprehenderit qui voluptates voluptatibus numquam dolores suscipit. Fugiat est saepe suscipit nulla. Aut ullam tempore aspernatur.','2017-08-28','2018-04-07','CHF 4526100','2018-10-09 13:43:11','2018-10-09 13:43:11'),(10,13,NULL,5,21,10,4,'Test Invoice 10','test-invoice-10','Quisquam molestiae incidunt a aut tempore eos quam. Ducimus accusamus id molestias labore. Error consequatur modi et vel assumenda. Excepturi ipsam est magni similique. Asperiores dolores praesentium id porro tempora. Id occaecati voluptatem rerum optio sint voluptatem libero. Commodi at modi assumenda. Tempore ex mollitia vel quasi facilis eveniet. Cupiditate sed rem omnis consequatur ullam. Quia et in dolorem quidem id enim aspernatur. Est voluptatem officia provident velit laboriosam ut eum. Ea ut error unde eos blanditiis animi. Et quidem ut ut est inventore velit. Dignissimos est enim tenetur. Dolores laborum commodi quis sit eveniet. Dolor est voluptatum cum veniam.','2017-02-19','2018-09-06','CHF 7349800','2018-10-09 13:43:11','2018-10-09 13:43:11'),(11,3,NULL,3,20,8,5,'Test Invoice 11','test-invoice-11','Architecto esse iusto vero praesentium quam vitae aut. Est nam quae debitis ut quia eum. In dignissimos quia nam aut explicabo. Fuga deserunt error consequatur error. Modi eveniet est quis enim. Adipisci explicabo molestias provident totam voluptatibus cumque. Fuga voluptas cupiditate voluptas sit sit incidunt aliquid libero. Temporibus ut ad sint pariatur eos. Sint sunt et aspernatur sapiente necessitatibus blanditiis tempora laborum. Eaque aliquam ea adipisci animi aut possimus. Provident qui magnam atque eaque laudantium reiciendis. Doloremque ratione quisquam ducimus velit eligendi delectus possimus.','2017-12-12','2018-05-03',NULL,'2018-10-09 13:43:11','2018-10-09 13:43:11'),(12,14,NULL,6,6,5,2,'Test Invoice 12','test-invoice-12','Cum corrupti rerum consequatur ea expedita et voluptatibus. Voluptatem et in neque quos ut qui saepe. Tempore labore quia nesciunt culpa cupiditate temporibus nulla. Omnis sed ullam ut deserunt magni. Voluptate quidem eaque ut distinctio. Quis est ratione rerum ipsa culpa. Eos velit quia adipisci amet. Voluptatem consequatur quasi perferendis provident dicta sed esse. Ex voluptates quidem eos vel voluptas non. Iure et commodi quidem dicta. Similique voluptatem ratione et rerum temporibus voluptas. Non ea voluptatem doloribus. Et dolor et recusandae exercitationem velit est ipsa. Tempore quia atque natus. Est nesciunt aliquam aspernatur repellendus pariatur modi illo.','2016-12-17','2018-08-14','CHF 9443500','2018-10-09 13:43:11','2018-10-09 13:43:11'),(13,12,NULL,2,7,4,3,'Test Invoice 13','test-invoice-13','Sunt nam aut placeat nisi reiciendis. Eos voluptate dolorem qui cupiditate perspiciatis voluptatem. Corporis ea quia error molestias rerum. Quia sapiente eum molestiae optio doloribus magni est. Et magni voluptatem temporibus qui repellat officia. Voluptatem similique qui ipsam itaque rerum aut. Quas eius sint deserunt. Recusandae modi minus vel consequatur eum enim nihil. Consectetur voluptatem architecto voluptatem qui occaecati. Sed voluptates et libero voluptates. Autem aut tempore vitae unde doloremque fugiat et. Dignissimos quia repudiandae consequatur impedit magnam quaerat sint nihil. In eaque commodi modi optio. Ut nisi est similique.','2017-09-06','2018-09-30',NULL,'2018-10-09 13:43:11','2018-10-09 13:43:11'),(14,14,NULL,4,2,6,6,'Test Invoice 14','test-invoice-14','A cum ut et eius ut et vel. Nesciunt dolores officia ut. Eum quasi ut est molestiae error minus. Repudiandae quae non ad eos maiores exercitationem. Sunt pariatur nulla et dolor at soluta. Autem sed et sunt praesentium. Sint voluptatibus ipsa ipsum omnis consequatur. Cupiditate quisquam corporis laboriosam repudiandae itaque. Alias sint et dolorem doloribus occaecati commodi quisquam. Provident ex recusandae aliquid beatae nihil. Eum praesentium tenetur expedita nam sint pariatur in. Voluptas sit ea delectus. Aspernatur dolor ut veniam est repudiandae. Modi quo maxime voluptates suscipit illum velit laborum. Voluptatem fugit qui molestiae reprehenderit sint.','2017-09-22','2018-07-22',NULL,'2018-10-09 13:43:11','2018-10-09 13:43:11'),(15,17,NULL,2,16,8,6,'Test Invoice 15','test-invoice-15','Omnis est eaque dolorem beatae. Ipsa vel est ad voluptatem illum eum eligendi reprehenderit. Non et fugiat animi quibusdam labore numquam maxime modi. Architecto deserunt qui sit tenetur inventore. Error occaecati enim aperiam dicta eaque id sit. Molestiae placeat nulla quia a et. Incidunt nulla aperiam officia eaque error cumque ullam. Ab qui minus ut sint. Autem eius mollitia perferendis dicta esse porro aut. Et et quia et enim dolor praesentium optio eveniet. Sed nesciunt quisquam nihil magni eaque nostrum. Atque ipsam et id amet distinctio molestiae non. Sequi excepturi et deleniti asperiores quia. Accusamus praesentium ratione nihil. Sunt modi exercitationem voluptas est.','2017-01-30','2018-08-25',NULL,'2018-10-09 13:43:11','2018-10-09 13:43:11'),(16,16,NULL,3,22,6,3,'Test Invoice 16','test-invoice-16','Eos mollitia fugit perferendis. Non et necessitatibus sit repudiandae dolorum. Quo sunt eaque et asperiores animi voluptatem in ut. Et quae vero quas eum quae vitae harum. Rerum quis dolor perferendis. Sit iste hic eos laborum. Accusantium et quas nihil quam id autem. Hic consequatur consectetur eaque aut. Sit nam qui id et. Et aliquam minima corporis aut sequi qui. Sed provident aperiam vel impedit quos. Nesciunt odit esse repellat aliquid animi. Quia error libero nostrum quas illum quia. Occaecati consequuntur facere quo quam architecto et aut.','2018-02-05','2018-08-16',NULL,'2018-10-09 13:43:11','2018-10-09 13:43:11'),(17,14,NULL,3,1,5,3,'Test Invoice 17','test-invoice-17','Odit qui doloribus a aut et. Esse dolorem cumque sunt vel. Accusamus laudantium possimus laboriosam optio et. Accusantium dolorem dolores beatae est eos modi. Sit numquam voluptatibus cupiditate. Ipsa occaecati similique consequuntur voluptatum expedita. Facilis repellendus iste est fugiat ab accusamus nam. Est totam qui est omnis accusamus. In eaque asperiores ad officia quo. Voluptatem cum dicta quod totam. Dicta vel quasi molestiae. Vero expedita autem sint cumque quia. Impedit est distinctio praesentium sit quis dolorem. Voluptatum ut rerum excepturi a repellendus ex et praesentium. Eum sint dolorem in.','2016-12-19','2018-08-20',NULL,'2018-10-09 13:43:11','2018-10-09 13:43:11'),(18,10,NULL,6,20,4,4,'Test Invoice 18','test-invoice-18','Provident quae quia ex reprehenderit eum. Cum quod dolor dolores voluptatum esse pariatur et. Veritatis iusto quia delectus consectetur eveniet. Cupiditate consectetur at quam officia mollitia eum consequatur corporis. Voluptate quo doloremque quis vel. Eveniet debitis dolores iusto quidem. Rerum ad eligendi omnis alias qui nisi. Aliquid dolorem neque officiis impedit eveniet ducimus. Sapiente earum quia eius quo similique. Illo unde soluta molestiae tempore et laboriosam. Qui et et tenetur qui nihil. Voluptatum accusamus rem aut quia. Commodi amet vel aliquam et sunt ut qui quae. Perferendis animi quis dolores tenetur totam sunt ut.','2017-11-27','2018-03-29',NULL,'2018-10-09 13:43:11','2018-10-09 13:43:11'),(19,10,NULL,6,2,6,6,'Test Invoice 19','test-invoice-19','Fuga aspernatur cupiditate itaque deserunt est repellendus repellat. Quo laboriosam qui quae voluptas earum. Sunt quos aliquid temporibus voluptatem repellendus blanditiis ea. Sunt tempore doloremque ullam labore dignissimos quaerat molestiae. Commodi fugit qui iste ab non dolorem et. Rem culpa et provident quisquam corporis perspiciatis aliquam. Molestiae sit quis autem sequi debitis dolor error nobis. Porro maiores quidem dolor et explicabo. Sunt voluptatum sed excepturi accusamus. Omnis quas odit deserunt perferendis odit. Repellat praesentium rerum est et. Temporibus consequuntur nulla assumenda aut laboriosam.','2018-01-11','2018-08-09',NULL,'2018-10-09 13:43:11','2018-10-09 13:43:11'),(20,1,NULL,5,14,5,4,'Test Invoice 20','test-invoice-20','Est molestiae nulla non earum. Non consequatur possimus tenetur consequuntur laborum temporibus natus. Impedit omnis sint explicabo exercitationem porro. Repudiandae recusandae quisquam ipsa veritatis. Accusantium sit modi consectetur est accusantium assumenda molestiae nihil. Ratione quia dolores quisquam rerum et debitis officia. Et officiis at minus veniam magnam qui mollitia. Vel consequatur ducimus corporis excepturi. Ut harum et aliquid quas. Aut fugiat odio aut consequuntur vero praesentium incidunt. Quae voluptatem mollitia voluptas architecto ipsa.','2017-02-11','2018-04-19',NULL,'2018-10-09 13:43:11','2018-10-09 13:43:11'),(21,7,NULL,3,18,10,3,'Test Invoice 21','test-invoice-21','Voluptas neque qui alias sed exercitationem excepturi numquam. Modi sed placeat odio ut ullam velit rem. Eum eum quis eaque ipsa dolorum reiciendis. Molestiae libero fugit corporis. Fuga ab quo temporibus rerum. Non nisi fuga quia deleniti unde minima. Doloremque nihil quia cum occaecati magnam hic expedita. Est iste fugit explicabo alias accusamus quo ratione. Perferendis provident provident aliquam sit eligendi. Omnis delectus possimus harum ullam laudantium. Blanditiis cumque esse qui et qui laboriosam. Laboriosam beatae enim sunt quaerat. Laudantium similique aut quia vel repudiandae doloribus.','2017-06-12','2018-06-19',NULL,'2018-10-09 13:43:11','2018-10-09 13:43:11'),(22,20,NULL,2,20,9,5,'Test Invoice 22','test-invoice-22','Magnam odit adipisci saepe consequatur perferendis voluptas. Recusandae repudiandae molestias quisquam earum animi aut. Porro nam excepturi odit eius voluptatum. Reprehenderit eligendi totam temporibus tempora et. Minima mollitia odit modi possimus eveniet. Culpa iste aliquid ipsam commodi blanditiis ipsam. Soluta dolore magni temporibus illum ex eveniet enim. Voluptatem perspiciatis consequatur repellendus eligendi. Doloremque ut dolores velit repellendus blanditiis. Quisquam autem sunt blanditiis maiores et. Nihil enim atque voluptas id eaque modi. Hic aliquid corporis est eos aut. Non molestias aut ut et sunt consectetur laboriosam.','2017-07-09','2018-07-08',NULL,'2018-10-09 13:43:11','2018-10-09 13:43:11'),(23,6,NULL,5,22,10,6,'Test Invoice 23','test-invoice-23','Tempore maiores eius voluptatem ut aspernatur. Omnis dolore consequatur recusandae asperiores. Nobis animi consequatur eligendi laudantium. Aut et vel fugiat fuga. In rerum maxime consequuntur iusto ipsa. Harum nemo laborum cupiditate sint. Facilis ut numquam vel tempore et eius fugit. Sunt sequi sed ad quibusdam sequi. Ea pariatur incidunt aspernatur impedit nisi. Nisi officia perspiciatis reiciendis aperiam est nobis ipsa. Nobis veritatis accusantium est pariatur aut eos. Voluptatibus sit ad beatae eligendi debitis quam. Minus sit ea ipsa non neque atque saepe.','2016-11-08','2018-04-27',NULL,'2018-10-09 13:43:11','2018-10-09 13:43:11'),(24,20,NULL,6,19,8,4,'Test Invoice 24','test-invoice-24','Quam rerum laboriosam in dolores id suscipit. Assumenda in velit modi aliquid repudiandae facere perferendis. Quaerat et delectus aut dolores. Odio molestiae et dolor officia. Dignissimos est ullam eligendi fugit fuga numquam. Ad vel officiis dolores dolor natus animi. Est nisi illum impedit aut est veniam dicta. Est et a corrupti quia aut ut cumque. Error natus impedit commodi sed cupiditate porro. Dolorum accusantium laborum consequatur quia. Odit ipsam est qui sit recusandae repellendus qui. Quam voluptatem aut commodi soluta ut laudantium. Aspernatur suscipit optio quia culpa ab.','2017-08-26','2018-07-05',NULL,'2018-10-09 13:43:11','2018-10-09 13:43:11'),(25,14,NULL,3,2,4,4,'Test Invoice 25','test-invoice-25','Molestiae nihil molestiae eos sint rem. Qui quae minima qui. Maiores quae quo excepturi. Minima et odio voluptatibus est qui enim. Odit est et fuga corporis suscipit dolores. Eos tempore est ullam voluptas et fugiat. Aut assumenda dolorum alias sit. Earum porro ullam ducimus molestias fuga. Velit iste sunt aut ad molestiae officia ex. Aliquam minima et porro omnis temporibus odio quam. Omnis quia deleniti ullam eum iure. Sunt odit quia inventore. Perspiciatis quas non facere eligendi maiores provident quas vel.','2016-11-17','2018-05-10',NULL,'2018-10-09 13:43:11','2018-10-09 13:43:11'),(26,6,NULL,3,13,3,5,'Test Invoice 26','test-invoice-26','Sit hic sit at ex temporibus dolorem eveniet. Aut eligendi et doloribus dolore quae maxime hic. Harum est eius tenetur et ducimus ut. Maiores laboriosam expedita est neque. Veniam modi dolores aut provident deserunt sunt. Nihil cumque id nihil quidem quia consectetur. Vero voluptatem quis consequatur alias voluptatem. Provident cupiditate harum quos dolorem perspiciatis odio. Dolorum incidunt minus maiores molestiae nulla maiores. Et dignissimos minus nulla ut excepturi a fugit. Est maiores tempora quos laboriosam. Quam suscipit ducimus iste a repellendus.','2017-03-13','2018-05-01',NULL,'2018-10-09 13:43:11','2018-10-09 13:43:11'),(27,12,NULL,2,23,6,2,'Test Invoice 27','test-invoice-27','Tempora quia qui ut ut quod. Quis est qui ad et placeat eaque itaque. Occaecati eos labore in est recusandae quaerat facilis. Aut consequuntur optio expedita ipsa incidunt debitis. Inventore voluptas voluptatem quia porro omnis ducimus eos. Nemo omnis cum et sunt fugiat. Illo officia perspiciatis consectetur aut ab. Hic earum fugiat est voluptatem sit rerum fuga. Praesentium a autem enim ullam. Et voluptatem eum omnis esse. Debitis id fugit neque voluptatem error. Delectus quae qui deleniti doloribus modi quia. Molestiae accusamus et praesentium quia quo in aut. Ipsum magnam consectetur non modi.','2017-09-28','2018-09-20',NULL,'2018-10-09 13:43:11','2018-10-09 13:43:11'),(28,17,NULL,4,14,6,6,'Test Invoice 28','test-invoice-28','Suscipit repellendus velit enim nostrum. Nemo et ut quisquam nemo fugiat vel optio voluptatem. Eligendi vitae iusto minima a debitis saepe sit. Nostrum consequatur ipsa et accusamus. Consequatur sint voluptatum id molestiae. Et non quam sint quae. Eligendi quam cum accusamus eveniet quae. Eaque voluptatibus corrupti molestiae dolorem error facilis et. Et voluptas dicta facere vero molestias. Repudiandae temporibus quia perspiciatis commodi eligendi alias. Repellendus sint veniam explicabo sequi maiores qui. Excepturi provident rerum corporis in. Itaque reiciendis recusandae sit ad magnam distinctio aut.','2017-04-18','2018-09-27',NULL,'2018-10-09 13:43:11','2018-10-09 13:43:11'),(29,10,NULL,5,4,1,2,'Test Invoice 29','test-invoice-29','Consequatur sit consectetur aliquid ad nihil quas dignissimos et. Voluptatem qui maiores vel quis tempora quia voluptatem. Explicabo qui reiciendis ut atque est hic et. Nostrum sunt quasi qui. Nostrum cupiditate provident aperiam esse recusandae. Et ab omnis vitae quod et. Ut assumenda expedita quia rem et rerum qui. Dolores quisquam nam unde expedita quos doloribus numquam. Qui saepe incidunt quaerat magnam excepturi. Est pariatur consequatur eveniet debitis consectetur. Delectus dolores eius quibusdam laudantium blanditiis enim explicabo consectetur. Reprehenderit facilis qui eum. Neque nulla enim praesentium rerum deleniti.','2017-04-15','2018-06-05',NULL,'2018-10-09 13:43:11','2018-10-09 13:43:11'),(30,3,NULL,2,11,1,5,'Test Invoice 30','test-invoice-30','Nam nobis eum temporibus tempore sit. Reiciendis voluptas consequatur placeat quod. Debitis fuga et vel velit illum nisi. Voluptas beatae qui dolor rem eligendi veniam sint. Temporibus qui iure occaecati est beatae voluptate. Cupiditate amet fuga nobis et. Non voluptas quae veritatis velit et repellat tenetur eum. Et libero beatae omnis enim fugiat est ut vero. Aut cumque repudiandae aut totam. Beatae omnis incidunt magnam expedita aut voluptas earum. Dolor ipsam qui doloribus. Magnam iusto quasi cum sed. Rerum error hic accusantium debitis excepturi odit fugit fuga. Aliquam voluptate amet adipisci modi veritatis.','2017-02-19','2018-09-02',NULL,'2018-10-09 13:43:11','2018-10-09 13:43:11'),(31,16,NULL,2,25,2,4,'Test Invoice 31','test-invoice-31','Dolores doloremque unde eaque dolorum. Commodi magnam dolorem et doloribus ipsum. Hic ut cum nostrum corrupti qui dignissimos. Pariatur et nihil earum. Eaque facere qui est possimus omnis omnis occaecati nesciunt. Delectus sed beatae unde architecto non eum numquam molestiae. Illum et sed dolor et labore. Perferendis similique numquam nihil aut. Sint fugiat est nemo quasi. Expedita consequuntur dolores ad. Et incidunt nesciunt voluptas ratione tempore nobis. Quo est vel qui iure. Vero ea aut rem ipsum itaque voluptas. Praesentium ratione deleniti et aut. Sed aliquam velit rerum in et. Fugiat dolorem molestiae sit quis quo. Nemo deserunt quam dolor animi.','2017-06-20','2018-06-12',NULL,'2018-10-09 13:43:11','2018-10-09 13:43:11'),(32,15,NULL,5,1,7,3,'Test Invoice 32','test-invoice-32','Quia saepe ullam corrupti molestiae natus assumenda impedit. Consequatur ullam nam est in ipsa. Eius quo ut labore molestias harum. Non modi sit libero velit molestiae rerum. Qui a quas aut. Commodi iste voluptatem nobis quibusdam itaque quo dolorum. Exercitationem totam praesentium fugiat quod quas repellendus quam. Blanditiis doloribus eum eum porro ea recusandae autem. Voluptatem dignissimos reprehenderit est. Et nesciunt est aut qui. Quidem perspiciatis placeat necessitatibus id laborum facilis dicta incidunt. Odio sapiente laborum sed natus delectus nesciunt.','2017-11-02','2018-08-04',NULL,'2018-10-09 13:43:11','2018-10-09 13:43:11'),(33,18,NULL,2,16,7,3,'Test Invoice 33','test-invoice-33','Unde nulla sed quas amet beatae modi accusamus. Qui accusantium provident expedita ut. Laboriosam provident aut sed sit rerum. Non quasi eos illo tempore. Odio natus temporibus et et aspernatur quaerat unde. Harum nam reiciendis id nesciunt sit. Cumque molestiae voluptatem ut repellat. Adipisci qui at quis numquam et mollitia. Reprehenderit ex quasi doloribus voluptatum nemo sit. Suscipit ut impedit saepe. Voluptates vitae autem vero officia ab repudiandae at. Est ex magnam nesciunt. Adipisci corporis qui doloribus esse. Nisi in reprehenderit molestiae vero.','2017-06-25','2018-03-24',NULL,'2018-10-09 13:43:11','2018-10-09 13:43:11'),(34,14,NULL,3,19,7,3,'Test Invoice 34','test-invoice-34','Nihil explicabo libero eaque dolore sunt ea. Voluptate cupiditate animi recusandae quod doloremque maiores autem. Ad excepturi velit ratione earum pariatur. Sed ratione quasi optio sunt. A rem quia unde tempore voluptate quia. Libero nobis explicabo autem. Harum et est iusto perspiciatis consequatur. Minus qui sit beatae vero ut hic vero quidem. Culpa voluptas repudiandae iste atque. Nesciunt aut necessitatibus id molestiae sed maiores omnis. Sit modi nihil ipsum hic eum autem temporibus. Atque repellat sapiente autem. Voluptatem aut id porro nisi vero voluptatem nihil. Voluptatum asperiores fuga earum. Quo libero enim dolore rerum.','2017-01-29','2018-09-29','CHF 9495800','2018-10-09 13:43:11','2018-10-09 13:43:11'),(35,9,NULL,6,6,4,6,'Test Invoice 35','test-invoice-35','Ipsum voluptas est doloribus laborum dolores eos necessitatibus. Quia voluptatem dolor aut voluptatem. Doloremque id magnam labore voluptas rem officiis magnam. Velit est magnam nulla cupiditate. In rem consequatur quidem et debitis nisi. Iste cupiditate nobis quisquam cumque. Quisquam quaerat quia ipsa enim voluptatem quas. Et ut ut tenetur optio et. Qui rerum maxime qui quibusdam repellendus. Occaecati rerum consequuntur dolores et rerum aut. Ullam distinctio ea dolores ad tenetur. Dolorum reiciendis quia sit eos minus. Harum totam cum sit consequatur. Cumque est sequi architecto aut. Ex provident pariatur molestiae facilis fugit quos. Quia magnam voluptates et earum esse sequi.','2016-10-31','2018-05-17',NULL,'2018-10-09 13:43:11','2018-10-09 13:43:11'),(36,9,NULL,4,8,4,6,'Test Invoice 36','test-invoice-36','Dicta dolores veritatis rerum quo. Voluptas eligendi ut perferendis. Et quo dolores omnis doloremque qui. A rerum maxime aut autem aut. Commodi explicabo ratione sed veniam sunt nulla quis. Repellendus incidunt eum nihil voluptatem voluptatum. Rerum perspiciatis dolorem libero non aspernatur aut iure perspiciatis. Voluptatem veritatis debitis eum vel enim enim officiis. Architecto rerum eos magni sit. Vitae provident quisquam ratione. Ipsam hic explicabo corrupti in. In eveniet dolore qui qui excepturi fugiat. Illo dignissimos ipsum modi nulla nemo ea. Aut corrupti dolores voluptatem voluptatem.','2017-08-02','2018-08-18','CHF 9010100','2018-10-09 13:43:11','2018-10-09 13:43:11'),(37,16,NULL,5,11,6,5,'Test Invoice 37','test-invoice-37','Ea eos cupiditate repudiandae sint ipsa sint qui. Amet sit quia error dolorem. Qui consequatur dolorem nam rerum vero porro natus. Aut rerum quia voluptatum consequatur ea asperiores. Dolor harum deserunt nulla quia enim. Dolorem accusantium impedit aliquam perferendis. Consequuntur culpa suscipit omnis et eius et modi quis. Quia dolorem libero ut occaecati a iure. Saepe accusamus et perferendis quo. Ipsa ut voluptatum mollitia quis reiciendis vero explicabo. Suscipit ex aliquam debitis. Laborum expedita consectetur possimus vel non ex non. Neque repellendus ut repellat nihil ab occaecati dolorem.','2017-11-13','2018-09-13',NULL,'2018-10-09 13:43:11','2018-10-09 13:43:11'),(38,5,NULL,2,19,7,2,'Test Invoice 38','test-invoice-38','Aliquid consequatur et maiores sint architecto. Dolor consequatur sint repudiandae asperiores. In rerum rerum libero delectus magni provident. Illum porro nesciunt voluptas. Sint est molestias ducimus iusto. Ut labore nihil qui ea et. Et eum aut illo quas sit totam non consequatur. Doloremque tenetur sed velit laboriosam. Nihil iure qui voluptatum odio soluta blanditiis. Illum maiores incidunt aut asperiores. Fugiat necessitatibus nesciunt tempore consequatur et magnam. Explicabo molestiae distinctio totam adipisci consequatur quam ratione. Illum dignissimos et incidunt eius rerum aut. Consequuntur aut magni in quia excepturi facere sit. Cum harum quia enim.','2018-01-22','2018-08-02',NULL,'2018-10-09 13:43:11','2018-10-09 13:43:11'),(39,16,NULL,4,2,8,6,'Test Invoice 39','test-invoice-39','Error quasi et voluptatum aut quis non quaerat. Nulla suscipit architecto dignissimos asperiores rerum dolores ratione. Aut id aut rerum quis cumque. Sapiente et rerum velit omnis officia aut velit. Neque commodi aliquam aperiam et et. Officiis sapiente sed sed error ex aut error. Quo ut atque numquam amet aliquam quis. Porro accusamus odit rerum hic neque velit. Est deleniti ad et officiis. Exercitationem porro molestias illum blanditiis ipsam rerum maiores. Dolores nostrum et voluptas consequatur tempora nostrum voluptas. Enim eum ab qui reprehenderit quia ab dicta. Ab accusantium officia omnis eveniet architecto qui aut omnis.','2018-03-03','2018-05-01','CHF 6675700','2018-10-09 13:43:11','2018-10-09 13:43:11'),(40,11,NULL,5,14,5,5,'Test Invoice 40','test-invoice-40','Consequatur quia odit et veniam. Non laborum sit voluptatum. Neque non dolor repellendus blanditiis eos aperiam neque. Vel qui debitis et enim. Ratione iste omnis ut similique est alias id. Omnis similique minima aut repellat pariatur quia at. Temporibus expedita reiciendis aspernatur qui aut quia. Et non non molestiae est repellendus consequatur nostrum. Facilis occaecati consequatur voluptatem aperiam dicta autem. Pariatur expedita voluptates laborum aut ratione cum. Ipsum alias praesentium ut culpa nesciunt omnis eligendi expedita.','2017-04-19','2018-06-24',NULL,'2018-10-09 13:43:11','2018-10-09 13:43:11'),(41,2,NULL,4,22,8,4,'Test Invoice 41','test-invoice-41','Maiores et molestiae aliquam eveniet sed in voluptas nostrum. Temporibus illum atque qui aperiam dolores sunt. Sit qui odit ut vel. Aut eligendi dolorum qui debitis. Eum voluptatem quia possimus molestiae qui ad. Fuga est unde nostrum quis aut. Dicta velit enim porro nobis iusto et beatae et. Consectetur delectus accusantium totam molestiae. Quaerat vel magni vel consectetur earum voluptas voluptatum. Maxime ab et fuga voluptatibus. Iste iure culpa enim laudantium dolor ab aut. Ipsa ducimus debitis hic similique eum. Dolor corrupti et impedit odit dolorum dicta est. Id qui provident vel velit tempora rerum qui.','2017-03-08','2018-07-04',NULL,'2018-10-09 13:43:11','2018-10-09 13:43:11'),(42,20,NULL,5,13,2,4,'Test Invoice 42','test-invoice-42','Animi quas dolor neque magni. Aut sed officiis qui impedit aliquam repudiandae harum. Nemo doloremque quis quia quam aut et sed. Autem ut consequatur laborum asperiores pariatur consequatur. Et maiores ex debitis sit enim. A consequuntur vel dolore illum ab adipisci. Aut eum nihil totam temporibus. Exercitationem tempore sunt est repudiandae illum. Ut reiciendis quidem distinctio quia esse officia sint officia. Officiis sit deleniti voluptatem recusandae officiis excepturi. Et laudantium tempore ea nihil vitae rerum doloribus. Nobis architecto aut error. Incidunt mollitia sed enim molestias et doloremque. Eos aut numquam eum quia.','2017-09-22','2018-06-17',NULL,'2018-10-09 13:43:11','2018-10-09 13:43:11'),(43,20,NULL,6,19,5,3,'Test Invoice 43','test-invoice-43','Eligendi laborum aut quo vel deserunt et. Quis autem ut incidunt aut harum. Enim et aperiam et. Officiis distinctio reprehenderit quae et. Error veritatis sunt doloribus dolor debitis odio. Deleniti fuga nostrum sit voluptatem vitae non. Corporis voluptatem exercitationem ut non molestias et dolores. Tenetur placeat ut reiciendis recusandae rerum. Atque voluptas voluptatibus unde sed. Facere quisquam inventore ut reprehenderit. Temporibus enim reiciendis et illum ullam. Qui aut ut praesentium dicta dicta voluptates nostrum qui.','2017-06-29','2018-04-19',NULL,'2018-10-09 13:43:11','2018-10-09 13:43:11'),(44,2,NULL,3,4,8,5,'Test Invoice 44','test-invoice-44','Est dolorem nihil perferendis sequi. Velit odio est sequi. Placeat rerum placeat laboriosam numquam id voluptas voluptas. Enim et vero quo. Eius omnis illo dolorem odio qui quia error. Commodi iste omnis aut placeat facere. Dolor et vel nesciunt dolor suscipit quibusdam itaque. Quam qui qui eos repellendus molestias quibusdam laudantium. Minima voluptatum placeat eos. Sint tempora enim et ut optio quidem laborum. Est voluptatem repellat ut sit et reprehenderit. Rerum tenetur consequuntur nihil et culpa. Facilis consequatur ex unde provident iure molestiae enim distinctio. Numquam aliquid dolores repellendus maiores. Beatae qui vero inventore.','2017-01-23','2018-05-19',NULL,'2018-10-09 13:43:11','2018-10-09 13:43:11'),(45,17,NULL,5,17,9,5,'Test Invoice 45','test-invoice-45','Praesentium vero quasi aut quod sit quam. Doloremque est adipisci et ut laboriosam. Qui ex et quam. Quae neque sed nobis consequatur quas pariatur magni. In et placeat est vel sint pariatur dolorum qui. Sunt dicta qui consequatur tenetur quaerat illo cupiditate. Ut quia sunt velit ex eos. Consequuntur repudiandae voluptas doloremque animi corporis officiis. Et voluptas voluptatibus omnis mollitia sed enim enim. Quia expedita eaque explicabo quisquam accusantium quos. Voluptatem repudiandae sequi nisi similique est quisquam saepe.','2016-10-13','2018-10-02',NULL,'2018-10-09 13:43:11','2018-10-09 13:43:11'),(46,17,NULL,4,20,10,4,'Test Invoice 46','test-invoice-46','Voluptates et expedita qui nobis. Quo porro perferendis pariatur qui consequuntur. Aliquid aliquid nemo optio quae distinctio. Quisquam rerum laborum laudantium cum corrupti sed est. Doloribus in delectus quia ut id. Inventore numquam quidem sequi laborum. Nam aut voluptatem dolores dolore. Facere est qui illo cumque. Et ducimus ullam asperiores nostrum necessitatibus voluptatem. Fugiat blanditiis est reprehenderit eveniet. Odio maxime laborum nihil officiis voluptatem itaque. Sit et quaerat fugiat earum. Dolorem voluptatem deleniti odio enim aut eius aut. Neque temporibus sint aut asperiores eligendi.','2017-05-13','2018-05-24',NULL,'2018-10-09 13:43:11','2018-10-09 13:43:11'),(47,13,NULL,3,14,5,4,'Test Invoice 47','test-invoice-47','Sed eum et neque aperiam nulla. Illum et debitis quam illo in amet quis deserunt. Nostrum voluptatem minima quo omnis. Delectus sit dolores quis dicta et labore. Et optio harum ipsa quae maiores officia. Quis sint omnis vero officia et. Dicta sint rem cum praesentium ea non qui. Iste tempora inventore quia eligendi enim odio sunt expedita. Tempora distinctio quasi blanditiis eos doloribus sed et nemo. Dolores enim asperiores sunt tempora voluptas voluptas. At ab aut rerum adipisci. Animi quia cupiditate vel possimus qui dolor ut ut. Qui qui hic sunt ut dolores sed. Sed non exercitationem blanditiis ducimus temporibus nihil sunt.','2017-11-08','2018-09-22',NULL,'2018-10-09 13:43:11','2018-10-09 13:43:11'),(48,6,NULL,6,9,2,6,'Test Invoice 48','test-invoice-48','Vitae sint est rerum nostrum velit maiores et facilis. Quaerat eaque magnam accusamus velit. Quasi quisquam sapiente ipsa et ut aliquid in. Quasi aut aut reiciendis porro velit a. Mollitia ab minus ullam voluptatibus eum consequatur molestiae. Consequatur omnis possimus qui enim. Consequatur dolorem illo optio quo. Delectus est assumenda omnis assumenda. Sit distinctio dolores ad ut aspernatur voluptatem aut hic. Commodi aut quo tempore quas omnis. Qui explicabo aut fugit consequatur. Quia repudiandae ipsam hic dolor. Quisquam sed et et vel. Laboriosam similique voluptatem in. Aut possimus minus ut labore odit a quo numquam. Autem nihil mollitia illum aut.','2017-10-13','2018-09-15',NULL,'2018-10-09 13:43:11','2018-10-09 13:43:11'),(49,12,NULL,4,16,3,4,'Test Invoice 49','test-invoice-49','Voluptatum tempore ea libero quis qui. Ipsum dolorum unde alias amet. Aut ut natus sunt quisquam fugiat. Velit a reprehenderit dolorem illo voluptatem ipsam. Dolorum facilis aliquid sed quo dolor natus. Dolor sed id consequatur autem hic. Ut quia consequuntur non nesciunt qui quia. Repellendus in qui molestiae iusto occaecati aut. Ratione quo quae reprehenderit quod. Soluta eum dolorem minima deserunt fuga labore. Labore aut totam aspernatur dolorem. Commodi esse dolorum sed repellendus. Dolores consectetur in et necessitatibus.','2017-09-05','2018-08-23',NULL,'2018-10-09 13:43:11','2018-10-09 13:43:11'),(50,10,NULL,6,18,10,5,'Test Invoice 50','test-invoice-50','Atque quae temporibus ex eos aut voluptatem molestiae. Qui atque esse qui. Debitis facilis assumenda velit dolores. Magni corrupti quia possimus rem nulla sit doloribus. Qui enim rerum dolorum velit tempore. Molestiae aut autem aut quae suscipit quo. Ab ut aperiam nesciunt ducimus. Qui doloremque tenetur perferendis non quas modi. Iusto minus doloribus eum molestias. Tempora ut modi nobis velit et. Fugit ut doloribus quas magnam porro qui. Corporis iste molestiae modi quaerat et. Cupiditate est ut aspernatur consequatur sunt reprehenderit omnis neque. Veniam qui tenetur sed repudiandae pariatur ut. Consequatur eum voluptatem facere est maxime non sequi. In culpa qui exercitationem et quia.','2017-07-14','2018-04-28',NULL,'2018-10-09 13:43:11','2018-10-09 13:43:11');
/*!40000 ALTER TABLE `invoices` ENABLE KEYS */;
UNLOCK TABLES;

--
-- Table structure for table `new_customer_tags`
--

DROP TABLE IF EXISTS `new_customer_tags`;
/*!40101 SET @saved_cs_client     = @@character_set_client */;
/*!40101 SET character_set_client = utf8 */;
CREATE TABLE `new_customer_tags` (
  `customer_id` int(11) NOT NULL,
  `tag_id` int(11) NOT NULL,
  PRIMARY KEY (`customer_id`,`tag_id`),
  KEY `IDX_60ADD2BA9395C3F3` (`customer_id`),
  KEY `IDX_60ADD2BABAD26311` (`tag_id`),
  CONSTRAINT `FK_60ADD2BA9395C3F3` FOREIGN KEY (`customer_id`) REFERENCES `Customer` (`id`) ON DELETE CASCADE,
  CONSTRAINT `FK_60ADD2BABAD26311` FOREIGN KEY (`tag_id`) REFERENCES `tags` (`id`) ON DELETE CASCADE
) ENGINE=InnoDB DEFAULT CHARSET=utf8 COLLATE=utf8_unicode_ci;
/*!40101 SET character_set_client = @saved_cs_client */;

--
-- Dumping data for table `new_customer_tags`
--

LOCK TABLES `new_customer_tags` WRITE;
/*!40000 ALTER TABLE `new_customer_tags` DISABLE KEYS */;
INSERT INTO `new_customer_tags` VALUES (1,14),(1,16),(1,19),(2,13),(3,7),(3,9),(4,7),(4,16),(5,17),(6,5),(6,9),(6,20),(7,5),(8,6),(8,12),(8,15),(9,14),(9,17),(9,19),(12,1),(12,12),(13,9),(15,12),(15,15),(15,16),(16,3),(19,1),(19,10),(21,1),(21,10),(21,17),(22,16),(23,14),(23,16),(24,1),(25,1),(25,5),(27,14),(28,7),(28,18),(29,13),(31,5),(31,9),(31,20),(33,2),(33,6),(33,18),(34,20),(35,16),(36,1),(36,9),(37,4),(37,15),(37,17),(38,8),(38,16),(39,9),(41,20),(42,12),(42,18),(42,19),(43,1),(43,10),(45,4),(45,18);
/*!40000 ALTER TABLE `new_customer_tags` ENABLE KEYS */;
UNLOCK TABLES;

--
-- Table structure for table `offer_discounts`
--

DROP TABLE IF EXISTS `offer_discounts`;
/*!40101 SET @saved_cs_client     = @@character_set_client */;
/*!40101 SET character_set_client = utf8 */;
CREATE TABLE `offer_discounts` (
  `id` int(11) NOT NULL AUTO_INCREMENT,
  `offer_id` int(11) DEFAULT NULL,
  `user_id` int(11) DEFAULT NULL,
  `name` varchar(255) COLLATE utf8_unicode_ci NOT NULL,
  `value` decimal(10,2) DEFAULT NULL,
  `percentage` tinyint(1) DEFAULT NULL,
  `minus` tinyint(1) DEFAULT NULL,
  `created_at` datetime NOT NULL,
  `updated_at` datetime NOT NULL,
  PRIMARY KEY (`id`),
  KEY `IDX_5F927F7C53C674EE` (`offer_id`),
  KEY `IDX_5F927F7CA76ED395` (`user_id`),
  CONSTRAINT `FK_5F927F7C53C674EE` FOREIGN KEY (`offer_id`) REFERENCES `offers` (`id`),
  CONSTRAINT `FK_5F927F7CA76ED395` FOREIGN KEY (`user_id`) REFERENCES `users` (`id`) ON DELETE SET NULL
) ENGINE=InnoDB AUTO_INCREMENT=6 DEFAULT CHARSET=utf8 COLLATE=utf8_unicode_ci;
/*!40101 SET character_set_client = @saved_cs_client */;

--
-- Dumping data for table `offer_discounts`
--

LOCK TABLES `offer_discounts` WRITE;
/*!40000 ALTER TABLE `offer_discounts` DISABLE KEYS */;
INSERT INTO `offer_discounts` VALUES (1,46,2,'10% Off',0.10,1,1,'2018-10-09 13:43:11','2018-10-09 13:43:11'),(2,50,5,'10% Off',0.10,1,1,'2018-10-09 13:43:11','2018-10-09 13:43:11'),(3,49,2,'10% Off',0.10,1,1,'2018-10-09 13:43:11','2018-10-09 13:43:11'),(4,45,6,'10% Off',0.10,1,1,'2018-10-09 13:43:11','2018-10-09 13:43:11'),(5,44,4,'10% Off',0.10,1,1,'2018-10-09 13:43:11','2018-10-09 13:43:11');
/*!40000 ALTER TABLE `offer_discounts` ENABLE KEYS */;
UNLOCK TABLES;

--
-- Table structure for table `offer_positions`
--

DROP TABLE IF EXISTS `offer_positions`;
/*!40101 SET @saved_cs_client     = @@character_set_client */;
/*!40101 SET character_set_client = utf8 */;
CREATE TABLE `offer_positions` (
  `id` int(11) NOT NULL AUTO_INCREMENT,
  `offer_id` int(11) NOT NULL,
  `service_id` int(11) DEFAULT NULL,
  `user_id` int(11) DEFAULT NULL,
  `order_no` int(11) DEFAULT NULL,
  `amount` decimal(10,2) DEFAULT NULL,
  `rate_value` varchar(255) COLLATE utf8_unicode_ci DEFAULT NULL COMMENT '(DC2Type:money)',
  `rate_unit` longtext COLLATE utf8_unicode_ci,
  `vat` decimal(10,3) DEFAULT NULL,
  `chargeable` tinyint(1) DEFAULT NULL,
  `created_at` datetime NOT NULL,
  `updated_at` datetime NOT NULL,
  `rateUnitType_id` varchar(255) COLLATE utf8_unicode_ci DEFAULT NULL,
  PRIMARY KEY (`id`),
  KEY `IDX_755A98B853C674EE` (`offer_id`),
  KEY `IDX_755A98B8ED5CA9E6` (`service_id`),
  KEY `IDX_755A98B82BE78CCE` (`rateUnitType_id`),
  KEY `IDX_755A98B8A76ED395` (`user_id`),
  CONSTRAINT `FK_755A98B82BE78CCE` FOREIGN KEY (`rateUnitType_id`) REFERENCES `rateunittypes` (`id`),
  CONSTRAINT `FK_755A98B853C674EE` FOREIGN KEY (`offer_id`) REFERENCES `offers` (`id`),
  CONSTRAINT `FK_755A98B8A76ED395` FOREIGN KEY (`user_id`) REFERENCES `users` (`id`) ON DELETE SET NULL,
  CONSTRAINT `FK_755A98B8ED5CA9E6` FOREIGN KEY (`service_id`) REFERENCES `services` (`id`)
) ENGINE=InnoDB AUTO_INCREMENT=51 DEFAULT CHARSET=utf8 COLLATE=utf8_unicode_ci;
/*!40101 SET character_set_client = @saved_cs_client */;

--
-- Dumping data for table `offer_positions`
--

LOCK TABLES `offer_positions` WRITE;
/*!40000 ALTER TABLE `offer_positions` DISABLE KEYS */;
INSERT INTO `offer_positions` VALUES (1,1,1,2,1,20.00,'CHF 10000','CHF/h',0.080,1,'2018-10-09 13:43:11','2018-10-09 13:43:11','h'),(2,1,1,3,324,42.00,'CHF 10000','CHF/h',0.080,1,'2018-10-09 13:43:11','2018-10-09 13:43:11','h'),(3,2,1,6,133,48.00,'CHF 10000','CHF/h',0.080,1,'2018-10-09 13:43:11','2018-10-09 13:43:11','h'),(4,9,1,3,455,35.00,'CHF 10000','CHF/h',0.080,1,'2018-10-09 13:43:11','2018-10-09 13:43:11','h'),(5,1,1,3,292,50.00,'CHF 10000','CHF/h',0.080,1,'2018-10-09 13:43:11','2018-10-09 13:43:11','h'),(6,7,1,6,761,60.00,'CHF 10000','CHF/h',0.080,1,'2018-10-09 13:43:11','2018-10-09 13:43:11','h'),(7,3,1,4,213,53.00,'CHF 10000','CHF/h',0.080,1,'2018-10-09 13:43:11','2018-10-09 13:43:11','h'),(8,5,1,3,706,56.00,'CHF 10000','CHF/h',0.080,1,'2018-10-09 13:43:11','2018-10-09 13:43:11','h'),(9,6,1,4,133,87.00,'CHF 10000','CHF/h',0.080,0,'2018-10-09 13:43:11','2018-10-09 13:43:11','h'),(10,7,1,3,506,98.00,'CHF 10000','CHF/h',0.080,1,'2018-10-09 13:43:11','2018-10-09 13:43:11','h'),(11,9,1,3,718,3.00,'CHF 10000','CHF/h',0.080,1,'2018-10-09 13:43:11','2018-10-09 13:43:11','h'),(12,9,1,6,326,58.00,'CHF 10000','CHF/h',0.080,1,'2018-10-09 13:43:11','2018-10-09 13:43:11','h'),(13,7,1,4,871,97.00,'CHF 10000','CHF/h',0.080,1,'2018-10-09 13:43:11','2018-10-09 13:43:11','h'),(14,2,1,4,438,11.00,'CHF 10000','CHF/h',0.080,1,'2018-10-09 13:43:11','2018-10-09 13:43:11','h'),(15,3,1,5,307,55.00,'CHF 10000','CHF/h',0.080,1,'2018-10-09 13:43:11','2018-10-09 13:43:11','h'),(16,2,1,6,26,76.00,'CHF 10000','CHF/h',0.080,1,'2018-10-09 13:43:11','2018-10-09 13:43:11','h'),(17,3,1,5,635,57.00,'CHF 10000','CHF/h',0.080,1,'2018-10-09 13:43:11','2018-10-09 13:43:11','h'),(18,6,1,2,204,96.00,'CHF 10000','CHF/h',0.080,1,'2018-10-09 13:43:11','2018-10-09 13:43:11','h'),(19,9,1,5,659,66.00,'CHF 10000','CHF/h',0.080,1,'2018-10-09 13:43:11','2018-10-09 13:43:11','h'),(20,10,1,6,625,20.00,'CHF 10000','CHF/h',0.080,1,'2018-10-09 13:43:11','2018-10-09 13:43:11','h'),(21,7,1,5,104,22.00,'CHF 10000','CHF/h',0.080,1,'2018-10-09 13:43:11','2018-10-09 13:43:11','h'),(22,10,1,2,944,40.00,'CHF 10000','CHF/h',0.080,1,'2018-10-09 13:43:11','2018-10-09 13:43:11','h'),(23,10,1,2,295,81.00,'CHF 10000','CHF/h',0.080,1,'2018-10-09 13:43:11','2018-10-09 13:43:11','h'),(24,8,1,5,708,79.00,'CHF 10000','CHF/h',0.080,0,'2018-10-09 13:43:11','2018-10-09 13:43:11','h'),(25,2,1,4,321,43.00,'CHF 10000','CHF/h',0.080,1,'2018-10-09 13:43:11','2018-10-09 13:43:11','h'),(26,2,1,2,513,14.00,'CHF 10000','CHF/h',0.080,0,'2018-10-09 13:43:11','2018-10-09 13:43:11','h'),(27,3,1,5,982,62.00,'CHF 10000','CHF/h',0.080,1,'2018-10-09 13:43:11','2018-10-09 13:43:11','h'),(28,10,1,6,366,25.00,'CHF 10000','CHF/h',0.080,1,'2018-10-09 13:43:11','2018-10-09 13:43:11','h'),(29,4,1,2,71,24.00,'CHF 10000','CHF/h',0.080,1,'2018-10-09 13:43:11','2018-10-09 13:43:11','h'),(30,4,1,6,864,69.00,'CHF 10000','CHF/h',0.080,1,'2018-10-09 13:43:11','2018-10-09 13:43:11','h'),(31,5,1,6,155,68.00,'CHF 10000','CHF/h',0.080,1,'2018-10-09 13:43:11','2018-10-09 13:43:11','h'),(32,3,1,2,340,75.00,'CHF 10000','CHF/h',0.080,1,'2018-10-09 13:43:11','2018-10-09 13:43:11','h'),(33,6,1,3,43,18.00,'CHF 10000','CHF/h',0.080,1,'2018-10-09 13:43:11','2018-10-09 13:43:11','h'),(34,1,1,4,608,99.00,'CHF 10000','CHF/h',0.080,1,'2018-10-09 13:43:11','2018-10-09 13:43:11','h'),(35,9,1,6,521,38.00,'CHF 10000','CHF/h',0.080,1,'2018-10-09 13:43:11','2018-10-09 13:43:11','h'),(36,1,1,2,485,66.00,'CHF 10000','CHF/h',0.080,1,'2018-10-09 13:43:11','2018-10-09 13:43:11','h'),(37,2,1,2,411,34.00,'CHF 10000','CHF/h',0.080,1,'2018-10-09 13:43:11','2018-10-09 13:43:11','h'),(38,2,1,5,170,36.00,'CHF 10000','CHF/h',0.080,1,'2018-10-09 13:43:11','2018-10-09 13:43:11','h'),(39,1,1,2,200,99.00,'CHF 10000','CHF/h',0.080,1,'2018-10-09 13:43:11','2018-10-09 13:43:11','h'),(40,8,1,6,296,92.00,'CHF 10000','CHF/h',0.080,1,'2018-10-09 13:43:11','2018-10-09 13:43:11','h'),(41,5,1,2,682,96.00,'CHF 10000','CHF/h',0.080,1,'2018-10-09 13:43:11','2018-10-09 13:43:11','h'),(42,4,1,5,870,17.00,'CHF 10000','CHF/h',0.080,1,'2018-10-09 13:43:11','2018-10-09 13:43:11','h'),(43,9,1,6,7,77.00,'CHF 10000','CHF/h',0.080,1,'2018-10-09 13:43:11','2018-10-09 13:43:11','h'),(44,2,1,4,866,50.00,'CHF 10000','CHF/h',0.080,1,'2018-10-09 13:43:11','2018-10-09 13:43:11','h'),(45,2,1,2,384,68.00,'CHF 10000','CHF/h',0.080,0,'2018-10-09 13:43:11','2018-10-09 13:43:11','h'),(46,4,1,2,239,12.00,'CHF 10000','CHF/h',0.080,0,'2018-10-09 13:43:11','2018-10-09 13:43:11','h'),(47,2,1,4,881,37.00,'CHF 10000','CHF/h',0.080,1,'2018-10-09 13:43:11','2018-10-09 13:43:11','h'),(48,4,1,3,467,56.00,'CHF 10000','CHF/h',0.080,1,'2018-10-09 13:43:11','2018-10-09 13:43:11','h'),(49,10,1,6,728,49.00,'CHF 10000','CHF/h',0.080,1,'2018-10-09 13:43:11','2018-10-09 13:43:11','h'),(50,5,1,2,316,27.00,'CHF 10000','CHF/h',0.080,1,'2018-10-09 13:43:11','2018-10-09 13:43:11','h');
/*!40000 ALTER TABLE `offer_positions` ENABLE KEYS */;
UNLOCK TABLES;

--
-- Table structure for table `offer_status_uc`
--

DROP TABLE IF EXISTS `offer_status_uc`;
/*!40101 SET @saved_cs_client     = @@character_set_client */;
/*!40101 SET character_set_client = utf8 */;
CREATE TABLE `offer_status_uc` (
  `id` int(11) NOT NULL AUTO_INCREMENT,
  `user_id` int(11) DEFAULT NULL,
  `text` varchar(255) COLLATE utf8_unicode_ci NOT NULL,
  `active` tinyint(1) NOT NULL,
  `created_at` datetime NOT NULL,
  `updated_at` datetime NOT NULL,
  PRIMARY KEY (`id`),
  KEY `IDX_B021B587A76ED395` (`user_id`),
  CONSTRAINT `FK_B021B587A76ED395` FOREIGN KEY (`user_id`) REFERENCES `users` (`id`) ON DELETE SET NULL
) ENGINE=InnoDB AUTO_INCREMENT=4 DEFAULT CHARSET=utf8 COLLATE=utf8_unicode_ci;
/*!40101 SET character_set_client = @saved_cs_client */;

--
-- Dumping data for table `offer_status_uc`
--

LOCK TABLES `offer_status_uc` WRITE;
/*!40000 ALTER TABLE `offer_status_uc` DISABLE KEYS */;
INSERT INTO `offer_status_uc` VALUES (1,NULL,'Offeriert',1,'2018-10-09 13:43:11','2018-10-09 13:43:11'),(2,NULL,'Bestätigt',1,'2018-10-09 13:43:11','2018-10-09 13:43:11'),(3,NULL,'Abgelehnt',1,'2018-10-09 13:43:11','2018-10-09 13:43:11');
/*!40000 ALTER TABLE `offer_status_uc` ENABLE KEYS */;
UNLOCK TABLES;

--
-- Table structure for table `offer_tags`
--

DROP TABLE IF EXISTS `offer_tags`;
/*!40101 SET @saved_cs_client     = @@character_set_client */;
/*!40101 SET character_set_client = utf8 */;
CREATE TABLE `offer_tags` (
  `offer_id` int(11) NOT NULL,
  `tag_id` int(11) NOT NULL,
  PRIMARY KEY (`offer_id`,`tag_id`),
  KEY `IDX_9144BA3153C674EE` (`offer_id`),
  KEY `IDX_9144BA31BAD26311` (`tag_id`),
  CONSTRAINT `FK_9144BA3153C674EE` FOREIGN KEY (`offer_id`) REFERENCES `offers` (`id`) ON DELETE CASCADE,
  CONSTRAINT `FK_9144BA31BAD26311` FOREIGN KEY (`tag_id`) REFERENCES `tags` (`id`) ON DELETE CASCADE
) ENGINE=InnoDB DEFAULT CHARSET=utf8 COLLATE=utf8_unicode_ci;
/*!40101 SET character_set_client = @saved_cs_client */;

--
-- Dumping data for table `offer_tags`
--

LOCK TABLES `offer_tags` WRITE;
/*!40000 ALTER TABLE `offer_tags` DISABLE KEYS */;
/*!40000 ALTER TABLE `offer_tags` ENABLE KEYS */;
UNLOCK TABLES;

--
-- Table structure for table `offers`
--

DROP TABLE IF EXISTS `offers`;
/*!40101 SET @saved_cs_client     = @@character_set_client */;
/*!40101 SET character_set_client = utf8 */;
CREATE TABLE `offers` (
  `id` int(11) NOT NULL AUTO_INCREMENT,
  `project_id` int(11) DEFAULT NULL,
  `status_id` int(11) DEFAULT NULL,
  `rate_group_id` int(11) DEFAULT NULL,
  `old_customer_id` int(11) DEFAULT NULL,
  `accountant_id` int(11) DEFAULT NULL,
  `old_address_id` int(11) DEFAULT NULL,
  `customer_id` int(11) DEFAULT NULL,
  `address_id` int(11) DEFAULT NULL,
  `user_id` int(11) DEFAULT NULL,
  `name` varchar(255) COLLATE utf8_unicode_ci DEFAULT NULL,
  `short_description` longtext COLLATE utf8_unicode_ci,
  `description` longtext COLLATE utf8_unicode_ci,
  `fixed_price` varchar(255) COLLATE utf8_unicode_ci DEFAULT NULL COMMENT '(DC2Type:money)',
  `created_at` datetime NOT NULL,
  `updated_at` datetime NOT NULL,
  PRIMARY KEY (`id`),
  KEY `IDX_DA460427166D1F9C` (`project_id`),
  KEY `IDX_DA4604276BF700BD` (`status_id`),
  KEY `IDX_DA4604272983C9E6` (`rate_group_id`),
  KEY `IDX_DA4604271FFA9C37` (`old_customer_id`),
  KEY `IDX_DA4604279582AA74` (`accountant_id`),
  KEY `IDX_DA4604274994982B` (`old_address_id`),
  KEY `IDX_DA4604279395C3F3` (`customer_id`),
  KEY `IDX_DA460427F5B7AF75` (`address_id`),
  KEY `IDX_DA460427A76ED395` (`user_id`),
  CONSTRAINT `FK_DA460427166D1F9C` FOREIGN KEY (`project_id`) REFERENCES `projects` (`id`) ON DELETE SET NULL,
  CONSTRAINT `FK_DA4604271FFA9C37` FOREIGN KEY (`old_customer_id`) REFERENCES `customers` (`id`) ON DELETE SET NULL,
  CONSTRAINT `FK_DA4604272983C9E6` FOREIGN KEY (`rate_group_id`) REFERENCES `rate_groups` (`id`) ON DELETE SET NULL,
  CONSTRAINT `FK_DA4604274994982B` FOREIGN KEY (`old_address_id`) REFERENCES `address` (`id`),
  CONSTRAINT `FK_DA4604276BF700BD` FOREIGN KEY (`status_id`) REFERENCES `offer_status_uc` (`id`) ON DELETE SET NULL,
  CONSTRAINT `FK_DA4604279395C3F3` FOREIGN KEY (`customer_id`) REFERENCES `Customer` (`id`) ON DELETE SET NULL,
  CONSTRAINT `FK_DA4604279582AA74` FOREIGN KEY (`accountant_id`) REFERENCES `users` (`id`) ON DELETE SET NULL,
  CONSTRAINT `FK_DA460427A76ED395` FOREIGN KEY (`user_id`) REFERENCES `users` (`id`) ON DELETE SET NULL,
  CONSTRAINT `FK_DA460427F5B7AF75` FOREIGN KEY (`address_id`) REFERENCES `addresses` (`id`) ON DELETE SET NULL
) ENGINE=InnoDB AUTO_INCREMENT=51 DEFAULT CHARSET=utf8 COLLATE=utf8_unicode_ci;
/*!40101 SET character_set_client = @saved_cs_client */;

--
-- Dumping data for table `offers`
--

LOCK TABLES `offers` WRITE;
/*!40000 ALTER TABLE `offers` DISABLE KEYS */;
INSERT INTO `offers` VALUES (1,NULL,1,1,NULL,4,NULL,6,5,3,'Default Offer','This is a default offer','This is a longer description with more details',NULL,'2018-10-09 13:43:11','2018-10-09 13:43:11'),(2,19,1,1,NULL,3,NULL,31,16,3,'Perspiciatis velit possimus.','Odio quis est officia voluptatibus corrupti commodi. Minima reprehenderit laborum cumque molestiae aut numquam. Harum aliquam est quod. Laudantium qui ipsa ratione sunt ut officia.','Numquam itaque magnam voluptas quidem dolorum neque. Totam non dolor voluptatibus nihil occaecati ut. Sequi ut dignissimos omnis eveniet et nihil. Dolores consectetur quo illo molestiae quis et. Perspiciatis aspernatur nemo officia debitis. Earum praesentium dolorem consequatur rerum. Ea sunt cumque qui. Eos blanditiis ipsam ut excepturi. Ullam iste repellat qui ipsum sit illum. Distinctio et doloremque quia commodi modi quia. Autem quae perferendis enim id. Consequuntur provident beatae culpa consequatur aut ducimus dignissimos. Consequatur accusantium excepturi magni qui at et.',NULL,'2018-10-09 13:43:11','2018-10-09 13:43:11'),(3,NULL,1,2,NULL,3,NULL,34,11,3,'Magni perferendis.','Rerum necessitatibus aut totam sit consectetur omnis eaque. Qui recusandae tempore molestias expedita fugit delectus aut delectus. Sed iure quia illo neque omnis possimus numquam. Officiis dolor mollitia repudiandae velit velit sit aut temporibus.','Est commodi qui voluptate quia rerum. Enim rem provident voluptas harum totam. Nihil mollitia consequatur et at magni nihil aut. Totam cupiditate odio asperiores perspiciatis. Natus optio qui ipsam similique quaerat. Perspiciatis et placeat autem. Maiores et et ut beatae rerum assumenda et. Sed ipsa nam minus qui recusandae nam. Vitae eaque eos temporibus optio nisi sequi et. Esse officia fugit et voluptatibus quam quaerat. Id commodi nihil ut. Aperiam quae nam id repellat et. Ipsum quis sed autem et velit dolores. Optio quos quia molestiae dignissimos enim maxime tempore.',NULL,'2018-10-09 13:43:11','2018-10-09 13:43:11'),(4,10,1,2,NULL,2,NULL,31,18,2,'In vel neque.','Distinctio quo aut aut et molestias culpa. Facilis est ut qui fugit. Saepe maxime nobis ut cupiditate nemo rem. Voluptas dignissimos molestiae neque culpa.','Assumenda soluta aut magni accusantium voluptatem adipisci. Labore libero repudiandae non. Autem unde est eaque et. Incidunt exercitationem et reiciendis vel facilis sed facere. Est laboriosam beatae et. Quis illum molestiae rerum omnis exercitationem velit repellat. Cum vitae sunt vel ut molestiae. Nobis non veniam possimus itaque et vel qui. Corrupti et deserunt sunt. Architecto id officiis odio perferendis. Qui dolore natus quidem enim. Laboriosam vitae nihil aperiam saepe nihil. Labore rem voluptas quasi aut a ea libero veritatis. Ad incidunt voluptatem facere.',NULL,'2018-10-09 13:43:11','2018-10-09 13:43:11'),(5,1,2,1,NULL,4,NULL,34,12,2,'Sed sed.','Non qui soluta repellendus natus omnis assumenda eaque. Modi nisi fuga ipsum praesentium cumque officia id. Ullam aut fuga praesentium et sunt magnam soluta. Neque id sunt omnis deleniti error.','Occaecati error alias labore sit. Qui omnis doloribus pariatur sint est dignissimos. Autem nesciunt et numquam aspernatur alias odio. Voluptatum asperiores optio adipisci corporis qui. Molestiae corporis placeat adipisci quibusdam reprehenderit omnis. Sed ut et aut minima. Est cumque facere numquam eius numquam nemo. Est dolores neque facere fugit. Consequatur et reprehenderit mollitia quos. Quo laudantium dolorem voluptatibus iure aspernatur. Neque est inventore minima laboriosam quia possimus. Veritatis molestiae dolorem assumenda necessitatibus blanditiis veniam voluptatem enim.','CHF 7200600','2018-10-09 13:43:11','2018-10-09 13:43:11'),(6,14,2,1,NULL,4,NULL,29,20,2,'Quibusdam rerum vero.','Perspiciatis aliquam repellat quia sequi et nihil beatae. Et dolores et dicta sunt accusamus et occaecati. Iusto dignissimos sit aut repellendus. Voluptas sapiente autem non ut fuga voluptatibus atque. Saepe impedit eius ut alias quisquam at qui.','Molestiae iste dolorum velit ipsam. Quia reprehenderit earum nulla consequatur occaecati. Dolores et est quia ex sit. Explicabo libero placeat ex aperiam. Dolorum facilis enim omnis consectetur nihil ipsum velit. Tenetur totam ad ut. Corporis veniam minima a numquam. Repellat ea atque veniam pariatur quos nulla ipsa dolorem. Eum necessitatibus et aut explicabo voluptatem quam. Voluptas inventore et perspiciatis optio neque dolor. Rem aut blanditiis rerum placeat enim. Facere dolor optio voluptates qui nam et repellendus. Qui aut voluptas sunt voluptatum qui neque. Qui cum maiores voluptate aperiam. Aut at natus voluptas est aut placeat. Optio itaque qui vel qui quasi autem.',NULL,'2018-10-09 13:43:11','2018-10-09 13:43:11'),(7,NULL,3,1,NULL,2,NULL,30,14,4,'Rem enim eos.','Expedita est id dolor aliquid officia perspiciatis autem. Et et nihil officia sit sed et pariatur et. Beatae ut hic est quo et. Minus aut harum reprehenderit qui.','Ab iste non quia fuga ducimus tempore. Enim placeat et aut laborum. Id mollitia sit accusamus architecto eius. Molestiae incidunt a aut tempore. Quam libero ducimus accusamus id molestias labore provident error. Modi et vel assumenda quos. Ipsam est magni similique qui repellendus asperiores dolores. Porro tempora iste id. Voluptatem rerum optio sint voluptatem libero dolore. At modi assumenda et tempore ex. Vel quasi facilis eveniet repellat facere cupiditate sed rem. Ullam temporibus quia et in dolorem quidem. Enim aspernatur sed est voluptatem officia. Velit laboriosam ut eum nulla ea ut error. Eos blanditiis animi provident omnis et quidem.',NULL,'2018-10-09 13:43:11','2018-10-09 13:43:11'),(8,6,2,2,NULL,5,NULL,26,11,2,'Eaque hic velit.','Est non architecto blanditiis temporibus quibusdam libero eveniet. Esse iusto vero praesentium. Vitae aut incidunt est nam quae debitis ut. Eum tempore in dignissimos quia nam aut explicabo.','Sit sit incidunt aliquid libero. Temporibus ut ad sint pariatur eos. Sint sunt et aspernatur sapiente necessitatibus blanditiis tempora laborum. Eaque aliquam ea adipisci animi aut possimus. Provident qui magnam atque eaque laudantium reiciendis. Doloremque ratione quisquam ducimus velit eligendi delectus possimus. Molestias sit exercitationem consequuntur. Quia molestiae ad est facere aut. Voluptatem esse et soluta ab voluptatem odio. Vel a vel totam minus rerum. Consequatur autem quia adipisci rem dolores et. In fugit doloribus numquam amet dolor temporibus. Ducimus ipsam quo cum corrupti rerum consequatur ea. Et voluptatibus aut voluptatem et. Neque quos ut qui saepe in.','CHF 8490600','2018-10-09 13:43:11','2018-10-09 13:43:11'),(9,3,2,2,NULL,6,NULL,26,13,3,'Esse dolorum.','Voluptas iure et commodi quidem dicta fugit. Voluptatem ratione et rerum. Voluptas maxime vel non ea voluptatem.','Ratione illum omnis quia. Laborum sed officia temporibus id molestias non perferendis. Ad facilis error consequatur dolore deserunt dignissimos aliquam modi. Omnis eos molestias autem non sunt nam aut. Reiciendis nihil eos voluptate dolorem qui cupiditate. Voluptatem consequuntur corporis ea quia. Rerum iusto quia sapiente. Molestiae optio doloribus magni est quidem dolores et magni. Temporibus qui repellat officia ratione voluptatem similique. Ipsam itaque rerum aut quibusdam consectetur. Eius sint deserunt adipisci.',NULL,'2018-10-09 13:43:11','2018-10-09 13:43:11'),(10,17,1,2,NULL,5,NULL,27,20,3,'Rerum in eaque.','Similique nulla et possimus deserunt. Maxime et iste architecto aut quia eius deserunt. Est quod vero ab omnis sunt. Dolorem non tempore est vel inventore asperiores fugiat. Laudantium voluptas fuga et molestiae et minima a.','Quasi ut est molestiae error minus. Neque repudiandae quae non ad eos. Exercitationem voluptatem sunt pariatur nulla et. At soluta molestias autem. Sunt praesentium velit aut sint voluptatibus ipsa. Omnis consequatur et cupiditate quisquam corporis laboriosam repudiandae itaque. Alias sint et dolorem doloribus occaecati commodi quisquam. Ipsam provident ex recusandae aliquid beatae. Eum praesentium tenetur expedita nam sint pariatur in. Voluptas sit ea delectus. Perspiciatis aspernatur dolor ut veniam est. Quis modi quo maxime voluptates suscipit.',NULL,'2018-10-09 13:43:11','2018-10-09 13:43:11'),(11,9,3,2,NULL,2,NULL,29,17,5,'Asperiores corporis.','Quo et omnis est eaque dolorem beatae. Ipsa vel est ad voluptatem illum eum eligendi reprehenderit.','Incidunt nulla aperiam officia eaque error cumque ullam. Ab qui minus ut sint. Autem eius mollitia perferendis dicta esse porro aut. Et et quia et enim dolor praesentium optio eveniet. Sed nesciunt quisquam nihil magni eaque nostrum. Atque ipsam et id amet distinctio molestiae non. Sequi excepturi et deleniti asperiores quia. Accusamus praesentium ratione nihil. Sunt modi exercitationem voluptas est. Accusamus quae sit dolore impedit et voluptas. Et necessitatibus iure assumenda nemo vel. Sequi aut aliquam non iste. Impedit aut aliquam nisi quia. Pariatur inventore impedit tempora non eos mollitia fugit. Provident non et necessitatibus sit repudiandae dolorum magnam.','CHF 7732900','2018-10-09 13:43:11','2018-10-09 13:43:11'),(12,NULL,1,2,NULL,5,NULL,31,14,4,'Qui id et.','Qui consectetur quo sed provident aperiam vel. Quos nulla nesciunt odit esse repellat aliquid. Accusamus quia error libero nostrum quas. Quia qui occaecati consequuntur facere quo quam.','Ullam velit voluptates iusto distinctio ut reprehenderit. Impedit esse suscipit odio voluptas autem qui impedit. Dolor vitae illo minima. Et dolores eos voluptas consequatur commodi odit qui. A aut et veritatis esse dolorem cumque. Vel minus accusamus laudantium possimus laboriosam optio et. Accusantium dolorem dolores beatae est eos modi. Et sit numquam voluptatibus cupiditate aut ipsa occaecati. Voluptatum expedita nesciunt facilis repellendus iste est. Ab accusamus nam dolorem est. Est omnis accusamus optio enim in. Asperiores ad officia quo quis voluptatem cum dicta. Totam nam dicta vel quasi molestiae consequatur.','CHF 2435700','2018-10-09 13:43:11','2018-10-09 13:43:11'),(13,8,1,2,NULL,3,NULL,31,18,2,'Omnis ducimus qui.','Non consequatur cumque voluptatibus repellendus eligendi inventore laudantium ut. Et numquam dolores ea nobis quo corrupti iste.','Pariatur et molestias veritatis iusto quia delectus consectetur eveniet. Quae cupiditate consectetur at quam officia. Eum consequatur corporis voluptates voluptate quo doloremque. Vel unde eveniet debitis dolores iusto. Eligendi rerum ad eligendi omnis alias qui nisi sint. Dolorem neque officiis impedit eveniet. Optio sapiente earum quia eius quo similique. Illo unde soluta molestiae tempore et laboriosam. Qui et et tenetur qui nihil. Voluptatum accusamus rem aut quia. Commodi amet vel aliquam et sunt ut qui quae. Perferendis animi quis dolores tenetur totam sunt ut.',NULL,'2018-10-09 13:43:11','2018-10-09 13:43:11'),(14,20,1,1,NULL,4,NULL,28,18,6,'Eius illo provident.','Est repellendus repellat rerum quo laboriosam. Quae voluptas earum placeat facilis sunt quos aliquid. Voluptatem repellendus blanditiis ea atque.','Dolor error nobis placeat porro maiores quidem dolor. Explicabo dolor sunt voluptatum sed excepturi. Consequuntur doloremque omnis quas. Perferendis odit eligendi repellat praesentium rerum est et. Temporibus consequuntur nulla assumenda aut laboriosam. Corporis in amet ut labore. Accusantium qui veniam mollitia quia nihil. Vero accusantium maxime nesciunt ipsam. Maxime sit minus omnis non eligendi nisi. Facere qui quas est molestiae nulla non. Sed non consequatur possimus tenetur consequuntur laborum temporibus. Est impedit omnis sint explicabo exercitationem.',NULL,'2018-10-09 13:43:11','2018-10-09 13:43:11'),(15,12,2,2,NULL,5,NULL,30,17,6,'Minus veniam magnam.','Corporis excepturi eos ut harum. Aliquid quas odio aut. Odio aut consequuntur vero praesentium incidunt ipsam. Mollitia voluptas architecto ipsa iure deserunt libero facilis. Voluptatibus consequatur rerum vitae consectetur vero enim inventore sed.','Nisi voluptas neque qui alias. Exercitationem excepturi numquam tempora modi sed placeat. Ullam velit rem eum eum eum quis. Ipsa dolorum reiciendis dolore quo. Libero fugit corporis sed fuga. Quo temporibus rerum ad non nisi fuga. Unde minima eaque tempora doloremque nihil quia cum. Magnam hic expedita facere est iste fugit. Alias accusamus quo ratione est perferendis provident. Aliquam sit eligendi voluptatem quia omnis delectus possimus. Laudantium tenetur blanditiis cumque esse. Et qui laboriosam a laboriosam beatae enim sunt quaerat. Laudantium similique aut quia vel repudiandae doloribus. Cumque quisquam reprehenderit dignissimos maxime et.',NULL,'2018-10-09 13:43:11','2018-10-09 13:43:11'),(16,NULL,1,1,NULL,6,NULL,35,13,6,'Odit adipisci.','Molestias quisquam earum animi. Quisquam porro nam excepturi odit eius voluptatum officia. Eligendi totam temporibus tempora et facilis dignissimos minima. Modi possimus eveniet ipsam. Iste aliquid ipsam commodi blanditiis. Esse soluta dolore magni.','Distinctio non molestias aut ut et sunt consectetur laboriosam. Aliquid voluptatibus commodi vero sint dolores numquam temporibus. Quae earum nihil recusandae facere voluptatem similique. Magnam eveniet enim delectus animi quo maxime dignissimos. Illum perferendis suscipit totam aut suscipit dolore. Eos voluptatem reiciendis soluta dolores tempore maiores eius voluptatem. Aspernatur sunt omnis dolore consequatur recusandae asperiores. Animi consequatur eligendi laudantium voluptatem pariatur aut et vel. Fuga corporis in rerum maxime consequuntur. Ipsa consectetur harum nemo laborum cupiditate sint sit.',NULL,'2018-10-09 13:43:11','2018-10-09 13:43:11'),(17,17,2,1,NULL,3,NULL,26,13,2,'Eos laboriosam.','Voluptas minus sit ea ipsa non. Atque saepe quia laboriosam autem dolores repellendus iste. Quia facere qui aut rem aut quia voluptatem. Accusantium hic mollitia ipsa recusandae odio rerum nihil.','Facere perferendis fugit quaerat et delectus aut dolores. Odio molestiae et dolor officia. Fugiat dignissimos est ullam eligendi. Numquam non ad vel officiis dolores dolor natus. Labore est nisi illum impedit. Est veniam dicta qui. Et a corrupti quia aut. Cumque dolore error natus impedit commodi. Cupiditate porro sed dolorum accusantium. Consequatur quia tenetur quae odit. Qui sit recusandae repellendus qui molestiae quam voluptatem aut. Soluta ut laudantium vel aspernatur suscipit optio. Culpa ab dolorum cupiditate provident. Omnis reiciendis necessitatibus et aut fugiat laborum maiores fuga.','CHF 6122000','2018-10-09 13:43:11','2018-10-09 13:43:11'),(18,16,2,2,NULL,4,NULL,26,19,5,'Maiores quae.','Voluptatibus est qui enim neque. Est et fuga corporis suscipit dolores inventore eos. Est ullam voluptas et fugiat. Architecto aut assumenda dolorum alias sit deserunt earum porro.','Id omnis quia deleniti ullam eum iure impedit. Sunt odit quia inventore. Perspiciatis quas non facere eligendi maiores provident quas vel. Voluptas et deserunt nam veritatis facere molestiae nisi. Dolorem ad vitae perspiciatis similique temporibus. Quasi cum perspiciatis qui dolores tenetur ea adipisci molestiae. Dolores iusto mollitia sed id voluptates possimus velit. Repellendus aliquam voluptatem ut amet. Beatae sit hic sit at. Temporibus dolorem eveniet voluptas aut eligendi et doloribus dolore. Maxime hic qui harum est eius tenetur et. Ut nihil dolorem maiores laboriosam expedita est.',NULL,'2018-10-09 13:43:11','2018-10-09 13:43:11'),(19,10,3,1,NULL,4,NULL,30,16,5,'Rerum et dignissimos.','Est maiores tempora quos laboriosam. Quam suscipit ducimus iste a repellendus. Voluptatibus est repellendus molestias cupiditate blanditiis ex. Magnam architecto sit eum tempora.','Voluptatum qui aliquam voluptatem molestiae. Earum ullam quo ab dolor alias tempora quia. Ut ut quod sed quis est. Ad et placeat eaque itaque eaque occaecati. In est recusandae quaerat facilis ut aut. Optio expedita ipsa incidunt debitis iure quia. Voluptas voluptatem quia porro omnis. Voluptate nemo omnis cum et. Fugiat eaque illo officia perspiciatis consectetur aut. Perspiciatis hic earum fugiat. Voluptatem sit rerum fuga accusamus praesentium. Enim ullam dicta qui et voluptatem eum omnis. Sapiente debitis id fugit neque voluptatem error. Delectus quae qui deleniti doloribus modi quia.','CHF 1861900','2018-10-09 13:43:11','2018-10-09 13:43:11'),(20,16,2,2,NULL,4,NULL,28,20,3,'Est autem totam.','Quis placeat saepe ex et. Maiores nihil saepe voluptatem. Eveniet repudiandae assumenda voluptate suscipit.','Aliquam et et non quam sint quae. Eligendi quam cum accusamus eveniet quae. Eaque voluptatibus corrupti molestiae dolorem error facilis et. Voluptas dicta facere vero molestias cum. Repudiandae temporibus quia perspiciatis commodi eligendi alias. Repellendus sint veniam explicabo sequi maiores qui. Provident rerum corporis in sunt itaque. Recusandae sit ad magnam distinctio aut laborum aperiam. Provident et dolorem aliquam aut autem facere minima. Qui sit vel aut voluptatem praesentium rerum. Dolorum non consequatur dolorum eaque excepturi velit. Doloremque ullam fuga autem harum quos et sit.',NULL,'2018-10-09 13:43:11','2018-10-09 13:43:11'),(21,NULL,3,1,NULL,6,NULL,35,12,3,'Vel quis.','Ut atque est hic et ducimus. Sunt quasi qui sed nihil nostrum cupiditate. Aperiam esse recusandae dolore. Ab omnis vitae quod et dolores. Assumenda expedita quia rem et rerum qui facere.','Eius quibusdam laudantium blanditiis enim explicabo consectetur nihil reprehenderit. Qui eum sed neque nulla. Praesentium rerum deleniti praesentium eos error. Similique omnis tenetur sapiente voluptatem magnam nemo. Perspiciatis quaerat iure repudiandae quia modi hic. Enim sit accusamus animi et ipsam. Ut aut odit nihil. Voluptas at nam non nihil nostrum est. Dolor ab nam nobis eum. Tempore sit est reiciendis voluptas consequatur. Quod vero debitis fuga et vel velit illum. Atque voluptas beatae qui dolor rem eligendi. Sint excepturi temporibus qui iure occaecati est beatae voluptate. Cupiditate amet fuga nobis et. Non voluptas quae veritatis velit et repellat tenetur eum.',NULL,'2018-10-09 13:43:11','2018-10-09 13:43:11'),(22,18,3,2,NULL,6,NULL,34,17,5,'Iusto quasi cum.','Excepturi odit fugit fuga eos aliquam voluptate. Adipisci modi veritatis iste tempora. Explicabo debitis officiis ullam. Accusamus maxime consequatur nemo fugiat alias assumenda necessitatibus ex.','Unde eaque dolorum et commodi. Dolorem et doloribus ipsum quam. Ut cum nostrum corrupti qui dignissimos est fugiat pariatur. Earum quae eaque facere qui est possimus omnis. Occaecati nesciunt qui delectus sed beatae. Architecto non eum numquam. Perspiciatis cumque illum et sed dolor et labore. Similique numquam nihil aut rerum. Fugiat est nemo quasi perferendis expedita. Dolores ad natus et et incidunt nesciunt voluptas. Nobis saepe quo est vel qui iure veniam. Ea aut rem ipsum itaque voluptas. Praesentium ratione deleniti et aut. Sed aliquam velit rerum in et. Fugiat dolorem molestiae sit quis quo. Nemo deserunt quam dolor animi.',NULL,'2018-10-09 13:43:11','2018-10-09 13:43:11'),(23,1,2,1,NULL,6,NULL,29,13,6,'Eveniet sunt.','Molestiae natus assumenda impedit aspernatur. Ullam nam est in ipsa earum eius quo. Labore molestias harum praesentium est non. Sit libero velit molestiae rerum laboriosam qui a quas. Praesentium commodi iste voluptatem nobis quibusdam.','Est voluptate et nesciunt est. Qui et quidem perspiciatis placeat. Id laborum facilis dicta incidunt et. Laborum sed natus delectus nesciunt blanditiis nemo. Ad quod commodi distinctio sunt eius quibusdam. Quibusdam labore maxime sit in temporibus voluptates voluptatem. Fuga nisi rem et ex non amet a. Aut quam quos quos minima iusto possimus non id. Eius error nobis delectus molestiae aut nihil aut voluptatibus. Unde nulla sed quas amet beatae modi accusamus. Qui accusantium provident expedita ut. Laboriosam provident aut sed sit rerum. Non quasi eos illo tempore. Odio natus temporibus et et aspernatur quaerat unde.',NULL,'2018-10-09 13:43:11','2018-10-09 13:43:11'),(24,NULL,3,2,NULL,5,NULL,27,18,2,'Sit est suscipit.','Vero officia ab repudiandae at sed soluta. Ex magnam nesciunt quia adipisci. Qui doloribus esse facilis nisi.','Dolorem est culpa eos est ullam voluptatem. Veniam nobis non veniam quis itaque enim similique dolor. Sit velit nesciunt iure et accusamus voluptate. Explicabo libero eaque dolore sunt ea accusantium. Cupiditate animi recusandae quod. Autem nobis ad excepturi velit ratione earum pariatur. Sed ratione quasi optio sunt. Totam a rem quia unde tempore voluptate quia. Libero nobis explicabo autem. Et est iusto perspiciatis consequatur. Minus qui sit beatae vero ut hic vero quidem. Aliquam culpa voluptas repudiandae iste atque.',NULL,'2018-10-09 13:43:11','2018-10-09 13:43:11'),(25,20,1,1,NULL,5,NULL,34,11,4,'Rerum sint.','Dolores vel corrupti vel numquam at. Id provident assumenda deserunt aspernatur possimus illum quasi velit. Iste vitae id molestias accusamus necessitatibus possimus earum autem. Voluptatem ipsum voluptas est.','Debitis nisi voluptas maiores. Cupiditate nobis quisquam cumque et quisquam quaerat. Ipsa enim voluptatem quas nemo. Ut tenetur optio et ea repellat qui rerum. Qui quibusdam repellendus quas occaecati. Consequuntur dolores et rerum aut. Distinctio ea dolores ad tenetur. Nulla dolorum reiciendis quia sit eos minus veniam harum. Cum sit consequatur quo cumque est. Aut necessitatibus ex provident pariatur. Facilis fugit quos expedita. Magnam voluptates et earum esse sequi. Quia non architecto facere possimus et enim. Et ut reiciendis voluptatem pariatur. Nemo non consequatur sapiente dolor. Non pariatur cupiditate impedit autem corporis. Doloremque qui et nesciunt.',NULL,'2018-10-09 13:43:11','2018-10-09 13:43:11'),(26,3,1,1,NULL,3,NULL,30,11,6,'Maxime aut autem.','Veniam sunt nulla quis tempore. Incidunt eum nihil voluptatem. Dignissimos rerum perspiciatis dolorem libero. Aspernatur aut iure perspiciatis quas ut voluptatem veritatis debitis.','Recusandae in eveniet dolore qui. Excepturi fugiat sequi illo dignissimos ipsum modi. Nemo ea repudiandae aut corrupti dolores. Voluptatem commodi qui inventore sit vitae perferendis quia sit. Non hic quibusdam omnis et. Est explicabo suscipit fuga et porro dignissimos. Omnis ipsa id blanditiis et. Delectus optio provident aut autem explicabo voluptatem. Et eligendi explicabo ea. Cupiditate repudiandae sint ipsa sint qui ut amet sit. Error dolorem veritatis et qui consequatur dolorem nam rerum. Natus cupiditate aut rerum quia voluptatum consequatur. Asperiores dolorem dolor harum deserunt. Quia enim iure eum.',NULL,'2018-10-09 13:43:11','2018-10-09 13:43:11'),(27,NULL,3,2,NULL,3,NULL,27,15,4,'Aliquam debitis molestiae.','Non tempore neque repellendus ut. Nihil ab occaecati dolorem iure consectetur in. Suscipit laudantium architecto fuga reprehenderit officia quidem et. In nihil necessitatibus dolorum nihil aut aliquam. Ipsa sit soluta quos non dolore neque voluptate.','Sint architecto dolorum dolor consequatur. Repudiandae asperiores odio in rerum rerum libero. Magni provident error omnis illum porro nesciunt voluptas. Est molestias ducimus iusto tempora ut labore. Qui ea et et et. Aut illo quas sit totam non consequatur soluta qui. Sed velit laboriosam aut nihil iure qui voluptatum. Soluta blanditiis nihil illum maiores incidunt aut asperiores. Fugiat necessitatibus nesciunt tempore consequatur et magnam. Et explicabo molestiae distinctio totam adipisci consequatur quam. Illum dignissimos et incidunt eius rerum aut. Consequuntur aut magni in quia excepturi facere sit. Cum harum quia enim. Voluptatibus itaque cum ea impedit.',NULL,'2018-10-09 13:43:11','2018-10-09 13:43:11'),(28,NULL,2,2,NULL,6,NULL,27,11,2,'Suscipit architecto dignissimos.','Aut rerum quis cumque. Sapiente et rerum velit omnis officia aut velit. Aliquid neque commodi aliquam aperiam. Neque officiis sapiente sed sed error ex. Error voluptate quo ut atque.','Blanditiis ipsam rerum maiores ut dolores nostrum et. Consequatur tempora nostrum voluptas tenetur enim eum ab. Reprehenderit quia ab dicta nihil ab. Omnis eveniet architecto qui aut omnis fugit veniam. Eius rem saepe et nam quo culpa. Dolores aut repudiandae modi debitis repudiandae mollitia. Accusamus omnis tempora aliquid molestiae iusto amet consequuntur. Non quibusdam voluptatem soluta rerum odit quia et. Quia odit et veniam est non laborum. Eum neque non dolor repellendus blanditiis eos aperiam. Maxime vel qui debitis. Aliquam ratione iste omnis ut. Est alias id optio deserunt. Similique minima aut repellat pariatur quia at. Temporibus expedita reiciendis aspernatur qui aut quia.','CHF 2656700','2018-10-09 13:43:11','2018-10-09 13:43:11'),(29,17,2,1,NULL,6,NULL,29,20,5,'Possimus ipsam quam.','Natus enim nam a dolorum necessitatibus. Eaque rem odit ipsam sit earum nam. Est ut minus corporis cumque voluptas. Autem in provident distinctio ducimus explicabo maiores et molestiae. Sed in voluptas nostrum sit. Illum atque qui aperiam dolores.','Dicta velit enim porro nobis iusto et beatae et. Consectetur delectus accusantium totam molestiae. Quaerat vel magni vel consectetur earum voluptas voluptatum. Maxime ab et fuga voluptatibus. Iste iure culpa enim laudantium dolor ab aut. Ipsa ducimus debitis hic similique eum. Dolor corrupti et impedit odit dolorum dicta est. Id qui provident vel velit tempora rerum qui. Porro itaque nemo ut sint. Voluptatum quo suscipit tenetur qui voluptas et debitis. Sunt quaerat rem fugiat magnam. Tempora aut omnis dicta. Nemo qui ipsa hic neque autem officia. Excepturi numquam possimus animi quas.',NULL,'2018-10-09 13:43:11','2018-10-09 13:43:11'),(30,8,3,1,NULL,2,NULL,26,15,5,'Illum ab adipisci.','Sit exercitationem tempore sunt est repudiandae illum. Ut reiciendis quidem distinctio quia esse officia sint officia. Officiis sit deleniti voluptatem recusandae officiis excepturi. Et laudantium tempore ea nihil vitae rerum doloribus.','Molestiae voluptatem inventore ad qui harum. Eius consequatur quae id et labore. Consequuntur saepe ut sunt vero sed sequi. Corporis dolorem at repellat suscipit. Est adipisci hic qui asperiores. Odio voluptas amet itaque doloribus. Est iste explicabo doloribus natus eligendi laborum aut. Vel deserunt et beatae. Autem ut incidunt aut harum aut enim et. Voluptas officiis distinctio reprehenderit quae et voluptatem. Error veritatis sunt doloribus dolor debitis odio. Deleniti fuga nostrum sit voluptatem vitae non. Corporis voluptatem exercitationem ut non molestias et dolores.',NULL,'2018-10-09 13:43:11','2018-10-09 13:43:11'),(31,12,1,2,NULL,6,NULL,28,19,3,'Qui aut ut.','Quia itaque reiciendis ea corrupti ut enim voluptas. Est itaque harum nobis sed sit. Cumque molestiae repellat modi commodi. Aliquam labore est fuga inventore.','Est sequi iusto placeat rerum placeat laboriosam. Id voluptas voluptas quod enim et vero quo. In eius omnis illo dolorem odio qui quia error. Commodi iste omnis aut placeat facere. Et vel nesciunt dolor suscipit quibusdam. Minima quam qui qui eos repellendus molestias. Laudantium et minima voluptatum placeat eos. Voluptatum sint tempora enim. Optio quidem laborum ut. Voluptatem repellat ut sit et reprehenderit. Iste rerum tenetur consequuntur nihil et culpa voluptas. Ex unde provident iure. Enim distinctio molestiae numquam aliquid dolores repellendus maiores quos. Qui vero inventore quos doloribus ipsum nesciunt sit nobis. Esse fugit dolores sit debitis tempore distinctio.',NULL,'2018-10-09 13:43:11','2018-10-09 13:43:11'),(32,11,1,2,NULL,3,NULL,33,13,5,'Adipisci et ut.','Quae neque sed nobis consequatur quas pariatur magni. Ad in et placeat est vel sint. Qui quidem sunt dicta qui consequatur. Quaerat illo cupiditate sequi ut quia sunt velit. Eos minima consequuntur repudiandae voluptas doloremque animi corporis.','Accusantium quos nisi voluptatem repudiandae sequi nisi similique. Quisquam saepe id corporis et. Quasi quaerat atque repellendus voluptas quo est voluptatem. Hic quaerat nam possimus ut sunt dolor similique. Animi maxime voluptatem et excepturi dignissimos voluptate id ea. Iste excepturi et ut assumenda odit voluptas. Tenetur aut modi alias sed. Quia quis esse rerum veritatis magnam eos. Voluptates et expedita qui nobis. Porro perferendis pariatur qui consequuntur dolorem aliquid. Nemo optio quae distinctio nesciunt quisquam rerum laborum laudantium. Corrupti sed est velit aut doloribus in.',NULL,'2018-10-09 13:43:11','2018-10-09 13:43:11'),(33,19,2,1,NULL,5,NULL,29,18,2,'Officiis voluptatem itaque.','Distinctio dolorem voluptatem deleniti odio enim. Eius aut ut neque temporibus. Aut asperiores eligendi nostrum sequi et. Illo aperiam repellendus quos.','Sed eum et neque aperiam nulla. Illum et debitis quam illo in amet quis deserunt. Nostrum voluptatem minima quo omnis. Delectus sit dolores quis dicta et labore. Et optio harum ipsa quae maiores officia. Quis sint omnis vero officia et. Dicta sint rem cum praesentium ea non qui. Iste tempora inventore quia eligendi enim odio sunt expedita. Tempora distinctio quasi blanditiis eos doloribus sed et nemo. Dolores enim asperiores sunt tempora voluptas voluptas. At ab aut rerum adipisci. Animi quia cupiditate vel possimus qui dolor ut ut. Qui qui hic sunt ut dolores sed. Sed non exercitationem blanditiis ducimus temporibus nihil sunt.',NULL,'2018-10-09 13:43:11','2018-10-09 13:43:11'),(34,7,3,2,NULL,3,NULL,31,15,5,'Deserunt aut est.','Velit maiores et facilis voluptatem quaerat. Magnam accusamus velit incidunt quasi quisquam sapiente ipsa et. Aliquid in vero debitis quasi aut aut reiciendis. Velit a rem mollitia ab minus. Voluptatibus eum consequatur molestiae ad consequatur omnis.','Repudiandae ipsam hic dolor esse quisquam sed. Et vel quae quibusdam laboriosam similique voluptatem. Eos aut possimus minus ut labore odit a quo. Autem nihil mollitia illum aut. Et nam aut blanditiis amet. Voluptatem iusto officia est nemo ea similique facere. Non accusamus qui nostrum dolorem. Maxime ipsa natus culpa adipisci quae. Voluptates consequatur sapiente ab aut dolor dolor. Dignissimos voluptatum tempore ea libero. Dolorem ipsum dolorum unde alias amet quia aut. Natus sunt quisquam fugiat sed exercitationem velit. Reprehenderit dolorem illo voluptatem ipsam eum dolorum.',NULL,'2018-10-09 13:43:11','2018-10-09 13:43:11'),(35,11,2,1,NULL,2,NULL,29,13,2,'Quod rerum omnis.','Quo labore aut totam. Dolorem ut commodi esse dolorum sed. Dolores dolores consectetur in et necessitatibus. Quia voluptatem harum aut repudiandae cumque inventore iure. Rerum magnam deleniti ut laboriosam et aliquam consequatur.','Recusandae atque quae temporibus ex eos. Voluptatem molestiae tenetur qui atque esse qui est. Facilis assumenda velit dolores deserunt ut magni. Quia possimus rem nulla sit doloribus. Enim rerum dolorum velit tempore quos molestiae aut autem. Quae suscipit quo vero ab ut aperiam nesciunt. Iure sapiente qui doloremque tenetur perferendis non. A iusto minus doloribus eum molestias. Tempora ut modi nobis velit et. Fugit ut doloribus quas magnam porro qui. Corporis iste molestiae modi quaerat et. Cupiditate est ut aspernatur consequatur sunt reprehenderit omnis neque.',NULL,'2018-10-09 13:43:11','2018-10-09 13:43:11'),(36,6,2,1,NULL,3,NULL,30,15,4,'Veniam nobis.','Sit voluptatum sit corrupti assumenda ut vitae. Dolor illo et unde hic dolorem sit. Non sunt aliquid ipsam omnis sequi. Vitae hic id consequatur ea esse quisquam delectus.','Consectetur reprehenderit expedita accusamus modi impedit reiciendis consequuntur commodi. Ullam est quia porro ut qui. Consectetur quis odit aut non ut rerum similique sit. Ad qui et consectetur fuga quia. Quia expedita numquam velit atque. Sint facere porro maxime labore voluptatem minus excepturi. Error molestias facilis vel fugiat temporibus enim numquam. Commodi voluptatibus ut fuga eveniet nulla fuga iusto. Reprehenderit sint incidunt nostrum aut animi. Optio quasi assumenda ut laudantium consectetur aut id. Incidunt vitae dolorem reprehenderit laborum harum expedita eum nihil. Doloremque quam facere voluptatem quia sed. Fugiat maiores totam et error excepturi quaerat aut.',NULL,'2018-10-09 13:43:11','2018-10-09 13:43:11'),(37,NULL,2,2,NULL,3,NULL,32,15,2,'Aut voluptate voluptas.','Nihil ab non qui cumque. Minus maxime delectus quae. Veniam nihil perferendis veniam cupiditate velit est itaque.','Similique dolor quo vel saepe sint laudantium. Voluptas blanditiis non nulla porro. Non architecto et itaque necessitatibus et dolorem. Animi quaerat et libero nemo quos. Quo sed placeat modi corrupti. Ut temporibus laboriosam suscipit occaecati ut aperiam labore. Est eaque molestiae et dolorum dolorem eaque. Alias deserunt id praesentium autem et facere. Sed nostrum et ullam tenetur sed. Possimus illo dolorem quasi incidunt. Fugit qui et et aut sit aut. Voluptas iure et iusto ad et optio ut. Asperiores molestiae ab magnam eius eum atque accusantium. Quia doloribus quaerat ratione perspiciatis eius architecto soluta enim.',NULL,'2018-10-09 13:43:11','2018-10-09 13:43:11'),(38,NULL,2,1,NULL,6,NULL,26,18,4,'Eligendi voluptas.','Dignissimos et quia eveniet sit aut. Velit nulla qui facilis laudantium beatae eveniet illum. Sunt qui et quaerat vel. Placeat sed natus natus quas et nihil sit. Sint eius recusandae nulla perferendis id.','Earum soluta et perferendis vero facilis optio. Ea aut eum et amet fugit sunt. Placeat dolorum voluptas cum cumque. Suscipit error quos voluptatem rerum et autem. Eum tempore non dolor impedit. Mollitia temporibus voluptatum odio incidunt. Sed placeat mollitia qui hic. Fugit illum ipsa dolores qui eius unde accusantium. Aut dolorem error necessitatibus autem. Perferendis consequatur enim perspiciatis officiis iusto explicabo vero. Harum reiciendis rem nam maiores similique dignissimos. Alias ut itaque eum totam pariatur. Voluptatum nam facere omnis reprehenderit. Et delectus sit quia aut eum sit rerum.',NULL,'2018-10-09 13:43:11','2018-10-09 13:43:11'),(39,17,3,1,NULL,3,NULL,32,16,6,'Voluptas eaque voluptate.','Ut hic autem sapiente aut dolor. Qui quaerat ipsam exercitationem amet et id iusto aut. Ea eligendi voluptas ex iste ut ipsam. Ex non est dolore et.','Labore reiciendis nulla sunt minima fuga. Eveniet eligendi ut illo et. Est architecto quia at optio quisquam aut expedita. Esse esse nam qui sed molestiae. Ut temporibus qui sit iste quaerat placeat. Saepe et quod neque aliquam. Neque quo nisi est est voluptates. Qui dolores voluptatem consequuntur ea nesciunt. Dolorem nam illo est sint dolorem quis voluptas. Autem minus consequuntur in sed enim. Neque impedit est reiciendis nam esse deserunt. Illo officia necessitatibus ipsa fugiat quo. Enim laudantium incidunt deleniti rerum. Eum sit quos laborum laborum ipsam. Iusto quibusdam dolor sed et. Voluptas suscipit et exercitationem est est saepe.',NULL,'2018-10-09 13:43:11','2018-10-09 13:43:11'),(40,4,2,2,NULL,3,NULL,26,12,6,'Incidunt qui optio.','Animi facere tempore molestias velit. Qui earum reprehenderit autem neque. Mollitia tempore velit ratione voluptatem totam id. Nemo ullam quae odio. Maiores quisquam dolor aliquid atque est modi minus. Velit repellat similique dicta modi eaque.','Quisquam modi totam quas non ullam. Eaque et non tenetur aut odio cupiditate id. Iure unde magnam vel vel. Officiis cupiditate fugit temporibus ut voluptates sequi cum. Doloribus at magni nihil magni ut enim. Qui asperiores quam dolore eum dicta quia. Sunt voluptatem est dolores voluptatem. Accusamus quidem ullam pariatur ut. Molestiae sit omnis distinctio ut. Asperiores explicabo qui rerum explicabo. Harum libero ipsum eligendi quas et cupiditate. Sequi dolores debitis fugit reiciendis voluptatem. Nesciunt est nihil omnis omnis commodi earum dolores. Et perspiciatis id consequatur culpa beatae qui. Assumenda quibusdam accusamus id ut doloribus praesentium perferendis.',NULL,'2018-10-09 13:43:11','2018-10-09 13:43:11'),(41,16,2,1,NULL,3,NULL,35,14,3,'Praesentium sapiente.','Sunt minus et fugiat consequatur inventore itaque. Accusantium dolore quos ex corrupti dolorum excepturi. Sequi ullam dicta qui vel quas aliquid autem ullam.','Eveniet reprehenderit magni beatae dolores labore. Voluptas earum sed animi repudiandae nulla. Et dolorem velit animi laboriosam soluta in enim. Sint asperiores accusamus vero maiores voluptatibus neque nemo. Maiores ratione quasi consectetur iure quia culpa delectus odit. Illum quis error quo illo sit hic voluptas ipsam. Exercitationem fugiat rerum nihil voluptatem eum nihil dicta. Debitis nemo et unde in rerum. Aut quidem nihil cum natus deleniti vero. Doloremque unde et natus voluptatem velit est eveniet quam. Nobis unde beatae consequatur voluptas.',NULL,'2018-10-09 13:43:11','2018-10-09 13:43:11'),(42,4,1,1,NULL,3,NULL,35,16,2,'Ea blanditiis.','Et qui quia veniam qui dicta. Modi qui natus iure. Ad distinctio sapiente in et odit et. Optio cupiditate quos rem eum explicabo ipsum aliquid totam.','Sed quaerat eaque quaerat in doloremque enim ipsa. Quo similique reiciendis vel voluptate rem sit. Illo aut molestiae impedit sint. Iusto laboriosam omnis suscipit quidem iste aspernatur molestiae. Et eos similique sed et. Pariatur distinctio accusantium porro et. Vel voluptate earum ducimus velit consequatur quam eos. Iusto omnis alias quibusdam dicta sit laborum perspiciatis optio. Sed qui repudiandae perspiciatis officia iste praesentium et. Blanditiis perspiciatis blanditiis reiciendis sequi ab voluptates. Et voluptates at repudiandae repellat quaerat. Tenetur et aut est non est assumenda. Cupiditate est voluptatem sit consequatur impedit.',NULL,'2018-10-09 13:43:11','2018-10-09 13:43:11'),(43,16,1,2,NULL,2,NULL,29,12,5,'Nihil pariatur fugiat.','Exercitationem commodi eius reiciendis. Id et adipisci eos eligendi dolorem. Quia est doloremque ratione corrupti. Et voluptatibus velit hic blanditiis.','Accusamus laboriosam quibusdam temporibus nihil et repudiandae. Dolor et provident voluptatibus ab omnis eos ullam exercitationem. Repellendus eveniet praesentium dolorem asperiores accusamus aut omnis. Voluptas rerum dolorem eos est iste et et sit. Quia magnam et iusto blanditiis consequuntur minima. Exercitationem eos dolorem fugiat nesciunt corporis error ut. Mollitia nostrum quod tempora voluptatem. Et ut quibusdam cumque dolor. Beatae ea sit reiciendis distinctio qui voluptatibus pariatur. Illo officiis officiis aliquid asperiores id qui ducimus. Voluptates nam omnis eaque nisi. Inventore et repellat iure consequatur id. Libero repellendus et velit libero.',NULL,'2018-10-09 13:43:11','2018-10-09 13:43:11'),(44,NULL,3,1,NULL,4,NULL,31,16,5,'Inventore cupiditate.','Perferendis nobis illo repudiandae tempore exercitationem mollitia. Error voluptatem provident consectetur et et et.','Nisi nobis nostrum consequatur sapiente rerum iste. Sint incidunt sapiente dolor voluptas. Iusto autem ut animi omnis optio. Earum voluptate aspernatur voluptates atque provident corrupti. Placeat molestiae hic sed dolores. Quia sit itaque dolor exercitationem fugit aperiam. Recusandae aut consequuntur unde sapiente natus molestiae cumque. Laboriosam voluptatem ut et ipsa. Enim perspiciatis exercitationem quibusdam sed. Sit voluptatum repellat alias et harum ducimus porro. Rerum autem nostrum laudantium sunt itaque consequuntur. Fuga itaque illum possimus rerum.',NULL,'2018-10-09 13:43:11','2018-10-09 13:43:11'),(45,18,3,2,NULL,4,NULL,27,11,2,'Explicabo magnam.','Necessitatibus est nihil rerum debitis natus esse neque. Dolore eos sit eligendi repellat et. Dolores quis laudantium ducimus molestias. Pariatur voluptas repellendus assumenda est autem numquam qui. Ad eaque quo soluta sunt possimus perferendis.','Eveniet expedita cum qui doloremque aut. Consequatur voluptate deserunt quis qui quos at voluptas. Distinctio molestias odit vitae accusamus natus mollitia. Voluptas ea et molestiae voluptatibus. Laboriosam perferendis numquam voluptatem modi. Voluptatem quo ut cumque quis est ut. Reiciendis nam blanditiis consequuntur blanditiis et dolorem illo. Saepe harum omnis id fuga aut. Iure quia vel ullam consectetur in. Harum deserunt et a culpa. Odio ut nihil placeat. Aut voluptatibus aliquam qui consectetur necessitatibus voluptatem. Laudantium nisi est doloremque. Consequatur commodi et velit quo quia libero. Itaque porro beatae aperiam et qui.',NULL,'2018-10-09 13:43:11','2018-10-09 13:43:11'),(46,8,3,2,NULL,6,NULL,32,20,5,'Laudantium autem minima.','Nihil tempora aut ratione harum sit. Voluptatem sit et quia aut delectus magni optio. Aut excepturi vel vero nobis praesentium.','Rerum qui aut quaerat qui pariatur. Vitae veniam quo voluptas id expedita ut. Animi asperiores recusandae quam porro possimus. Sequi perferendis placeat quo perspiciatis fugiat. Quia fuga occaecati voluptas laboriosam. Voluptatem porro libero et consequatur. Voluptates corrupti debitis ducimus. Dolore voluptatem cupiditate quia. Fugiat ea repellat est aut non. Deserunt ratione magnam laudantium quibusdam. Hic quisquam maxime aut beatae asperiores repellat. Ut voluptates architecto tempore inventore minima est. Rerum et officiis repellendus possimus. Ut ut et eum et minus omnis repudiandae eum. Sapiente voluptatem aperiam tempore quisquam velit. Aut qui sed nihil omnis est est.','CHF 3542000','2018-10-09 13:43:11','2018-10-09 13:43:11'),(47,11,1,1,NULL,3,NULL,34,18,4,'Et et earum.','Totam et commodi odio aut. Totam occaecati et molestiae culpa maiores. Voluptatem id explicabo non assumenda dolore sed. Qui facere dolorem non.','Eos accusantium in recusandae et enim illo. Tempore voluptatem nisi vero numquam eligendi repudiandae officia aut. Et necessitatibus repellat tenetur. Inventore voluptatum tempora eos ex possimus quia. Aut nam aut aliquam sed reprehenderit temporibus eum. Dolorem corrupti consequatur fugiat. Recusandae consequuntur minima ipsa at libero soluta eligendi. Qui sint tempore aliquam aperiam iure corrupti. Sit itaque atque aut soluta necessitatibus eaque nobis blanditiis. Voluptates adipisci eum optio magnam. Modi libero temporibus vero neque inventore vel.','CHF 940600','2018-10-09 13:43:11','2018-10-09 13:43:11'),(48,NULL,1,1,NULL,3,NULL,28,12,4,'Et labore repellat.','Provident ipsam consequatur voluptates temporibus cum et debitis. Nulla enim qui ad fuga officia. Qui corrupti cupiditate velit tempora voluptate ea quidem distinctio. Perferendis rerum esse reiciendis soluta cum.','Rerum deserunt vel praesentium nulla optio. Aperiam illum ut molestiae dolore. Consequatur tempore molestias sunt. Dolor ipsam iusto sunt ratione odit voluptatem voluptas. Corporis quidem quis dolore exercitationem rerum. Qui atque voluptates qui qui quis illo eveniet. Quasi omnis maxime reprehenderit. Necessitatibus voluptatem illo molestiae reiciendis. Nihil maiores vel facilis aliquid voluptas delectus sequi. Laboriosam aut possimus minus exercitationem adipisci magnam natus. Placeat sed minus quae. Quam tempore eligendi mollitia doloribus. Similique non ipsum ad repudiandae. Doloremque reiciendis numquam sunt voluptatem voluptatibus.',NULL,'2018-10-09 13:43:11','2018-10-09 13:43:11'),(49,11,3,1,NULL,3,NULL,26,18,5,'Nihil rerum.','Recusandae occaecati ea numquam at dolore et minima harum. Ullam et ab nihil quia omnis. Tenetur nihil dolorem repellat veniam.','Voluptatem qui illum iste at. Magni ut sed sunt optio. Voluptas similique a minima et rerum. Perferendis eius autem laboriosam molestias quia. Incidunt delectus impedit provident voluptate. Laboriosam voluptatem eum enim sit quis excepturi vel sit. Laboriosam fuga perspiciatis et sed libero aut. Doloribus odit ut ducimus facere. Modi aut accusamus ut ad delectus sequi. Omnis qui cum qui tenetur accusamus. Sit illo nihil vel velit aspernatur ratione. Dicta voluptatem earum animi inventore vitae voluptas porro excepturi. Libero nihil et sint sunt nam distinctio molestias porro. Exercitationem et voluptates ut dolorem.','CHF 614700','2018-10-09 13:43:11','2018-10-09 13:43:11'),(50,NULL,2,2,NULL,4,NULL,30,20,5,'Est enim perferendis.','Porro vel est vitae rerum consectetur eius velit. Praesentium explicabo et neque facere consequatur sed. Quia consequatur sint non placeat iste. Praesentium facilis necessitatibus expedita explicabo sit quis et.','Quasi ut necessitatibus quo. Doloribus consequatur mollitia cupiditate neque tempora illum incidunt laborum. Accusantium porro rerum et. Aut perferendis nobis est voluptas corrupti sed in. Molestiae nemo tempore ducimus sapiente cupiditate. Nobis nihil modi eveniet. Inventore vitae enim blanditiis minima consectetur. Accusamus hic qui corrupti aspernatur. Consequuntur modi saepe repudiandae quisquam adipisci sed odio. Omnis debitis quia doloribus ullam doloremque. Et similique at voluptas est. Dolorem dolore fugit a. Dolor soluta quidem ex non et dolor. In sed dignissimos aliquid praesentium omnis facilis atque sunt. Blanditiis sunt nihil nam placeat ut sit.',NULL,'2018-10-09 13:43:11','2018-10-09 13:43:11');
/*!40000 ALTER TABLE `offers` ENABLE KEYS */;
UNLOCK TABLES;

--
-- Table structure for table `phone`
--

DROP TABLE IF EXISTS `phone`;
/*!40101 SET @saved_cs_client     = @@character_set_client */;
/*!40101 SET character_set_client = utf8 */;
CREATE TABLE `phone` (
  `id` int(11) NOT NULL AUTO_INCREMENT,
  `number` varchar(35) COLLATE utf8_unicode_ci NOT NULL COMMENT '(DC2Type:phone_number)',
  `type` varchar(255) COLLATE utf8_unicode_ci NOT NULL,
  PRIMARY KEY (`id`)
) ENGINE=InnoDB DEFAULT CHARSET=utf8 COLLATE=utf8_unicode_ci;
/*!40101 SET character_set_client = @saved_cs_client */;

--
-- Dumping data for table `phone`
--

LOCK TABLES `phone` WRITE;
/*!40000 ALTER TABLE `phone` DISABLE KEYS */;
/*!40000 ALTER TABLE `phone` ENABLE KEYS */;
UNLOCK TABLES;

--
-- Table structure for table `phones`
--

DROP TABLE IF EXISTS `phones`;
/*!40101 SET @saved_cs_client     = @@character_set_client */;
/*!40101 SET character_set_client = utf8 */;
CREATE TABLE `phones` (
  `id` int(11) NOT NULL AUTO_INCREMENT,
  `customer_id` int(11) DEFAULT NULL,
  `user_id` int(11) DEFAULT NULL,
  `number` varchar(255) COLLATE utf8_unicode_ci NOT NULL,
  `category` int(11) NOT NULL,
  `created_at` datetime NOT NULL,
  `updated_at` datetime NOT NULL,
  PRIMARY KEY (`id`),
  KEY `IDX_E3282EF59395C3F3` (`customer_id`),
  KEY `IDX_E3282EF5A76ED395` (`user_id`),
  CONSTRAINT `FK_E3282EF59395C3F3` FOREIGN KEY (`customer_id`) REFERENCES `Customer` (`id`),
  CONSTRAINT `FK_E3282EF5A76ED395` FOREIGN KEY (`user_id`) REFERENCES `users` (`id`) ON DELETE SET NULL
) ENGINE=InnoDB AUTO_INCREMENT=51 DEFAULT CHARSET=utf8 COLLATE=utf8_unicode_ci;
/*!40101 SET character_set_client = @saved_cs_client */;

--
-- Dumping data for table `phones`
--

LOCK TABLES `phones` WRITE;
/*!40000 ALTER TABLE `phones` DISABLE KEYS */;
INSERT INTO `phones` VALUES (1,18,NULL,'0361053880',3,'2018-10-09 13:43:11','2018-10-09 13:43:11'),(2,19,NULL,'+41(0)745066040',4,'2018-10-09 13:43:11','2018-10-09 13:43:11'),(3,12,NULL,'0019003648',4,'2018-10-09 13:43:11','2018-10-09 13:43:11'),(4,11,NULL,'0146918008',4,'2018-10-09 13:43:11','2018-10-09 13:43:11'),(5,22,NULL,'+41(0)898062638',3,'2018-10-09 13:43:11','2018-10-09 13:43:11'),(6,1,NULL,'+41 63 426 51 50',1,'2018-10-09 13:43:11','2018-10-09 13:43:11'),(7,11,NULL,'+41 13 874 04 24',4,'2018-10-09 13:43:11','2018-10-09 13:43:11'),(8,25,NULL,'000 690 05 06',6,'2018-10-09 13:43:11','2018-10-09 13:43:11'),(9,3,NULL,'0974056653',3,'2018-10-09 13:43:11','2018-10-09 13:43:11'),(10,7,NULL,'+41 (0)09 630 49 82',1,'2018-10-09 13:43:11','2018-10-09 13:43:11'),(11,2,NULL,'+41(0)339157224',5,'2018-10-09 13:43:11','2018-10-09 13:43:11'),(12,21,NULL,'0874775987',4,'2018-10-09 13:43:11','2018-10-09 13:43:11'),(13,24,NULL,'055 511 24 90',5,'2018-10-09 13:43:11','2018-10-09 13:43:11'),(14,22,NULL,'+41(0)398476016',1,'2018-10-09 13:43:11','2018-10-09 13:43:11'),(15,24,NULL,'0127113603',6,'2018-10-09 13:43:11','2018-10-09 13:43:11'),(16,9,NULL,'0587450342',3,'2018-10-09 13:43:11','2018-10-09 13:43:11'),(17,9,NULL,'095 716 95 98',1,'2018-10-09 13:43:11','2018-10-09 13:43:11'),(18,12,NULL,'+41(0)079456797',5,'2018-10-09 13:43:11','2018-10-09 13:43:11'),(19,12,NULL,'0260540665',5,'2018-10-09 13:43:11','2018-10-09 13:43:11'),(20,5,NULL,'+41 90 266 09 81',6,'2018-10-09 13:43:11','2018-10-09 13:43:11'),(21,28,NULL,'+41 60 154 35 55',2,'2018-10-09 13:43:11','2018-10-09 13:43:11'),(22,32,NULL,'002 246 88 16',1,'2018-10-09 13:43:11','2018-10-09 13:43:11'),(23,29,NULL,'049 592 30 11',3,'2018-10-09 13:43:11','2018-10-09 13:43:11'),(24,28,NULL,'+41 (0)04 124 62 57',5,'2018-10-09 13:43:11','2018-10-09 13:43:11'),(25,32,NULL,'+41 (0)81 646 91 17',3,'2018-10-09 13:43:11','2018-10-09 13:43:11'),(26,35,NULL,'+41 (0)84 534 90 25',3,'2018-10-09 13:43:11','2018-10-09 13:43:11'),(27,34,NULL,'072 174 62 66',5,'2018-10-09 13:43:11','2018-10-09 13:43:11'),(28,26,NULL,'0049784287',6,'2018-10-09 13:43:11','2018-10-09 13:43:11'),(29,26,NULL,'069 881 60 69',6,'2018-10-09 13:43:11','2018-10-09 13:43:11'),(30,32,NULL,'033 935 11 22',3,'2018-10-09 13:43:11','2018-10-09 13:43:11'),(31,26,NULL,'0830301029',1,'2018-10-09 13:43:11','2018-10-09 13:43:11'),(32,29,NULL,'+41 (0)57 319 04 99',3,'2018-10-09 13:43:11','2018-10-09 13:43:11'),(33,35,NULL,'+41 (0)98 354 00 81',5,'2018-10-09 13:43:11','2018-10-09 13:43:11'),(34,35,NULL,'039 195 98 07',3,'2018-10-09 13:43:11','2018-10-09 13:43:11'),(35,35,NULL,'0164322847',2,'2018-10-09 13:43:11','2018-10-09 13:43:11'),(36,37,NULL,'+41(0)739277343',5,'2018-10-09 13:43:11','2018-10-09 13:43:11'),(37,40,NULL,'0091796158',4,'2018-10-09 13:43:11','2018-10-09 13:43:11'),(38,38,NULL,'+41 (0)54 959 06 01',4,'2018-10-09 13:43:11','2018-10-09 13:43:11'),(39,38,NULL,'+41 44 828 42 62',4,'2018-10-09 13:43:11','2018-10-09 13:43:11'),(40,41,NULL,'055 578 49 58',5,'2018-10-09 13:43:11','2018-10-09 13:43:11'),(41,37,NULL,'005 284 16 49',4,'2018-10-09 13:43:11','2018-10-09 13:43:11'),(42,39,NULL,'+41(0)466271124',4,'2018-10-09 13:43:11','2018-10-09 13:43:11'),(43,45,NULL,'086 380 04 26',5,'2018-10-09 13:43:11','2018-10-09 13:43:11'),(44,43,NULL,'035 937 35 33',1,'2018-10-09 13:43:11','2018-10-09 13:43:11'),(45,40,NULL,'+41 (0)04 764 48 68',4,'2018-10-09 13:43:11','2018-10-09 13:43:11'),(46,41,NULL,'+41(0)588344376',3,'2018-10-09 13:43:11','2018-10-09 13:43:11'),(47,44,NULL,'+41 (0)25 647 50 42',2,'2018-10-09 13:43:11','2018-10-09 13:43:11'),(48,41,NULL,'0894048018',1,'2018-10-09 13:43:11','2018-10-09 13:43:11'),(49,45,NULL,'+41(0)147691540',5,'2018-10-09 13:43:11','2018-10-09 13:43:11'),(50,42,NULL,'+41 62 368 82 10',4,'2018-10-09 13:43:11','2018-10-09 13:43:11');
/*!40000 ALTER TABLE `phones` ENABLE KEYS */;
UNLOCK TABLES;

--
-- Table structure for table `project_categories`
--

DROP TABLE IF EXISTS `project_categories`;
/*!40101 SET @saved_cs_client     = @@character_set_client */;
/*!40101 SET character_set_client = utf8 */;
CREATE TABLE `project_categories` (
  `id` int(11) NOT NULL AUTO_INCREMENT,
  `name` varchar(255) COLLATE utf8_unicode_ci NOT NULL,
  `created_at` datetime NOT NULL,
  `updated_at` datetime NOT NULL,
  PRIMARY KEY (`id`)
) ENGINE=InnoDB AUTO_INCREMENT=11 DEFAULT CHARSET=utf8 COLLATE=utf8_unicode_ci;
/*!40101 SET character_set_client = @saved_cs_client */;

--
-- Dumping data for table `project_categories`
--

LOCK TABLES `project_categories` WRITE;
/*!40000 ALTER TABLE `project_categories` DISABLE KEYS */;
INSERT INTO `project_categories` VALUES (1,'projectCategory1','2018-10-09 13:43:11','2018-10-09 13:43:11'),(2,'perspiciatis','2018-10-09 13:43:11','2018-10-09 13:43:11'),(3,'voluptas','2018-10-09 13:43:11','2018-10-09 13:43:11'),(4,'dolor','2018-10-09 13:43:11','2018-10-09 13:43:11'),(5,'veritatis','2018-10-09 13:43:11','2018-10-09 13:43:11'),(6,'molestias','2018-10-09 13:43:11','2018-10-09 13:43:11'),(7,'est','2018-10-09 13:43:11','2018-10-09 13:43:11'),(8,'in','2018-10-09 13:43:11','2018-10-09 13:43:11'),(9,'sed','2018-10-09 13:43:11','2018-10-09 13:43:11'),(10,'qui','2018-10-09 13:43:11','2018-10-09 13:43:11');
/*!40000 ALTER TABLE `project_categories` ENABLE KEYS */;
UNLOCK TABLES;

--
-- Table structure for table `project_comments`
--

DROP TABLE IF EXISTS `project_comments`;
/*!40101 SET @saved_cs_client     = @@character_set_client */;
/*!40101 SET character_set_client = utf8 */;
CREATE TABLE `project_comments` (
  `id` int(11) NOT NULL AUTO_INCREMENT,
  `project_id` int(11) NOT NULL,
  `user_id` int(11) DEFAULT NULL,
  `comment` longtext COLLATE utf8_unicode_ci NOT NULL,
  `date` datetime NOT NULL,
  `created_at` datetime NOT NULL,
  `updated_at` datetime NOT NULL,
  `deleted_at` datetime DEFAULT NULL,
  PRIMARY KEY (`id`),
  KEY `IDX_62D01DF1166D1F9C` (`project_id`),
  KEY `IDX_62D01DF1A76ED395` (`user_id`),
  CONSTRAINT `FK_62D01DF1166D1F9C` FOREIGN KEY (`project_id`) REFERENCES `projects` (`id`),
  CONSTRAINT `FK_62D01DF1A76ED395` FOREIGN KEY (`user_id`) REFERENCES `users` (`id`) ON DELETE SET NULL
) ENGINE=InnoDB AUTO_INCREMENT=101 DEFAULT CHARSET=utf8 COLLATE=utf8_unicode_ci;
/*!40101 SET character_set_client = @saved_cs_client */;

--
-- Dumping data for table `project_comments`
--

LOCK TABLES `project_comments` WRITE;
/*!40000 ALTER TABLE `project_comments` DISABLE KEYS */;
INSERT INTO `project_comments` VALUES (1,1,1,'Dolor veritatis molestias est in sed. Officiis perspiciatis velit possimus cum ducimus vitae quam. Ea dolores odio quis est.','2018-09-21 07:02:47','2018-10-09 13:43:11','2018-10-09 13:43:11',NULL),(2,8,5,'Deserunt minima reprehenderit laborum cumque molestiae aut. A harum aliquam est quod expedita laudantium qui ipsa. Sunt ut officia est rerum. Autem voluptatem perspiciatis eius.','2018-08-24 03:37:01','2018-10-09 13:43:11','2018-10-09 13:43:11',NULL),(3,4,6,'Neque quia eum repellendus enim eum reiciendis ea et. Ut explicabo odit similique nihil. Est sit suscipit libero nisi. Sit quas quo totam quia doloremque numquam.','2018-07-15 11:50:05','2018-10-09 13:43:11','2018-10-09 13:43:11',NULL),(4,14,2,'Neque repudiandae totam non. Voluptatibus nihil occaecati ut et soluta. Ut dignissimos omnis eveniet et nihil voluptates dolores.','2018-07-23 23:39:37','2018-10-09 13:43:11','2018-10-09 13:43:11',NULL),(5,5,4,'Et laudantium perspiciatis aspernatur nemo officia debitis. Earum praesentium dolorem consequatur rerum.','2018-07-31 10:44:00','2018-10-09 13:43:11','2018-10-09 13:43:11',NULL),(6,9,6,'Qui et eos blanditiis. Ut excepturi sit ullam iste repellat qui ipsum. Illum necessitatibus distinctio et doloremque quia commodi modi.','2018-08-21 16:10:28','2018-10-09 13:43:11','2018-10-09 13:43:11',NULL),(7,10,5,'Perferendis enim id beatae consequuntur provident beatae culpa consequatur. Ducimus dignissimos est consequatur accusantium excepturi. Qui at et inventore voluptas.','2018-09-02 07:13:10','2018-10-09 13:43:11','2018-10-09 13:43:11',NULL),(8,4,5,'Molestias nam maxime qui dolorem quam cumque eius voluptatem. Ex occaecati dolorem ab. Eius quia iusto odio in. Reiciendis modi magni perferendis iure suscipit labore.','2018-10-05 03:37:40','2018-10-09 13:43:11','2018-10-09 13:43:11',NULL),(9,2,3,'Necessitatibus aut totam sit consectetur omnis. Nobis qui recusandae tempore molestias expedita fugit delectus. Delectus laudantium sed iure quia illo neque omnis. Numquam nostrum officiis dolor.','2018-08-29 00:13:22','2018-10-09 13:43:11','2018-10-09 13:43:11',NULL),(10,11,3,'Aut temporibus dolorem occaecati consectetur eos expedita tempora. Molestias quod error repellendus voluptatum. Totam esse temporibus et et veritatis. Placeat et similique delectus nobis dolore accusamus qui.','2018-07-08 00:45:53','2018-10-09 13:43:11','2018-10-09 13:43:11',NULL),(11,17,6,'Quod consequatur est commodi qui voluptate quia. Ut enim rem provident voluptas harum totam. Nihil mollitia consequatur et at magni nihil aut. Totam cupiditate odio asperiores perspiciatis.','2018-08-29 02:33:57','2018-10-09 13:43:11','2018-10-09 13:43:11',NULL),(12,18,3,'Ipsam similique quaerat commodi perspiciatis et placeat autem. Maiores et et ut beatae rerum assumenda et. Sed ipsa nam minus qui recusandae nam.','2018-08-01 14:44:03','2018-10-09 13:43:11','2018-10-09 13:43:11',NULL),(13,6,2,'Temporibus optio nisi sequi et eaque esse officia fugit. Voluptatibus quam quaerat aut. Commodi nihil ut ratione ea aperiam quae nam. Repellat et nihil ipsum quis sed.','2018-08-30 14:34:30','2018-10-09 13:43:11','2018-10-09 13:43:11',NULL),(14,12,6,'Optio quos quia molestiae dignissimos enim maxime tempore. Dolorem vel in placeat error dolor assumenda. Aperiam sequi praesentium illo aut quod exercitationem.','2018-07-04 11:44:20','2018-10-09 13:43:11','2018-10-09 13:43:11',NULL),(15,9,4,'Autem voluptatem placeat sunt explicabo est et. Aut distinctio deleniti qui quisquam facere. Quia et et blanditiis in vel neque dicta.','2018-09-19 15:48:14','2018-10-09 13:43:11','2018-10-09 13:43:11',NULL),(16,1,3,'Accusamus distinctio quo aut aut et molestias. Et facilis est ut qui fugit sed saepe. Nobis ut cupiditate nemo rem repellat voluptas.','2018-07-26 06:59:56','2018-10-09 13:43:11','2018-10-09 13:43:11',NULL),(17,7,6,'Sint provident magni eius nulla distinctio qui quia. Et magnam qui officia. Ea expedita ratione et.','2018-07-11 19:45:52','2018-10-09 13:43:11','2018-10-09 13:43:11',NULL),(18,3,4,'Cum et molestiae laborum sequi laborum distinctio suscipit. Atque tempora assumenda soluta aut.','2018-07-08 07:52:34','2018-10-09 13:43:11','2018-10-09 13:43:11',NULL),(19,12,5,'Labore libero repudiandae non. Autem unde est eaque et. Modi incidunt exercitationem et reiciendis vel facilis sed. Quo est laboriosam beatae et. Quis illum molestiae rerum omnis exercitationem velit repellat.','2018-10-03 01:23:29','2018-10-09 13:43:11','2018-10-09 13:43:11',NULL),(20,17,6,'Ut molestiae sit nihil nobis non. Possimus itaque et vel qui eos corrupti. Deserunt sunt hic architecto id officiis odio perferendis. Quia qui dolore natus quidem enim voluptatum. Vitae nihil aperiam saepe nihil sit labore rem.','2018-08-29 03:19:43','2018-10-09 13:43:11','2018-10-09 13:43:11',NULL),(21,7,5,'Libero veritatis rerum ad incidunt voluptatem facere maiores. Et at debitis reprehenderit sequi occaecati rerum. Mollitia occaecati et quod deserunt dignissimos repudiandae eos. Dolores debitis ut sint est quo.','2018-07-16 21:37:36','2018-10-09 13:43:11','2018-10-09 13:43:11',NULL),(22,3,3,'Sint est quo eveniet quisquam iste dolorem. Praesentium autem qui sed sed cupiditate. Dolores veritatis illo eveniet est non qui. Repellendus natus omnis assumenda eaque vel modi nisi.','2018-07-17 08:31:55','2018-10-09 13:43:11','2018-10-09 13:43:11',NULL),(23,6,2,'Id quidem commodi ullam aut. Praesentium et sunt magnam soluta laudantium neque. Sunt omnis deleniti error omnis voluptates ea. Dolores ut tempore modi molestiae aperiam repudiandae mollitia.','2018-09-06 06:24:11','2018-10-09 13:43:11','2018-10-09 13:43:11',NULL),(24,15,6,'Ea nihil dolorem veritatis neque. Eos ipsa aut aliquid quasi sit ipsa. Id ea quae sed atque occaecati error alias labore. A qui omnis doloribus pariatur sint.','2018-09-20 16:28:25','2018-10-09 13:43:11','2018-10-09 13:43:11',NULL),(25,19,2,'Et numquam aspernatur alias odio magni. Voluptatum asperiores optio adipisci corporis qui. Molestiae corporis placeat adipisci quibusdam reprehenderit omnis.','2018-08-20 21:18:56','2018-10-09 13:43:11','2018-10-09 13:43:11',NULL),(26,4,5,'Minima quos est cumque facere numquam eius numquam nemo. Dolores est dolores neque facere fugit sint consequatur et. Mollitia quos id quo.','2018-09-23 12:06:59','2018-10-09 13:43:11','2018-10-09 13:43:11',NULL),(27,8,5,'Provident neque est inventore minima laboriosam quia possimus. Veritatis molestiae dolorem assumenda necessitatibus blanditiis veniam voluptatem enim. Magni quia maiores reiciendis autem inventore. Animi ea nihil est sed rerum perferendis.','2018-09-19 01:26:51','2018-10-09 13:43:11','2018-10-09 13:43:11',NULL),(28,12,2,'Eos odit est dolorem facere et a. Ut quibusdam sit enim. Quibusdam rerum vero eos atque voluptatem debitis ut autem. Perspiciatis aliquam repellat quia sequi et nihil beatae. Et dolores et dicta sunt accusamus et occaecati.','2018-08-30 19:09:23','2018-10-09 13:43:11','2018-10-09 13:43:11',NULL),(29,16,4,'Aut repellendus est voluptas sapiente autem non ut. Voluptatibus atque dolore saepe impedit eius ut. Quisquam at qui incidunt molestias maxime adipisci. Saepe esse ipsum sed aperiam rerum. Animi necessitatibus necessitatibus facilis quam aut.','2018-08-01 16:09:28','2018-10-09 13:43:11','2018-10-09 13:43:11',NULL),(30,5,6,'Neque molestiae iste dolorum velit ipsam beatae quia reprehenderit. Nulla consequatur occaecati sit dolores et est quia ex. Et explicabo libero placeat ex aperiam ea.','2018-09-30 06:38:44','2018-10-09 13:43:11','2018-10-09 13:43:11',NULL),(31,3,4,'Nihil ipsum velit labore sit tenetur totam ad ut. Corporis veniam minima a numquam. Repellat ea atque veniam pariatur quos nulla ipsa dolorem. Eum eum necessitatibus et aut explicabo voluptatem.','2018-08-21 17:40:56','2018-10-09 13:43:11','2018-10-09 13:43:11',NULL),(32,6,5,'Perspiciatis optio neque dolor. Rem aut blanditiis rerum placeat enim. Facere dolor optio voluptates qui nam et repellendus. Perferendis qui aut voluptas sunt voluptatum qui neque. Qui cum maiores voluptate aperiam.','2018-08-22 07:16:24','2018-10-09 13:43:11','2018-10-09 13:43:11',NULL),(33,1,6,'Est aut placeat odio optio itaque qui vel. Quasi autem molestias quis odit. Aliquid veritatis est fuga cumque unde.','2018-08-16 19:55:34','2018-10-09 13:43:11','2018-10-09 13:43:11',NULL),(34,8,5,'Et veniam est reiciendis quibusdam. Omnis labore molestiae consequuntur explicabo sint.','2018-09-28 12:57:06','2018-10-09 13:43:11','2018-10-09 13:43:11',NULL),(35,1,4,'Voluptatem quia hic sit qui rem. Eos necessitatibus omnis ullam maxime hic et fuga. Est id dolor aliquid officia perspiciatis autem.','2018-08-04 00:52:43','2018-10-09 13:43:11','2018-10-09 13:43:11',NULL),(36,3,4,'Sit sed et pariatur et sapiente beatae ut. Est quo et culpa minus. Harum reprehenderit qui voluptates voluptatibus numquam dolores suscipit molestiae.','2018-07-23 14:12:33','2018-10-09 13:43:11','2018-10-09 13:43:11',NULL),(37,3,4,'Voluptate aut ullam tempore aspernatur sit eius est. Asperiores laborum eum consequatur corrupti tempora ut iure.','2018-08-30 02:06:28','2018-10-09 13:43:11','2018-10-09 13:43:11',NULL),(38,1,6,'Ut debitis ut explicabo id enim ab iste. Quia fuga ducimus tempore necessitatibus enim. Et aut laborum eligendi id.','2018-09-29 02:42:41','2018-10-09 13:43:11','2018-10-09 13:43:11',NULL),(39,8,5,'Voluptate quisquam molestiae incidunt a aut tempore eos. Libero ducimus accusamus id molestias labore provident error consequatur. Et vel assumenda quos excepturi ipsam est magni.','2018-07-11 17:02:17','2018-10-09 13:43:11','2018-10-09 13:43:11',NULL),(40,5,6,'Praesentium id porro tempora iste id. Voluptatem rerum optio sint voluptatem libero dolore. At modi assumenda et tempore ex. Vel quasi facilis eveniet repellat facere cupiditate sed rem.','2018-07-01 14:00:42','2018-10-09 13:43:11','2018-10-09 13:43:11',NULL),(41,2,4,'Et in dolorem quidem. Enim aspernatur sed est voluptatem officia. Velit laboriosam ut eum nulla ea ut error. Eos blanditiis animi provident omnis et quidem.','2018-09-19 15:17:37','2018-10-09 13:43:11','2018-10-09 13:43:11',NULL),(42,16,5,'Laboriosam dignissimos est enim tenetur asperiores dolores laborum. Quis sit eveniet accusamus dolor.','2018-09-06 08:11:25','2018-10-09 13:43:11','2018-10-09 13:43:11',NULL),(43,3,3,'Blanditiis sit vero quo. Quo laudantium necessitatibus et pariatur nesciunt ut tempora. Hic velit rerum quis accusamus sed. Culpa voluptatum est non architecto blanditiis temporibus quibusdam. Eveniet architecto esse iusto vero praesentium quam.','2018-08-13 06:27:56','2018-10-09 13:43:11','2018-10-09 13:43:11',NULL),(44,17,5,'Quae debitis ut quia eum tempore in dignissimos. Nam aut explicabo nam fuga deserunt error. Error maxime soluta modi eveniet. Quis enim laudantium adipisci explicabo molestias provident.','2018-09-18 04:24:36','2018-10-09 13:43:11','2018-10-09 13:43:11',NULL),(45,14,3,'Voluptas cupiditate voluptas sit sit incidunt aliquid libero. Temporibus ut ad sint pariatur eos. Sint sunt et aspernatur sapiente necessitatibus blanditiis tempora laborum. Impedit eaque aliquam ea adipisci animi. Possimus quidem provident qui magnam.','2018-07-25 02:42:34','2018-10-09 13:43:11','2018-10-09 13:43:11',NULL),(46,1,2,'Doloremque ratione quisquam ducimus velit eligendi delectus possimus. Doloribus molestias sit exercitationem consequuntur amet quia molestiae ad. Facere aut et voluptatem esse. Soluta ab voluptatem odio dicta vel.','2018-07-18 12:35:24','2018-10-09 13:43:11','2018-10-09 13:43:11',NULL),(47,19,4,'Harum consequatur autem quia adipisci rem dolores et ut. In fugit doloribus numquam amet dolor temporibus. Ducimus ipsam quo cum corrupti rerum consequatur ea. Et voluptatibus aut voluptatem et.','2018-08-19 17:51:42','2018-10-09 13:43:11','2018-10-09 13:43:11',NULL),(48,18,6,'Saepe in tempore labore quia. Culpa cupiditate temporibus nulla similique fugit omnis sed. Ut deserunt magni ducimus voluptate quidem eaque ut.','2018-08-07 06:59:09','2018-10-09 13:43:11','2018-10-09 13:43:11',NULL),(49,4,6,'Rerum ipsa culpa voluptatem eos velit. Adipisci amet consequatur dolorum voluptatem consequatur. Perferendis provident dicta sed esse.','2018-08-09 21:01:33','2018-10-09 13:43:11','2018-10-09 13:43:11',NULL),(50,1,6,'Vel voluptas non voluptas iure et. Quidem dicta fugit similique voluptatem ratione. Rerum temporibus voluptas maxime vel non ea.','2018-10-04 14:29:19','2018-10-09 13:43:11','2018-10-09 13:43:11',NULL),(51,1,3,'Et recusandae exercitationem velit est ipsa sit tempore. Atque natus aut est nesciunt. Aspernatur repellendus pariatur modi.','2018-09-20 13:11:53','2018-10-09 13:43:11','2018-10-09 13:43:11',NULL),(52,20,5,'Quia sequi nostrum soluta odio ratione. Omnis quia dolorem laborum sed officia.','2018-08-02 08:14:29','2018-10-09 13:43:11','2018-10-09 13:43:11',NULL),(53,19,4,'Voluptate ad facilis error consequatur dolore deserunt dignissimos aliquam. Ipsam omnis eos molestias autem non sunt. Aut placeat nisi reiciendis nihil eos voluptate dolorem qui. Perspiciatis voluptatem consequuntur corporis ea.','2018-07-29 08:34:51','2018-10-09 13:43:11','2018-10-09 13:43:11',NULL),(54,3,5,'Quia sapiente eum molestiae optio doloribus magni est. Dolores et magni voluptatem. Qui repellat officia ratione voluptatem similique qui. Itaque rerum aut quibusdam consectetur quas eius sint deserunt.','2018-09-02 00:38:26','2018-10-09 13:43:11','2018-10-09 13:43:11',NULL),(55,10,4,'Consequatur eum enim nihil laborum. Consectetur voluptatem architecto voluptatem qui occaecati. Sed voluptates et libero voluptates. Autem aut tempore vitae unde doloremque fugiat et.','2018-09-12 03:40:07','2018-10-09 13:43:11','2018-10-09 13:43:11',NULL),(56,7,5,'Consequatur impedit magnam quaerat sint nihil rerum in. Commodi modi optio qui. Nisi est similique nulla et possimus deserunt omnis.','2018-07-15 19:57:28','2018-10-09 13:43:11','2018-10-09 13:43:11',NULL),(57,18,4,'Quia eius deserunt eius voluptas est quod vero. Omnis sunt recusandae dolorem non. Est vel inventore asperiores fugiat dicta laudantium voluptas fuga. Molestiae et minima a cum ut et eius. Et vel a nesciunt dolores officia ut vel.','2018-09-01 01:44:28','2018-10-09 13:43:11','2018-10-09 13:43:11',NULL),(58,6,5,'Error minus qui neque repudiandae quae non ad. Maiores exercitationem voluptatem sunt pariatur nulla et dolor. Soluta molestias autem sed et.','2018-08-05 13:38:09','2018-10-09 13:43:11','2018-10-09 13:43:11',NULL),(59,8,4,'Voluptatibus ipsa ipsum omnis consequatur. Cupiditate quisquam corporis laboriosam repudiandae itaque. Alias sint et dolorem doloribus occaecati commodi quisquam.','2018-09-25 15:56:47','2018-10-09 13:43:11','2018-10-09 13:43:11',NULL),(60,16,5,'Aliquid beatae nihil neque eum. Tenetur expedita nam sint pariatur in eaque voluptas. Ea delectus doloribus perspiciatis. Dolor ut veniam est repudiandae quis.','2018-08-16 07:10:31','2018-10-09 13:43:11','2018-10-09 13:43:11',NULL),(61,1,2,'Illum velit laborum suscipit voluptatem fugit qui molestiae. Sint eaque odio qui corrupti odit doloribus quia. Doloribus quis expedita incidunt velit porro beatae. Et autem perspiciatis sunt sit.','2018-09-17 13:07:21','2018-10-09 13:43:11','2018-10-09 13:43:11',NULL),(62,14,6,'Et qui nobis asperiores corporis aperiam sit beatae et. Distinctio odit quo et omnis est eaque dolorem.','2018-08-12 08:11:48','2018-10-09 13:43:11','2018-10-09 13:43:11',NULL),(63,2,4,'Ad voluptatem illum eum eligendi reprehenderit. Quas non et fugiat animi quibusdam labore. Maxime modi minus architecto deserunt qui sit. Inventore ipsum error occaecati enim aperiam. Eaque id sit est molestiae placeat.','2018-08-16 10:42:18','2018-10-09 13:43:11','2018-10-09 13:43:11',NULL),(64,12,4,'Molestias incidunt nulla aperiam officia eaque error cumque. Velit ab qui minus ut sint esse autem. Mollitia perferendis dicta esse porro aut suscipit et et.','2018-08-29 09:43:34','2018-10-09 13:43:11','2018-10-09 13:43:11',NULL),(65,4,2,'Optio eveniet id laborum sed nesciunt quisquam nihil. Eaque nostrum facere atque ipsam et. Amet distinctio molestiae non unde sequi.','2018-07-30 00:33:06','2018-10-09 13:43:11','2018-10-09 13:43:11',NULL),(66,9,3,'Aliquid accusamus praesentium ratione nihil consequuntur sunt. Exercitationem voluptas est quo necessitatibus accusamus quae sit. Impedit et voluptas et et. Iure assumenda nemo vel vel.','2018-07-18 14:29:26','2018-10-09 13:43:11','2018-10-09 13:43:11',NULL),(67,18,2,'Doloremque repellat impedit aut aliquam nisi quia nulla. Inventore impedit tempora non eos mollitia fugit. Provident non et necessitatibus sit repudiandae dolorum magnam. Sunt eaque et asperiores animi voluptatem in ut dolores.','2018-09-22 13:34:52','2018-10-09 13:43:11','2018-10-09 13:43:11',NULL),(68,14,2,'Eum quae vitae harum quod rerum quis dolor. Numquam sit iste hic eos laborum soluta sit. Et quas nihil quam id autem explicabo hic. Consectetur eaque aut quasi sit nam qui.','2018-07-24 18:25:45','2018-10-09 13:43:11','2018-10-09 13:43:11',NULL),(69,6,4,'Minima corporis aut sequi qui. Quo sed provident aperiam vel impedit quos. Nesciunt odit esse repellat aliquid animi. Quia error libero nostrum quas illum quia.','2018-08-24 08:04:14','2018-10-09 13:43:11','2018-10-09 13:43:11',NULL),(70,18,3,'Quam architecto et aut. Nam exercitationem aut quaerat explicabo labore quam ea.','2018-08-09 12:18:08','2018-10-09 13:43:11','2018-10-09 13:43:11',NULL),(71,13,5,'Ullam velit voluptates iusto distinctio ut reprehenderit. Impedit esse suscipit odio voluptas autem qui impedit. Dolor vitae illo minima.','2018-08-25 03:28:20','2018-10-09 13:43:11','2018-10-09 13:43:11',NULL),(72,16,4,'Voluptas consequatur commodi odit qui doloribus. Aut et veritatis esse dolorem. Sunt vel minus accusamus laudantium possimus laboriosam.','2018-10-01 03:33:53','2018-10-09 13:43:11','2018-10-09 13:43:11',NULL),(73,2,3,'Dolores beatae est eos. Fugit et sit numquam voluptatibus. Aut ipsa occaecati similique consequuntur voluptatum expedita. Facilis repellendus iste est fugiat ab accusamus nam.','2018-08-23 20:32:57','2018-10-09 13:43:11','2018-10-09 13:43:11',NULL),(74,11,3,'Omnis accusamus optio enim in. Asperiores ad officia quo quis voluptatem cum dicta. Totam nam dicta vel quasi molestiae consequatur.','2018-08-27 01:33:25','2018-10-09 13:43:11','2018-10-09 13:43:11',NULL),(75,12,4,'Quia velit quo impedit est. Praesentium sit quis dolorem. Voluptatum ut rerum excepturi a repellendus ex et praesentium. Eum sint dolorem in.','2018-07-02 06:28:22','2018-10-09 13:43:11','2018-10-09 13:43:11',NULL),(76,12,5,'Qui voluptas quisquam et ut dolorem iure. Non consequatur cumque voluptatibus repellendus eligendi inventore laudantium ut. Et numquam dolores ea nobis quo corrupti iste. Aperiam rem tenetur consequuntur sit tempora.','2018-10-01 03:16:11','2018-10-09 13:43:11','2018-10-09 13:43:11',NULL),(77,8,5,'Aperiam provident quae quia ex. Eum consequatur cum quod dolor dolores voluptatum esse. Et molestias veritatis iusto quia delectus consectetur.','2018-07-25 01:50:18','2018-10-09 13:43:11','2018-10-09 13:43:11',NULL),(78,1,5,'At quam officia mollitia eum consequatur corporis voluptates voluptate. Doloremque quis vel unde eveniet debitis dolores iusto quidem. Eligendi rerum ad eligendi omnis alias qui nisi sint. Dolorem neque officiis impedit eveniet.','2018-09-01 10:03:54','2018-10-09 13:43:11','2018-10-09 13:43:11',NULL),(79,14,6,'Eius quo similique nihil illo unde soluta molestiae. Et laboriosam sunt qui et et tenetur. Nihil et reiciendis voluptatum accusamus rem aut.','2018-08-25 02:14:37','2018-10-09 13:43:11','2018-10-09 13:43:11',NULL),(80,17,3,'Aliquam et sunt ut qui quae et. Animi quis dolores tenetur. Sunt ut molestias quisquam vel molestiae nostrum. Qui harum et vero numquam. Nulla eius eum dolorum quaerat omnis.','2018-07-30 19:07:03','2018-10-09 13:43:11','2018-10-09 13:43:11',NULL),(81,6,3,'Doloremque quae voluptatem est beatae ipsum hic. Enim et dolor id tempora quas modi fugit. Illo provident aliquid repellendus fuga aspernatur cupiditate. Deserunt est repellendus repellat rerum.','2018-07-24 16:16:41','2018-10-09 13:43:11','2018-10-09 13:43:11',NULL),(82,12,4,'Earum placeat facilis sunt quos aliquid. Voluptatem repellendus blanditiis ea atque. Tempore doloremque ullam labore dignissimos quaerat molestiae. Commodi fugit qui iste ab non dolorem et.','2018-08-25 14:01:14','2018-10-09 13:43:11','2018-10-09 13:43:11',NULL),(83,18,3,'Quisquam corporis perspiciatis aliquam quibusdam. Molestiae sit quis autem sequi debitis dolor error nobis. Porro maiores quidem dolor et explicabo. Sunt voluptatum sed excepturi accusamus.','2018-10-05 12:03:44','2018-10-09 13:43:11','2018-10-09 13:43:11',NULL),(84,14,4,'Deserunt perferendis odit eligendi repellat praesentium rerum est et. Temporibus consequuntur nulla assumenda aut laboriosam. Corporis in amet ut labore.','2018-07-07 13:22:06','2018-10-09 13:43:11','2018-10-09 13:43:11',NULL),(85,12,2,'Quia nihil officia vero accusantium maxime nesciunt. Itaque libero maxime sit minus omnis non eligendi. Sed facere qui quas est molestiae nulla non.','2018-07-29 03:34:35','2018-10-09 13:43:11','2018-10-09 13:43:11',NULL),(86,11,3,'Tenetur consequuntur laborum temporibus natus est. Omnis sint explicabo exercitationem porro sunt repudiandae. Quisquam ipsa veritatis nam sequi accusantium. Modi consectetur est accusantium assumenda. Nihil provident ratione quia dolores quisquam rerum et.','2018-08-24 02:02:19','2018-10-09 13:43:11','2018-10-09 13:43:11',NULL),(87,3,6,'At minus veniam magnam qui mollitia a aut. Consequatur ducimus corporis excepturi eos ut harum et. Quas odio aut fugiat odio aut consequuntur. Praesentium incidunt ipsam quae voluptatem mollitia voluptas architecto ipsa.','2018-07-10 01:55:37','2018-10-09 13:43:11','2018-10-09 13:43:11',NULL),(88,3,6,'Voluptatibus consequatur rerum vitae consectetur vero enim inventore sed. Natus enim quis nemo aut voluptatem. Fugiat iure facere labore ducimus et ut dolorum velit.','2018-08-18 23:24:50','2018-10-09 13:43:11','2018-10-09 13:43:11',NULL),(89,7,5,'Nihil quibusdam molestias nisi voluptas neque qui alias. Exercitationem excepturi numquam tempora modi sed placeat. Ut ullam velit rem eum eum eum. Eaque ipsa dolorum reiciendis dolore quo.','2018-07-31 21:01:15','2018-10-09 13:43:11','2018-10-09 13:43:11',NULL),(90,7,2,'Fuga ab quo temporibus rerum. Non nisi fuga quia deleniti unde minima. Tempora doloremque nihil quia cum occaecati.','2018-09-30 23:47:03','2018-10-09 13:43:11','2018-10-09 13:43:11',NULL),(91,3,5,'Iste fugit explicabo alias accusamus. Ratione est perferendis provident provident. Sit eligendi voluptatem quia. Delectus possimus harum ullam laudantium tenetur blanditiis.','2018-08-13 22:54:03','2018-10-09 13:43:11','2018-10-09 13:43:11',NULL),(92,19,6,'Laboriosam a laboriosam beatae enim. Quaerat eligendi laudantium similique aut quia vel repudiandae. Deserunt cumque quisquam reprehenderit dignissimos maxime et placeat. Nostrum sint quo nesciunt exercitationem vel et.','2018-07-20 07:47:50','2018-10-09 13:43:11','2018-10-09 13:43:11',NULL),(93,11,2,'Non omnis enim impedit aliquam cupiditate. Facilis quo minus dolor. Soluta mollitia corrupti magnam odit adipisci. Consequatur perferendis voluptas corporis recusandae repudiandae.','2018-10-04 18:52:11','2018-10-09 13:43:11','2018-10-09 13:43:11',NULL),(94,6,6,'Quisquam porro nam excepturi odit eius voluptatum officia. Eligendi totam temporibus tempora et facilis dignissimos minima. Odit modi possimus eveniet ipsam culpa.','2018-08-20 14:13:47','2018-10-09 13:43:11','2018-10-09 13:43:11',NULL),(95,12,3,'Ipsam esse soluta dolore magni. Illum ex eveniet enim quidem amet voluptatem perspiciatis consequatur.','2018-09-30 02:06:58','2018-10-09 13:43:11','2018-10-09 13:43:11',NULL),(96,10,5,'Dolores velit repellendus blanditiis perferendis officia quisquam. Sunt blanditiis maiores et aliquam nihil enim atque voluptas. Eaque modi natus hic aliquid corporis est.','2018-09-28 14:58:49','2018-10-09 13:43:11','2018-10-09 13:43:11',NULL),(97,8,4,'Aut ut et sunt consectetur. Distinctio aliquid voluptatibus commodi vero sint dolores numquam. Labore quae earum nihil recusandae. Voluptatem similique id magnam.','2018-07-02 15:57:35','2018-10-09 13:43:11','2018-10-09 13:43:11',NULL),(98,20,4,'Maxime dignissimos voluptatem accusantium illum perferendis suscipit totam. Suscipit dolore ut eos voluptatem reiciendis soluta. Tempore maiores eius voluptatem ut aspernatur.','2018-08-12 03:24:08','2018-10-09 13:43:11','2018-10-09 13:43:11',NULL),(99,16,4,'Asperiores quisquam nobis animi consequatur eligendi laudantium voluptatem. Aut et vel fugiat fuga. In rerum maxime consequuntur iusto ipsa. Harum nemo laborum cupiditate sint.','2018-09-08 22:15:26','2018-10-09 13:43:11','2018-10-09 13:43:11',NULL),(100,13,5,'Vel tempore et eius fugit nihil sunt sequi sed. Quibusdam sequi voluptate ea. Incidunt aspernatur impedit nisi odit nisi officia. Reiciendis aperiam est nobis ipsa rerum magnam nobis.','2018-09-16 23:57:24','2018-10-09 13:43:11','2018-10-09 13:43:11',NULL);
/*!40000 ALTER TABLE `project_comments` ENABLE KEYS */;
UNLOCK TABLES;

--
-- Table structure for table `project_tags`
--

DROP TABLE IF EXISTS `project_tags`;
/*!40101 SET @saved_cs_client     = @@character_set_client */;
/*!40101 SET character_set_client = utf8 */;
CREATE TABLE `project_tags` (
  `project_id` int(11) NOT NULL,
  `tag_id` int(11) NOT NULL,
  PRIMARY KEY (`project_id`,`tag_id`),
  KEY `IDX_562D5C3E166D1F9C` (`project_id`),
  KEY `IDX_562D5C3EBAD26311` (`tag_id`),
  CONSTRAINT `FK_562D5C3E166D1F9C` FOREIGN KEY (`project_id`) REFERENCES `projects` (`id`) ON DELETE CASCADE,
  CONSTRAINT `FK_562D5C3EBAD26311` FOREIGN KEY (`tag_id`) REFERENCES `tags` (`id`) ON DELETE CASCADE
) ENGINE=InnoDB DEFAULT CHARSET=utf8 COLLATE=utf8_unicode_ci;
/*!40101 SET character_set_client = @saved_cs_client */;

--
-- Dumping data for table `project_tags`
--

LOCK TABLES `project_tags` WRITE;
/*!40000 ALTER TABLE `project_tags` DISABLE KEYS */;
/*!40000 ALTER TABLE `project_tags` ENABLE KEYS */;
UNLOCK TABLES;

--
-- Table structure for table `projects`
--

DROP TABLE IF EXISTS `projects`;
/*!40101 SET @saved_cs_client     = @@character_set_client */;
/*!40101 SET character_set_client = utf8 */;
CREATE TABLE `projects` (
  `id` int(11) NOT NULL AUTO_INCREMENT,
  `old_customer_id` int(11) DEFAULT NULL,
  `rate_group_id` int(11) DEFAULT NULL,
  `project_category_id` int(11) DEFAULT NULL,
  `accountant_id` int(11) DEFAULT NULL,
  `customer_id` int(11) DEFAULT NULL,
  `address_id` int(11) DEFAULT NULL,
  `user_id` int(11) DEFAULT NULL,
  `name` varchar(255) COLLATE utf8_unicode_ci NOT NULL,
  `alias` varchar(30) COLLATE utf8_unicode_ci NOT NULL,
  `started_at` datetime DEFAULT NULL,
  `stopped_at` datetime DEFAULT NULL,
  `deadline` datetime DEFAULT NULL,
  `description` longtext COLLATE utf8_unicode_ci,
  `budget_price` varchar(255) COLLATE utf8_unicode_ci DEFAULT NULL COMMENT '(DC2Type:money)',
  `fixed_price` varchar(255) COLLATE utf8_unicode_ci DEFAULT NULL COMMENT '(DC2Type:money)',
  `budget_time` int(11) DEFAULT NULL,
  `chargeable` tinyint(1) DEFAULT NULL,
  `created_at` datetime NOT NULL,
  `updated_at` datetime NOT NULL,
  `deleted_at` datetime DEFAULT NULL,
  `archived` tinyint(1) NOT NULL,
  PRIMARY KEY (`id`),
  KEY `IDX_5C93B3A41FFA9C37` (`old_customer_id`),
  KEY `IDX_5C93B3A42983C9E6` (`rate_group_id`),
  KEY `IDX_5C93B3A4DA896A19` (`project_category_id`),
  KEY `IDX_5C93B3A49582AA74` (`accountant_id`),
  KEY `IDX_5C93B3A49395C3F3` (`customer_id`),
  KEY `IDX_5C93B3A4F5B7AF75` (`address_id`),
  KEY `IDX_5C93B3A4A76ED395` (`user_id`),
  CONSTRAINT `FK_5C93B3A41FFA9C37` FOREIGN KEY (`old_customer_id`) REFERENCES `customers` (`id`) ON DELETE SET NULL,
  CONSTRAINT `FK_5C93B3A42983C9E6` FOREIGN KEY (`rate_group_id`) REFERENCES `rate_groups` (`id`) ON DELETE SET NULL,
  CONSTRAINT `FK_5C93B3A49395C3F3` FOREIGN KEY (`customer_id`) REFERENCES `Customer` (`id`) ON DELETE SET NULL,
  CONSTRAINT `FK_5C93B3A49582AA74` FOREIGN KEY (`accountant_id`) REFERENCES `users` (`id`) ON DELETE SET NULL,
  CONSTRAINT `FK_5C93B3A4A76ED395` FOREIGN KEY (`user_id`) REFERENCES `users` (`id`) ON DELETE SET NULL,
  CONSTRAINT `FK_5C93B3A4DA896A19` FOREIGN KEY (`project_category_id`) REFERENCES `project_categories` (`id`) ON DELETE SET NULL,
  CONSTRAINT `FK_5C93B3A4F5B7AF75` FOREIGN KEY (`address_id`) REFERENCES `addresses` (`id`) ON DELETE SET NULL
) ENGINE=InnoDB AUTO_INCREMENT=24 DEFAULT CHARSET=utf8 COLLATE=utf8_unicode_ci;
/*!40101 SET character_set_client = @saved_cs_client */;

--
-- Dumping data for table `projects`
--

LOCK TABLES `projects` WRITE;
/*!40000 ALTER TABLE `projects` DISABLE KEYS */;
INSERT INTO `projects` VALUES (1,NULL,1,1,7,36,11,2,'Büro','project-1','2017-08-19 08:10:24','2018-04-28 20:12:48',NULL,'Eine Beschreibung zum Büro Projekt',NULL,NULL,NULL,1,'2018-10-09 13:43:11','2018-10-09 13:43:11',NULL,0),(2,NULL,2,1,10,30,13,5,'Test Project 2','test-project-2','2017-09-27 01:08:08','2018-04-14 14:30:14',NULL,'Ducimus vitae quam omnis ea dolores odio. Est officia voluptatibus corrupti commodi deserunt minima reprehenderit laborum. Molestiae aut numquam a harum. Quod expedita laudantium qui ipsa. Sunt ut officia est rerum. Autem voluptatem perspiciatis eius.','CHF 4637600','CHF 4637600',NULL,0,'2018-10-09 13:43:11','2018-10-09 13:43:11',NULL,0),(3,NULL,2,6,24,27,15,5,'Test Project 3','test-project-3','2018-02-06 23:52:31','2018-08-28 05:26:55',NULL,'Occaecati ut et soluta sequi. Dignissimos omnis eveniet et nihil. Dolores consectetur quo illo molestiae quis et. Perspiciatis aspernatur nemo officia debitis.','CHF 495700','CHF 495700',NULL,0,'2018-10-09 13:43:11','2018-10-09 13:43:11',NULL,0),(4,NULL,2,3,26,28,13,5,'Test Project 4','test-project-4','2018-01-31 07:04:48','2018-06-17 01:11:00','2018-08-30 22:43:41','Perferendis enim id beatae consequuntur provident beatae culpa consequatur. Ducimus dignissimos est consequatur accusantium excepturi. Qui at et inventore voluptas.','CHF 5538400','CHF 5538400',NULL,1,'2018-10-09 13:43:11','2018-10-09 13:43:11',NULL,0),(5,NULL,1,8,16,32,13,5,'Test Project 5','test-project-5','2017-03-30 09:43:52','2018-03-29 06:10:32',NULL,'Sed iure quia illo neque omnis possimus numquam. Officiis dolor mollitia repudiandae velit velit sit aut temporibus. Occaecati consectetur eos expedita tempora deserunt molestias quod. Repellendus voluptatum perferendis totam esse.','CHF 2530300','CHF 2530300',NULL,1,'2018-10-09 13:43:11','2018-10-09 13:43:11',NULL,0),(6,NULL,1,1,8,34,13,5,'Test Project 6','test-project-6','2017-10-13 21:41:34','2018-10-04 19:10:15','2018-09-13 11:20:58','Aut et totam cupiditate odio asperiores perspiciatis saepe. Natus optio qui ipsam similique quaerat. Perspiciatis et placeat autem. Maiores et et ut beatae rerum assumenda et. Sed ipsa nam minus qui recusandae nam.','CHF 1160700','CHF 1160700',NULL,0,'2018-10-09 13:43:11','2018-10-09 13:43:11',NULL,0),(7,NULL,1,9,23,29,17,5,'Test Project 7','test-project-7','2017-12-14 05:50:35','2018-04-12 22:47:28','2018-09-26 19:39:21','Velit dolores expedita optio quos quia molestiae. Enim maxime tempore mollitia dolorem vel. Placeat error dolor assumenda enim aperiam.','CHF 548900','CHF 548900',NULL,1,'2018-10-09 13:43:11','2018-10-09 13:43:11',NULL,0),(8,NULL,1,6,14,26,14,2,'Test Project 8','test-project-8','2017-02-24 04:45:05','2018-06-10 02:04:00',NULL,'Aut et molestias culpa et. Est ut qui fugit sed saepe maxime. Cupiditate nemo rem repellat voluptas. Molestiae neque culpa eveniet sint provident magni.','CHF 7027400','CHF 7027400',NULL,1,'2018-10-09 13:43:11','2018-10-09 13:43:11',NULL,0),(9,NULL,2,2,21,27,13,3,'Test Project 9','test-project-9','2018-01-02 18:43:32','2018-07-20 07:32:35',NULL,'Unde est eaque et. Modi incidunt exercitationem et reiciendis vel facilis sed. Quo est laboriosam beatae et.','CHF 8326800','CHF 8326800',NULL,1,'2018-10-09 13:43:11','2018-10-09 13:43:11',NULL,0),(10,NULL,1,7,16,16,5,2,'Test Project 10','test-project-10','2018-02-18 10:03:09','2018-06-18 20:25:37','2018-09-08 02:40:48','Saepe nihil sit labore rem voluptas quasi aut. Ea libero veritatis rerum ad incidunt voluptatem facere. Dolore et at debitis reprehenderit sequi occaecati rerum. Mollitia occaecati et quod deserunt dignissimos repudiandae eos.','CHF 34545000',NULL,761,0,'2018-10-09 13:43:11','2018-10-09 13:43:11',NULL,0),(11,NULL,2,5,12,24,2,4,'Test Project 11','test-project-11','2016-12-21 10:55:50','2018-09-28 00:55:59',NULL,'Assumenda eaque vel modi nisi. Ipsum praesentium cumque officia id quidem commodi. Aut fuga praesentium et. Magnam soluta laudantium neque id sunt omnis.','CHF 79283400',NULL,197,1,'2018-10-09 13:43:11','2018-10-09 13:43:11',NULL,0),(12,NULL,2,10,12,3,3,2,'Test Project 12','test-project-12','2017-12-16 06:35:11','2018-03-29 11:00:26',NULL,'Labore sit a qui omnis doloribus pariatur. Est dignissimos cum autem nesciunt. Numquam aspernatur alias odio magni est. Asperiores optio adipisci corporis qui.','CHF 78959200',NULL,487,1,'2018-10-09 13:43:11','2018-10-09 13:43:11',NULL,0),(13,NULL,2,9,14,3,7,2,'Test Project 13','test-project-13','2017-11-19 15:30:10','2018-06-22 16:54:24',NULL,'Laboriosam quia possimus sed veritatis. Dolorem assumenda necessitatibus blanditiis veniam voluptatem enim accusamus magni. Maiores reiciendis autem inventore harum animi ea nihil. Sed rerum perferendis aut saepe et nostrum consectetur.','CHF 88825600',NULL,500,1,'2018-10-09 13:43:11','2018-10-09 13:43:11',NULL,0),(14,NULL,1,4,14,6,5,6,'Test Project 14','test-project-14','2017-03-08 16:28:03','2018-06-17 03:15:32','2018-08-21 17:54:31','Dicta sunt accusamus et occaecati similique voluptas. Dignissimos sit aut repellendus est voluptas. Autem non ut fuga.','CHF 49916200',NULL,622,1,'2018-10-09 13:43:11','2018-10-09 13:43:11',NULL,0),(15,NULL,1,9,8,16,5,5,'Test Project 15','test-project-15','2017-07-27 02:38:40','2018-07-02 10:43:16',NULL,'Nulla consequatur occaecati sit dolores et est quia ex. Et explicabo libero placeat ex aperiam ea. Facilis enim omnis consectetur nihil ipsum velit labore. Totam ad ut consequuntur. Veniam minima a numquam sed repellat ea atque.','CHF 44848000',NULL,439,0,'2018-10-09 13:43:11','2018-10-09 13:43:11',NULL,0),(16,NULL,2,1,25,4,9,4,'Test Project 16','test-project-16','2017-03-31 02:28:37','2018-08-10 20:22:27',NULL,'Qui cum maiores voluptate aperiam. Aut at natus voluptas est aut placeat. Optio itaque qui vel qui quasi autem.','CHF 34315000',NULL,220,1,'2018-10-09 13:43:11','2018-10-09 13:43:11',NULL,0),(17,NULL,1,9,20,21,10,5,'Test Project 17','test-project-17','2017-06-27 23:06:15','2018-04-10 18:20:55','2018-09-08 11:47:09','Hic et fuga expedita est id dolor. Officia perspiciatis autem et et et nihil officia. Sed et pariatur et sapiente beatae ut hic. Quo et culpa minus aut harum.','CHF 80049300',NULL,764,1,'2018-10-09 13:43:11','2018-10-09 13:43:11',NULL,0),(18,NULL,1,8,26,20,4,4,'Test Project 18','test-project-18','2017-09-01 15:56:03','2018-07-12 07:30:18',NULL,'Eligendi id mollitia sit accusamus architecto eius. Quisquam molestiae incidunt a aut tempore eos quam. Ducimus accusamus id molestias labore. Error consequatur modi et vel assumenda.','CHF 64775600',NULL,967,1,'2018-10-09 13:43:11','2018-10-09 13:43:11',NULL,0),(19,NULL,1,8,10,7,7,4,'Test Project 19','test-project-19','2017-10-28 11:50:55','2018-09-27 05:24:03',NULL,'Consequatur ullam temporibus quia et in dolorem. Id enim aspernatur sed est voluptatem officia. Velit laboriosam ut eum nulla ea ut error.','CHF 50231500',NULL,161,0,'2018-10-09 13:43:11','2018-10-09 13:43:11',NULL,0),(20,NULL,1,10,14,8,8,4,'Test Project 20','test-project-20','2017-09-19 05:54:30','2018-07-29 03:36:28',NULL,'Rerum quis accusamus sed minus culpa. Est non architecto blanditiis temporibus quibusdam libero eveniet. Iusto vero praesentium quam vitae aut. Est nam quae debitis ut quia eum.','CHF 29325900',NULL,813,1,'2018-10-09 13:43:11','2018-10-09 13:43:11',NULL,0),(21,NULL,1,6,21,36,11,5,'Test Project Move source','test-project-move-source','2017-01-19 07:38:12','2018-07-31 17:42:44','2018-09-05 19:02:14','Ut ad sint pariatur. Et sint sunt et aspernatur sapiente necessitatibus. Tempora laborum doloribus impedit eaque aliquam.','CHF 96747200',NULL,83,1,'2018-10-09 13:43:11','2018-10-09 13:43:11',NULL,0),(22,NULL,1,1,17,36,11,2,'Test Project Move target','test-project-move-target','2017-08-22 12:35:27','2018-04-05 05:04:13',NULL,'Consequatur autem quia adipisci rem dolores et. Velit in fugit doloribus numquam amet dolor temporibus. Ducimus ipsam quo cum corrupti rerum consequatur ea. Et voluptatibus aut voluptatem et. Neque quos ut qui saepe in.','CHF 98490600',NULL,65,1,'2018-10-09 13:43:11','2018-10-09 13:43:11',NULL,0),(23,NULL,1,3,26,13,9,2,'Dime Ferien','dime-ferien','2017-03-21 12:34:28','2018-06-27 03:04:01','2018-09-13 20:07:14','Vel voluptas non voluptas iure et. Quidem dicta fugit similique voluptatem ratione. Rerum temporibus voluptas maxime vel non ea. Quisquam et dolor et recusandae exercitationem velit. Ipsa sit tempore quia atque natus.','CHF 95189500',NULL,443,1,'2018-10-09 13:43:11','2018-10-09 13:43:11',NULL,0);
/*!40000 ALTER TABLE `projects` ENABLE KEYS */;
UNLOCK TABLES;

--
-- Table structure for table `rate_groups`
--

DROP TABLE IF EXISTS `rate_groups`;
/*!40101 SET @saved_cs_client     = @@character_set_client */;
/*!40101 SET character_set_client = utf8 */;
CREATE TABLE `rate_groups` (
  `id` int(11) NOT NULL AUTO_INCREMENT,
  `user_id` int(11) DEFAULT NULL,
  `description` longtext COLLATE utf8_unicode_ci,
  `name` varchar(255) COLLATE utf8_unicode_ci NOT NULL,
  `created_at` datetime NOT NULL,
  `updated_at` datetime NOT NULL,
  PRIMARY KEY (`id`),
  KEY `IDX_529A081BA76ED395` (`user_id`),
  CONSTRAINT `FK_529A081BA76ED395` FOREIGN KEY (`user_id`) REFERENCES `users` (`id`) ON DELETE SET NULL
) ENGINE=InnoDB AUTO_INCREMENT=3 DEFAULT CHARSET=utf8 COLLATE=utf8_unicode_ci;
/*!40101 SET character_set_client = @saved_cs_client */;

--
-- Dumping data for table `rate_groups`
--

LOCK TABLES `rate_groups` WRITE;
/*!40000 ALTER TABLE `rate_groups` DISABLE KEYS */;
INSERT INTO `rate_groups` VALUES (1,1,'Tarifgruppe für kantonale Einsätze','Kanton','2018-10-09 13:43:11','2018-10-09 13:43:11'),(2,5,'Tarifgruppe für die restlichen Einsätze','Gemeinde und Private','2018-10-09 13:43:11','2018-10-09 13:43:11');
/*!40000 ALTER TABLE `rate_groups` ENABLE KEYS */;
UNLOCK TABLES;

--
-- Table structure for table `rates`
--

DROP TABLE IF EXISTS `rates`;
/*!40101 SET @saved_cs_client     = @@character_set_client */;
/*!40101 SET character_set_client = utf8 */;
CREATE TABLE `rates` (
  `id` int(11) NOT NULL AUTO_INCREMENT,
  `rate_group_id` int(11) DEFAULT NULL,
  `service_id` int(11) DEFAULT NULL,
  `user_id` int(11) DEFAULT NULL,
  `rate_unit` longtext COLLATE utf8_unicode_ci,
  `rate_value` varchar(255) COLLATE utf8_unicode_ci DEFAULT NULL COMMENT '(DC2Type:money)',
  `created_at` datetime NOT NULL,
  `updated_at` datetime NOT NULL,
  `rateUnitType_id` varchar(255) COLLATE utf8_unicode_ci DEFAULT NULL,
  PRIMARY KEY (`id`),
  KEY `IDX_44D4AB3C2983C9E6` (`rate_group_id`),
  KEY `IDX_44D4AB3C2BE78CCE` (`rateUnitType_id`),
  KEY `IDX_44D4AB3CED5CA9E6` (`service_id`),
  KEY `IDX_44D4AB3CA76ED395` (`user_id`),
  CONSTRAINT `FK_44D4AB3C2983C9E6` FOREIGN KEY (`rate_group_id`) REFERENCES `rate_groups` (`id`) ON DELETE SET NULL,
  CONSTRAINT `FK_44D4AB3C2BE78CCE` FOREIGN KEY (`rateUnitType_id`) REFERENCES `rateunittypes` (`id`),
  CONSTRAINT `FK_44D4AB3CA76ED395` FOREIGN KEY (`user_id`) REFERENCES `users` (`id`) ON DELETE SET NULL,
  CONSTRAINT `FK_44D4AB3CED5CA9E6` FOREIGN KEY (`service_id`) REFERENCES `services` (`id`)
) ENGINE=InnoDB AUTO_INCREMENT=22 DEFAULT CHARSET=utf8 COLLATE=utf8_unicode_ci;
/*!40101 SET character_set_client = @saved_cs_client */;

--
-- Dumping data for table `rates`
--

LOCK TABLES `rates` WRITE;
/*!40000 ALTER TABLE `rates` DISABLE KEYS */;
INSERT INTO `rates` VALUES (1,1,1,2,'CHF/h','CHF 10000','2018-10-09 13:43:11','2018-10-09 13:43:11','h'),(2,1,16,6,'CHF/h','CHF 8100','2018-10-09 13:43:11','2018-10-09 13:43:11','h'),(3,2,21,2,'CHF/h','CHF 10300','2018-10-09 13:43:11','2018-10-09 13:43:11','h'),(4,1,20,5,'CHF/h','CHF 18000','2018-10-09 13:43:11','2018-10-09 13:43:11','h'),(5,2,18,3,'CHF/h','CHF 8100','2018-10-09 13:43:11','2018-10-09 13:43:11','h'),(6,1,21,2,'CHF/h','CHF 2800','2018-10-09 13:43:11','2018-10-09 13:43:11','h'),(7,1,40,5,'CHF/d','CHF 10800','2018-10-09 13:43:11','2018-10-09 13:43:11','t'),(8,2,40,4,'CHF/d','CHF 1500','2018-10-09 13:43:11','2018-10-09 13:43:11','t'),(9,1,41,2,'CHF/d','CHF 3100','2018-10-09 13:43:11','2018-10-09 13:43:11','t'),(10,1,41,3,'CHF/d','CHF 7600','2018-10-09 13:43:11','2018-10-09 13:43:11','t'),(11,1,39,3,'CHF/d','CHF 16900','2018-10-09 13:43:11','2018-10-09 13:43:11','t'),(12,2,61,5,'Einheit','CHF 18500','2018-10-09 13:43:11','2018-10-09 13:43:11','a'),(13,2,61,4,'Einheit','CHF 5500','2018-10-09 13:43:11','2018-10-09 13:43:11','a'),(14,2,54,6,'Km','CHF 13700','2018-10-09 13:43:11','2018-10-09 13:43:11','a'),(15,2,59,4,'Pauschal','CHF 18300','2018-10-09 13:43:11','2018-10-09 13:43:11','a'),(16,2,60,2,'Km','CHF 6000','2018-10-09 13:43:11','2018-10-09 13:43:11','a'),(17,1,79,3,'Pauschal','CHF 10700','2018-10-09 13:43:11','2018-10-09 13:43:11','a'),(18,1,81,3,'Pauschal','CHF 14500','2018-10-09 13:43:11','2018-10-09 13:43:11','a'),(19,2,81,3,'Pauschal','CHF 18300','2018-10-09 13:43:11','2018-10-09 13:43:11','a'),(20,1,73,4,'Pauschal','CHF 2700','2018-10-09 13:43:11','2018-10-09 13:43:11','a'),(21,1,80,6,'Pauschal','CHF 6700','2018-10-09 13:43:11','2018-10-09 13:43:11','a');
/*!40000 ALTER TABLE `rates` ENABLE KEYS */;
UNLOCK TABLES;

--
-- Table structure for table `rateunittypes`
--

DROP TABLE IF EXISTS `rateunittypes`;
/*!40101 SET @saved_cs_client     = @@character_set_client */;
/*!40101 SET character_set_client = utf8 */;
CREATE TABLE `rateunittypes` (
  `id` varchar(255) COLLATE utf8_unicode_ci NOT NULL,
  `user_id` int(11) DEFAULT NULL,
  `name` varchar(255) COLLATE utf8_unicode_ci DEFAULT NULL,
  `doTransform` tinyint(1) NOT NULL,
  `factor` decimal(10,3) DEFAULT NULL,
  `scale` int(11) NOT NULL,
  `roundMode` int(11) NOT NULL,
  `symbol` varchar(255) COLLATE utf8_unicode_ci DEFAULT NULL,
  `created_at` datetime NOT NULL,
  `updated_at` datetime NOT NULL,
  PRIMARY KEY (`id`),
  KEY `IDX_71C44DB0A76ED395` (`user_id`),
  CONSTRAINT `FK_71C44DB0A76ED395` FOREIGN KEY (`user_id`) REFERENCES `users` (`id`) ON DELETE SET NULL
) ENGINE=InnoDB DEFAULT CHARSET=utf8 COLLATE=utf8_unicode_ci;
/*!40101 SET character_set_client = @saved_cs_client */;

--
-- Dumping data for table `rateunittypes`
--

LOCK TABLES `rateunittypes` WRITE;
/*!40000 ALTER TABLE `rateunittypes` DISABLE KEYS */;
INSERT INTO `rateunittypes` VALUES ('a',3,'Anderes',0,1.000,3,1,'a','2018-10-09 13:43:11','2018-10-09 13:43:11'),('h',5,'Stunden',1,3600.000,2,1,'h','2018-10-09 13:43:11','2018-10-09 13:43:11'),('m',4,'Minuten',1,60.000,2,1,'m','2018-10-09 13:43:11','2018-10-09 13:43:11'),('t',2,'Tage',1,30240.000,2,1,'d','2018-10-09 13:43:11','2018-10-09 13:43:11'),('zt',6,'Zivitage',1,30240.000,2,1,'zt','2018-10-09 13:43:11','2018-10-09 13:43:11');
/*!40000 ALTER TABLE `rateunittypes` ENABLE KEYS */;
UNLOCK TABLES;

--
-- Table structure for table `service_tags`
--

DROP TABLE IF EXISTS `service_tags`;
/*!40101 SET @saved_cs_client     = @@character_set_client */;
/*!40101 SET character_set_client = utf8 */;
CREATE TABLE `service_tags` (
  `service_id` int(11) NOT NULL,
  `tag_id` int(11) NOT NULL,
  PRIMARY KEY (`service_id`,`tag_id`),
  KEY `IDX_A1FF20CAED5CA9E6` (`service_id`),
  KEY `IDX_A1FF20CABAD26311` (`tag_id`),
  CONSTRAINT `FK_A1FF20CABAD26311` FOREIGN KEY (`tag_id`) REFERENCES `tags` (`id`) ON DELETE CASCADE,
  CONSTRAINT `FK_A1FF20CAED5CA9E6` FOREIGN KEY (`service_id`) REFERENCES `services` (`id`) ON DELETE CASCADE
) ENGINE=InnoDB DEFAULT CHARSET=utf8 COLLATE=utf8_unicode_ci;
/*!40101 SET character_set_client = @saved_cs_client */;

--
-- Dumping data for table `service_tags`
--

LOCK TABLES `service_tags` WRITE;
/*!40000 ALTER TABLE `service_tags` DISABLE KEYS */;
/*!40000 ALTER TABLE `service_tags` ENABLE KEYS */;
UNLOCK TABLES;

--
-- Table structure for table `services`
--

DROP TABLE IF EXISTS `services`;
/*!40101 SET @saved_cs_client     = @@character_set_client */;
/*!40101 SET character_set_client = utf8 */;
CREATE TABLE `services` (
  `id` int(11) NOT NULL AUTO_INCREMENT,
  `user_id` int(11) DEFAULT NULL,
  `name` varchar(255) COLLATE utf8_unicode_ci DEFAULT NULL,
  `alias` varchar(30) COLLATE utf8_unicode_ci NOT NULL,
  `description` longtext COLLATE utf8_unicode_ci,
  `chargeable` tinyint(1) NOT NULL,
  `vat` decimal(10,4) DEFAULT NULL,
  `created_at` datetime NOT NULL,
  `updated_at` datetime NOT NULL,
  `deleted_at` datetime DEFAULT NULL,
  `archived` tinyint(1) NOT NULL,
  PRIMARY KEY (`id`),
  UNIQUE KEY `unique_service_alias_user` (`alias`,`user_id`),
  KEY `IDX_7332E169A76ED395` (`user_id`),
  CONSTRAINT `FK_7332E169A76ED395` FOREIGN KEY (`user_id`) REFERENCES `users` (`id`) ON DELETE SET NULL
) ENGINE=InnoDB AUTO_INCREMENT=82 DEFAULT CHARSET=utf8 COLLATE=utf8_unicode_ci;
/*!40101 SET character_set_client = @saved_cs_client */;

--
-- Dumping data for table `services`
--

LOCK TABLES `services` WRITE;
/*!40000 ALTER TABLE `services` DISABLE KEYS */;
INSERT INTO `services` VALUES (1,2,'consulting','consulting','This is a detailed description',1,0.0800,'2018-10-09 13:43:11','2018-10-09 13:43:11',NULL,0),(2,2,'voluptas','veritatis-molestias-est-in-sed','Cum ducimus vitae quam omnis ea. Odio quis est officia voluptatibus corrupti commodi. Minima reprehenderit laborum cumque molestiae aut numquam. Aliquam est quod expedita laudantium qui ipsa ratione. Ut officia est rerum reprehenderit autem voluptatem.',1,0.0800,'2018-10-09 13:43:11','2018-10-09 13:43:11',NULL,0),(3,5,'nihil','est-sit-suscipit-libero-nisi','Quo totam quia doloremque numquam itaque. Voluptas quidem dolorum neque repudiandae. Non dolor voluptatibus nihil occaecati ut. Soluta sequi ut dignissimos omnis eveniet et nihil.',1,0.0800,'2018-10-09 13:43:11','2018-10-09 13:43:11',NULL,0),(4,4,'ullam','repellat-qui-ipsum-sit-illum','Doloremque quia commodi modi quia culpa corrupti autem. Perferendis enim id beatae consequuntur provident beatae culpa consequatur. Ducimus dignissimos est consequatur accusantium excepturi. Qui at et inventore voluptas.',1,0.0250,'2018-10-09 13:43:11','2018-10-09 13:43:11',NULL,0),(5,4,'qui','tempore-molestias-expedita-fug','Quia illo neque omnis possimus numquam nostrum. Dolor mollitia repudiandae velit velit sit aut temporibus. Occaecati consectetur eos expedita tempora deserunt molestias quod. Repellendus voluptatum perferendis totam esse.',1,0.0800,'2018-10-09 13:43:11','2018-10-09 13:43:11',NULL,0),(6,3,'harum','saepe-nihil-mollitia-consequat','Odio asperiores perspiciatis saepe et natus optio qui. Similique quaerat commodi perspiciatis et placeat autem ratione. Et et ut beatae rerum.',1,0.0250,'2018-10-09 13:43:11','2018-10-09 13:43:11',NULL,0),(7,5,'nihil','ratione-ea-aperiam-quae-nam-id','Quis sed autem et velit dolores expedita optio quos. Molestiae dignissimos enim maxime tempore mollitia dolorem. In placeat error dolor assumenda enim aperiam sequi. Illo aut quod exercitationem numquam quia.',1,0.0250,'2018-10-09 13:43:11','2018-10-09 13:43:11',NULL,0),(8,5,'dicta','aut-culpa-illo-quisquam-accusa','Et molestias culpa et facilis est ut. Fugit sed saepe maxime nobis ut cupiditate. Rem repellat voluptas dignissimos molestiae neque culpa.',0,0.0800,'2018-10-09 13:43:11','2018-10-09 13:43:11',NULL,0),(9,6,'aut','accusantium-voluptatem-adipisc','Autem unde est eaque et. Modi incidunt exercitationem et reiciendis vel facilis sed. Quo est laboriosam beatae et.',1,0.0250,'2018-10-09 13:43:11','2018-10-09 13:43:11',NULL,0),(10,6,'qui','natus-quidem-enim-voluptatum-l','Sit labore rem voluptas quasi aut. Ea libero veritatis rerum ad incidunt voluptatem facere. Dolore et at debitis reprehenderit sequi occaecati rerum.',1,0.0800,'2018-10-09 13:43:11','2018-10-09 13:43:11',NULL,0),(11,5,'eveniet','non-qui-soluta-repellendus-nat','Fuga ipsum praesentium cumque officia id quidem commodi. Aut fuga praesentium et. Magnam soluta laudantium neque id sunt omnis. Error omnis voluptates ea in. Ut tempore modi molestiae aperiam.',1,0.0800,'2018-10-09 13:43:11','2018-10-09 13:43:11',NULL,0),(12,3,'error','labore-sit-a-qui-omnis-dolorib','Cum autem nesciunt et numquam aspernatur. Odio magni est voluptatum. Optio adipisci corporis qui quis molestiae corporis. Adipisci quibusdam reprehenderit omnis voluptas.',1,0.0800,'2018-10-09 13:43:11','2018-10-09 13:43:11',NULL,0),(13,6,'quia','sed-veritatis-molestiae-dolore','Magni quia maiores reiciendis autem inventore. Animi ea nihil est sed rerum perferendis. Saepe et nostrum consectetur eos odit est dolorem facere. A recusandae ut quibusdam sit enim. Quibusdam rerum vero eos atque voluptatem debitis ut autem.',1,0.0250,'2018-10-09 13:43:11','2018-10-09 13:43:11',NULL,0),(14,6,'non','fuga-voluptatibus-atque-dolore','Qui incidunt molestias maxime adipisci et saepe. Ipsum sed aperiam rerum. Animi necessitatibus necessitatibus facilis quam aut. Harum reiciendis magnam voluptatum neque.',1,0.0800,'2018-10-09 13:43:11','2018-10-09 13:43:11',NULL,0),(15,4,'consectetur','ipsum-velit-labore-sit-tenetur','Corporis veniam minima a numquam. Repellat ea atque veniam pariatur quos nulla ipsa dolorem. Eum eum necessitatibus et aut explicabo voluptatem.',1,0.0250,'2018-10-09 13:43:11','2018-10-09 13:43:11',NULL,0),(16,2,'voluptas','voluptatum-qui-neque-sequi','Voluptate aperiam et aut at natus voluptas est aut. Odio optio itaque qui vel qui quasi. Molestias quis odit sapiente aliquid veritatis est fuga.',1,0.0800,'2018-10-09 13:43:11','2018-10-09 13:43:11',NULL,0),(17,4,'quia','sit-qui-rem-enim-eos','Maxime hic et fuga expedita est id dolor. Officia perspiciatis autem et et et nihil officia. Sed et pariatur et sapiente beatae ut hic.',1,0.0250,'2018-10-09 13:43:11','2018-10-09 13:43:11',NULL,0),(18,5,'eius','distinctio-asperiores-laborum-','Iure eaque aliquam qui consequatur neque ut debitis. Explicabo id enim ab. Non quia fuga ducimus tempore necessitatibus. Placeat et aut laborum eligendi. Mollitia sit accusamus architecto eius.',0,0.0800,'2018-10-09 13:43:11','2018-10-09 13:43:11',NULL,0),(19,2,'iste','occaecati-voluptatem-rerum-opt','At modi assumenda et tempore ex. Vel quasi facilis eveniet repellat facere cupiditate sed rem.',1,0.0800,'2018-10-09 13:43:11','2018-10-09 13:43:11',NULL,0),(20,2,'velit','dignissimos-est-enim-tenetur','Commodi quis sit eveniet accusamus dolor. Voluptatum cum veniam tempora blanditiis sit vero quo. Quo laudantium necessitatibus et pariatur nesciunt ut tempora. Hic velit rerum quis accusamus sed.',1,0.0800,'2018-10-09 13:43:11','2018-10-09 13:43:11',NULL,0),(21,2,'consequatur','maxime-soluta-modi-eveniet-est','Molestias provident totam voluptatibus cumque. Fuga voluptas cupiditate voluptas sit sit incidunt aliquid libero. Temporibus ut ad sint pariatur eos. Sint sunt et aspernatur sapiente necessitatibus blanditiis tempora laborum.',1,0.0250,'2018-10-09 13:43:11','2018-10-09 13:43:11',NULL,0),(22,5,'exercitationem','amet-quia-molestiae-ad-est-fac','Esse et soluta ab voluptatem odio dicta. A vel totam minus rerum harum consequatur autem. Adipisci rem dolores et. Velit in fugit doloribus numquam amet dolor temporibus.',1,0.0800,'2018-10-09 13:43:11','2018-10-09 13:43:11',NULL,0),(23,3,'similique','omnis-sed-ullam-ut-deserunt-ma','Eaque ut distinctio quo. Est ratione rerum ipsa culpa voluptatem eos. Quia adipisci amet consequatur dolorum. Consequatur quasi perferendis provident dicta sed esse dolorum.',1,0.0250,'2018-10-09 13:43:11','2018-10-09 13:43:11',NULL,0),(24,6,'et','exercitationem-velit-est-ipsa-','Natus aut est nesciunt aliquam aspernatur. Pariatur modi illo sit accusantium. Est quia sequi nostrum.',1,0.0250,'2018-10-09 13:43:11','2018-10-09 13:43:11',NULL,0),(25,4,'eos','dolorem-qui-cupiditate-perspic','Error molestias rerum iusto quia. Eum molestiae optio doloribus. Est quidem dolores et magni voluptatem temporibus. Repellat officia ratione voluptatem similique qui ipsam itaque.',1,0.0250,'2018-10-09 13:43:11','2018-10-09 13:43:11',NULL,0),(26,3,'et','aut-dignissimos-quia-repudiand','Sint nihil rerum in eaque. Modi optio qui ut nisi. Similique nulla et possimus deserunt.',1,0.0250,'2018-10-09 13:43:11','2018-10-09 13:43:11',NULL,0),(27,3,'minima','cum-ut-et-eius-ut-et-vel-a','Ut vel eum quasi ut est molestiae error minus. Neque repudiandae quae non ad eos. Voluptatem sunt pariatur nulla. Dolor at soluta molestias autem sed et sunt. Velit aut sint voluptatibus ipsa ipsum omnis consequatur.',1,0.0800,'2018-10-09 13:43:11','2018-10-09 13:43:11',NULL,0),(28,2,'expedita','sint-pariatur-in-eaque','Delectus doloribus perspiciatis aspernatur dolor ut. Est repudiandae quis modi quo maxime voluptates suscipit.',1,0.0250,'2018-10-09 13:43:11','2018-10-09 13:43:11',NULL,0),(29,4,'quae','qui-nobis-asperiores-corporis-','Odit quo et omnis. Eaque dolorem beatae quasi ipsa vel. Ad voluptatem illum eum eligendi reprehenderit. Quas non et fugiat animi quibusdam labore.',1,0.0800,'2018-10-09 13:43:11','2018-10-09 13:43:11',NULL,0),(30,5,'eaque','cumque-ullam-velit-ab-qui-minu','Perferendis dicta esse porro aut. Et et quia et enim dolor praesentium optio eveniet. Laborum sed nesciunt quisquam nihil magni eaque nostrum facere. Ipsam et id amet distinctio molestiae non. Sequi excepturi et deleniti asperiores quia.',1,0.0800,'2018-10-09 13:43:11','2018-10-09 13:43:11',NULL,0),(31,3,'iure','nemo-vel-vel-sequi-aut-aliquam','Impedit aut aliquam nisi quia. Pariatur inventore impedit tempora non eos mollitia fugit. Provident non et necessitatibus sit repudiandae dolorum magnam.',1,0.0800,'2018-10-09 13:43:11','2018-10-09 13:43:11',NULL,0),(32,3,'eaque','quasi-sit-nam-qui-id','Aliquam minima corporis aut sequi qui consectetur quo. Provident aperiam vel impedit quos. Nesciunt odit esse repellat aliquid animi. Quia error libero nostrum quas illum quia.',1,0.0250,'2018-10-09 13:43:11','2018-10-09 13:43:11',NULL,0),(33,6,'qui','repellendus-dolor-vitae-illo-m','Consequatur commodi odit qui doloribus a. Et veritatis esse dolorem cumque sunt. Minus accusamus laudantium possimus laboriosam optio et.',0,0.0250,'2018-10-09 13:43:11','2018-10-09 13:43:11',NULL,0),(34,6,'est','accusamus-optio-enim-in-eaque-','Quis voluptatem cum dicta quod totam nam. Vel quasi molestiae consequatur vero expedita autem. Quia velit quo impedit est. Praesentium sit quis dolorem. Voluptatum ut rerum excepturi a repellendus ex et praesentium. Eum sint dolorem in.',0,0.0250,'2018-10-09 13:43:11','2018-10-09 13:43:11',NULL,0),(35,2,'tenetur','sit-tempora-excepturi-officiis','Ex reprehenderit eum consequatur cum quod. Dolores voluptatum esse pariatur et molestias. Iusto quia delectus consectetur eveniet maxime. Cupiditate consectetur at quam officia mollitia eum consequatur corporis.',1,0.0800,'2018-10-09 13:43:11','2018-10-09 13:43:11',NULL,0),(36,6,'ducimus','sapiente-earum-quia-eius-quo-s','Soluta molestiae tempore et laboriosam sunt qui et. Tenetur qui nihil et. Voluptatum accusamus rem aut quia.',1,0.0250,'2018-10-09 13:43:11','2018-10-09 13:43:11',NULL,0),(37,6,'aut','quae-voluptatem-est-beatae-ips','Id tempora quas modi fugit eius illo provident. Repellendus fuga aspernatur cupiditate. Deserunt est repellendus repellat rerum. Laboriosam qui quae voluptas earum placeat facilis sunt.',1,0.0800,'2018-10-09 13:43:11','2018-10-09 13:43:11',NULL,0),(38,6,'provident','corporis-perspiciatis-aliquam-','Quis autem sequi debitis dolor error nobis placeat porro. Quidem dolor et explicabo dolor sunt. Sed excepturi accusamus consequuntur doloremque omnis quas. Deserunt perferendis odit eligendi repellat praesentium rerum est et.',1,0.0800,'2018-10-09 13:43:11','2018-10-09 13:43:11',NULL,0),(39,6,'nesciunt','itaque-libero-maxime-sit-minus','Qui quas est molestiae nulla non earum sed. Consequatur possimus tenetur consequuntur laborum. Natus est impedit omnis sint explicabo exercitationem porro. Repudiandae recusandae quisquam ipsa veritatis.',1,0.0250,'2018-10-09 13:43:11','2018-10-09 13:43:11',NULL,0),(40,4,'ducimus','excepturi-eos-ut-harum-et-aliq','Aut consequuntur vero praesentium incidunt ipsam quae. Mollitia voluptas architecto ipsa iure deserunt libero facilis. Voluptatibus consequatur rerum vitae consectetur vero enim inventore sed. Natus enim quis nemo aut voluptatem.',0,0.0800,'2018-10-09 13:43:11','2018-10-09 13:43:11',NULL,0),(41,2,'ipsa','reiciendis-dolore-quo-molestia','Sed fuga ab quo temporibus. Ad non nisi fuga quia deleniti unde minima eaque. Doloremque nihil quia cum occaecati magnam hic expedita.',0,0.0800,'2018-10-09 13:43:11','2018-10-09 13:43:11',NULL,0),(42,4,'qui','a-laboriosam-beatae-enim-sunt-','Vel repudiandae doloribus deserunt cumque. Reprehenderit dignissimos maxime et placeat. Nostrum sint quo nesciunt exercitationem vel et.',1,0.0250,'2018-10-09 13:43:11','2018-10-09 13:43:11',NULL,0),(43,5,'voluptas','recusandae-repudiandae-molesti','Excepturi odit eius voluptatum officia reprehenderit eligendi totam temporibus. Et facilis dignissimos minima mollitia odit modi possimus eveniet. Culpa iste aliquid ipsam commodi blanditiis ipsam. Soluta dolore magni temporibus illum ex eveniet enim.',0,0.0250,'2018-10-09 13:43:11','2018-10-09 13:43:11',NULL,0),(44,4,'sunt','maiores-et-aliquam-nihil-enim-','Modi natus hic aliquid corporis est eos aut. Non molestias aut ut et sunt consectetur laboriosam. Aliquid voluptatibus commodi vero sint dolores numquam temporibus. Quae earum nihil recusandae facere voluptatem similique.',0,0.0800,'2018-10-09 13:43:11','2018-10-09 13:43:11',NULL,0),(45,5,'eligendi','voluptatem-pariatur-aut-et-vel','Iusto ipsa consectetur harum nemo laborum cupiditate sint sit. Facilis ut numquam vel tempore et eius fugit. Sunt sequi sed ad quibusdam sequi. Ea pariatur incidunt aspernatur impedit nisi.',1,0.0800,'2018-10-09 13:43:11','2018-10-09 13:43:11',NULL,0),(46,5,'neque','saepe-quia-laboriosam-autem-do','Aut rem aut quia voluptatem velit accusantium hic. Ipsa recusandae odio rerum. Voluptatem debitis excepturi qui a voluptas. Corrupti totam non aliquid fuga velit sed id et.',0,0.0250,'2018-10-09 13:43:11','2018-10-09 13:43:11',NULL,0),(47,5,'dignissimos','ullam-eligendi-fugit-fuga-numq','Officiis dolores dolor natus animi labore est nisi. Impedit aut est veniam dicta qui nihil. Et a corrupti quia aut.',1,0.0800,'2018-10-09 13:43:11','2018-10-09 13:43:11',NULL,0),(48,6,'soluta','laudantium-vel-aspernatur-susc','Ab dolorum cupiditate provident autem omnis reiciendis. Et aut fugiat laborum maiores fuga dignissimos corporis ex. Iure nemo fugit sit nobis iure quae.',1,0.0800,'2018-10-09 13:43:11','2018-10-09 13:43:11',NULL,0),(49,4,'et','voluptatibus-est-qui-enim-nequ','Fuga corporis suscipit dolores inventore eos tempore. Ullam voluptas et fugiat magni. Assumenda dolorum alias sit deserunt. Porro ullam ducimus molestias fuga et. Iste sunt aut ad molestiae officia ex.',1,0.0250,'2018-10-09 13:43:11','2018-10-09 13:43:11',NULL,0),(50,5,'nam','facere-molestiae-nisi-et-ab','Perspiciatis similique temporibus odit quasi cum perspiciatis. Dolores tenetur ea adipisci molestiae et. Iusto mollitia sed id voluptates. Velit ut repellendus aliquam.',1,0.0800,'2018-10-09 13:43:11','2018-10-09 13:43:11',NULL,0),(51,4,'expedita','neque-velit-veniam-modi','Deserunt sunt consequatur nihil cumque. Nihil quidem quia consectetur occaecati vero voluptatem. Consequatur alias voluptatem molestiae provident cupiditate. Quos dolorem perspiciatis odio.',1,0.0250,'2018-10-09 13:43:11','2018-10-09 13:43:11',NULL,0),(52,3,'molestias','blanditiis-ex-incidunt-magnam','Tempora dolorum fugit maiores. Accusantium deleniti et deserunt debitis sunt qui. Molestiae quia optio sed placeat iusto illo. Qui aliquam voluptatem molestiae eum earum ullam. Ab dolor alias tempora quia qui.',1,0.0250,'2018-10-09 13:43:11','2018-10-09 13:43:11',NULL,0),(53,5,'optio','ipsa-incidunt-debitis-iure-qui','Ducimus eos voluptate nemo omnis cum et. Fugiat eaque illo officia perspiciatis consectetur aut. Perspiciatis hic earum fugiat. Sit rerum fuga accusamus praesentium a autem enim. Dicta qui et voluptatem eum. Esse sapiente debitis id.',0,0.0250,'2018-10-09 13:43:11','2018-10-09 13:43:11',NULL,0),(54,6,'est','facere-et-ut-et-consequuntur','Et vero quo tempore commodi maiores est. Totam qui saepe modi qui aut. Dolorem quis placeat saepe ex. Aut maiores nihil saepe voluptatem.',1,0.0250,'2018-10-09 13:43:11','2018-10-09 13:43:11',NULL,0),(55,6,'saepe','earum-nostrum-consequatur-ipsa','Voluptatum id molestiae aliquam et. Non quam sint quae animi eligendi quam. Accusamus eveniet quae atque eaque. Corrupti molestiae dolorem error facilis.',0,0.0250,'2018-10-09 13:43:11','2018-10-09 13:43:11',NULL,0),(56,5,'explicabo','maiores-qui-expedita-excepturi','In sunt itaque reiciendis recusandae sit ad magnam distinctio. Laborum aperiam ducimus provident et dolorem aliquam. Autem facere minima eius sed qui sit. Aut voluptatem praesentium rerum reprehenderit dolorum non consequatur.',1,0.0800,'2018-10-09 13:43:11','2018-10-09 13:43:11',NULL,0),(57,2,'consequatur','consectetur-aliquid-ad-nihil-q','Qui maiores vel quis. Quia voluptatem non explicabo qui reiciendis ut atque. Hic et ducimus nostrum sunt quasi. Sed nihil nostrum cupiditate provident aperiam.',1,0.0250,'2018-10-09 13:43:11','2018-10-09 13:43:11',NULL,0),(58,6,'magnam','aut-est-pariatur-consequatur-e','Illum delectus dolores eius quibusdam laudantium. Enim explicabo consectetur nihil reprehenderit. Qui eum sed neque nulla.',1,0.0800,'2018-10-09 13:43:11','2018-10-09 13:43:11',NULL,0),(59,4,'animi','ipsam-adipisci-ut-aut-odit-nih','At nam non nihil nostrum est doloribus dolor. Nam nobis eum temporibus tempore sit. Reiciendis voluptas consequatur placeat quod. Debitis fuga et vel velit illum nisi.',1,0.0800,'2018-10-09 13:43:11','2018-10-09 13:43:11',NULL,0),(60,3,'beatae','enim-fugiat-est-ut-vero-unde-a','Numquam beatae omnis incidunt magnam expedita aut voluptas earum. Inventore dolor ipsam qui doloribus sed magnam iusto. Cum sed laborum rerum error hic. Debitis excepturi odit fugit fuga eos aliquam voluptate. Adipisci modi veritatis iste tempora.',1,0.0250,'2018-10-09 13:43:11','2018-10-09 13:43:11',NULL,0),(61,4,'sunt','iusto-sed-quae-ea-porro-et-arc','Quam rerum quod voluptas iusto molestiae optio. Ut quisquam dolores doloremque unde eaque dolorum et. Magnam dolorem et doloribus ipsum. Hic ut cum nostrum corrupti qui dignissimos.',1,0.0250,'2018-10-09 13:43:11','2018-10-09 13:43:11',NULL,0),(62,4,'sed','et-labore-quasi-perferendis-si','Fugiat est nemo quasi perferendis expedita. Dolores ad natus et et incidunt nesciunt voluptas. Tempore nobis saepe quo est vel. Veniam vero ea aut rem ipsum. Voluptas nam praesentium ratione deleniti et aut aliquam. Sed aliquam velit rerum in et.',0,0.0800,'2018-10-09 13:43:11','2018-10-09 13:43:11',NULL,0),(63,2,'omnis','saepe-animi-optio-laborum-aut-','Aperiam sapiente molestias repudiandae ea. Reprehenderit ea aut tempora dolorum eveniet sunt. Ex sit quia saepe ullam corrupti molestiae natus assumenda. Aspernatur consequatur ullam nam est.',1,0.0250,'2018-10-09 13:43:11','2018-10-09 13:43:11',NULL,0),(64,5,'fugiat','quas-repellendus-quam-sequi-fu','Eum porro ea recusandae autem laborum voluptatem dignissimos. Est voluptate et nesciunt est. Qui et quidem perspiciatis placeat. Id laborum facilis dicta incidunt et.',1,0.0800,'2018-10-09 13:43:11','2018-10-09 13:43:11',NULL,0),(65,5,'rem','ex-non-amet-a-cum-aut-quam-quo','Possimus non id animi eius error nobis. Molestiae aut nihil aut. Sed ut unde nulla sed quas. Beatae modi accusamus qui qui accusantium.',1,0.0800,'2018-10-09 13:43:11','2018-10-09 13:43:11',NULL,0),(66,6,'reiciendis','nesciunt-sit-et-cumque-molesti','Qui at quis numquam. Mollitia ea quisquam reprehenderit. Quasi doloribus voluptatum nemo sit est suscipit ut. Saepe hic voluptates vitae autem vero officia.',1,0.0800,'2018-10-09 13:43:11','2018-10-09 13:43:11',NULL,0),(67,2,'consectetur','qui-a-voluptas-quia-labore-mag','Nobis eius perspiciatis quis voluptas. Et quam temporibus nostrum commodi dolorem. Culpa eos est ullam voluptatem molestiae. Non veniam quis itaque enim similique dolor. Rerum sit velit nesciunt iure.',1,0.0800,'2018-10-09 13:43:11','2018-10-09 13:43:11',NULL,0),(68,4,'sunt','totam-a-rem-quia-unde-tempore-','Explicabo autem voluptatibus harum et est iusto perspiciatis consequatur. Minus qui sit beatae vero ut hic vero quidem. Aliquam culpa voluptas repudiandae iste atque.',1,0.0800,'2018-10-09 13:43:11','2018-10-09 13:43:11',NULL,0),(69,2,'quo','enim-dolore-rerum-sint-dolores','Debitis dolores vel corrupti vel numquam at. Id provident assumenda deserunt aspernatur possimus illum quasi velit. Iste vitae id molestias accusamus necessitatibus possimus earum autem. Voluptatem ipsum voluptas est.',1,0.0250,'2018-10-09 13:43:11','2018-10-09 13:43:11',NULL,0),(70,3,'voluptas','iste-cupiditate-nobis-quisquam','Quia ipsa enim voluptatem quas. Et ut ut tenetur optio et. Repellat qui rerum maxime qui quibusdam.',1,0.0250,'2018-10-09 13:43:11','2018-10-09 13:43:11',NULL,0),(71,5,'quia','voluptates-et-earum-esse-sequi','Facere possimus et enim dolores dolor et ut reiciendis. Pariatur dolores nemo non consequatur. Dolor vitae non pariatur cupiditate.',1,0.0800,'2018-10-09 13:43:11','2018-10-09 13:43:11',NULL,0),(72,2,'aut','suscipit-commodi-explicabo-rat','Quis tempore repellendus incidunt eum nihil voluptatem. Dignissimos rerum perspiciatis dolorem libero. Aspernatur aut iure perspiciatis quas ut voluptatem veritatis debitis.',1,0.0800,'2018-10-09 13:43:11','2018-10-09 13:43:11',NULL,0),(73,6,'eveniet','qui-qui-excepturi-fugiat-sequi','Modi nulla nemo ea repudiandae aut corrupti dolores. Voluptatem commodi qui inventore sit vitae perferendis quia sit. Illo non hic quibusdam omnis et aliquam est. Suscipit fuga et porro dignissimos.',1,0.0250,'2018-10-09 13:43:11','2018-10-09 13:43:11',NULL,0),(74,4,'sint','ut-amet-sit-quia-error-dolorem','Dolorem nam rerum vero porro. Cupiditate aut rerum quia voluptatum consequatur ea asperiores dolorem. Harum deserunt nulla quia enim iure eum. Accusantium impedit aliquam perferendis non consequuntur culpa suscipit.',1,0.0250,'2018-10-09 13:43:11','2018-10-09 13:43:11',NULL,0),(75,5,'explicabo','suscipit-ex-aliquam-debitis','Consectetur possimus vel non ex. Tempore neque repellendus ut repellat nihil. Occaecati dolorem iure consectetur in.',1,0.0800,'2018-10-09 13:43:11','2018-10-09 13:43:11',NULL,0),(76,4,'similique','inventore-nihil-corporis-eos-v','Consequatur et maiores sint architecto dolorum. Consequatur sint repudiandae asperiores odio in rerum. Libero delectus magni provident error omnis illum.',1,0.0800,'2018-10-09 13:43:11','2018-10-09 13:43:11',NULL,0),(77,6,'soluta','nihil-illum-maiores-incidunt-a','Necessitatibus nesciunt tempore consequatur et magnam praesentium et explicabo. Distinctio totam adipisci consequatur quam. Odio illum dignissimos et incidunt eius rerum. Laudantium consequuntur aut magni in.',1,0.0800,'2018-10-09 13:43:11','2018-10-09 13:43:11',NULL,0),(78,2,'consequuntur','doloremque-sint-inventore-prae','Nam voluptatem nemo aliquid natus error quasi. Voluptatum aut quis non quaerat sit nulla suscipit. Dignissimos asperiores rerum dolores ratione est aut id. Rerum quis cumque et sapiente et rerum velit.',1,0.0250,'2018-10-09 13:43:11','2018-10-09 13:43:11',NULL,0),(79,2,'labore','exercitationem-porro-molestias','Et voluptas consequatur tempora nostrum. Tenetur enim eum ab qui reprehenderit quia ab. Nihil ab accusantium officia omnis eveniet architecto. Aut omnis fugit veniam ut eius rem.',1,0.0250,'2018-10-09 13:43:11','2018-10-09 13:43:11',NULL,0),(80,4,'veniam','non-laborum-sit-voluptatum','Dolor repellendus blanditiis eos. Neque maxime vel qui debitis. Enim aliquam ratione iste omnis ut similique est.',1,0.0250,'2018-10-09 13:43:11','2018-10-09 13:43:11',NULL,0),(81,3,'quo','facilis-occaecati-consequatur-','Voluptates laborum aut ratione cum autem ipsum. Praesentium ut culpa nesciunt omnis eligendi expedita beatae. At asperiores enim aliquam nihil omnis possimus. Quam pariatur ut reiciendis esse. Laborum enim natus enim nam a dolorum necessitatibus.',1,0.0800,'2018-10-09 13:43:11','2018-10-09 13:43:11',NULL,0);
/*!40000 ALTER TABLE `services` ENABLE KEYS */;
UNLOCK TABLES;

--
-- Table structure for table `settings`
--

DROP TABLE IF EXISTS `settings`;
/*!40101 SET @saved_cs_client     = @@character_set_client */;
/*!40101 SET character_set_client = utf8 */;
CREATE TABLE `settings` (
  `id` int(11) NOT NULL AUTO_INCREMENT,
  `user_id` int(11) DEFAULT NULL,
  `name` varchar(255) COLLATE utf8_unicode_ci NOT NULL,
  `namespace` varchar(255) COLLATE utf8_unicode_ci NOT NULL,
  `value` longtext COLLATE utf8_unicode_ci,
  `created_at` datetime NOT NULL,
  `updated_at` datetime NOT NULL,
  PRIMARY KEY (`id`),
  UNIQUE KEY `unique_setting_name_namespace_user` (`name`,`namespace`,`user_id`),
  KEY `IDX_E545A0C5A76ED395` (`user_id`),
  CONSTRAINT `FK_E545A0C5A76ED395` FOREIGN KEY (`user_id`) REFERENCES `users` (`id`) ON DELETE SET NULL
) ENGINE=InnoDB AUTO_INCREMENT=10 DEFAULT CHARSET=utf8 COLLATE=utf8_unicode_ci;
/*!40101 SET character_set_client = @saved_cs_client */;

--
-- Dumping data for table `settings`
--

LOCK TABLES `settings` WRITE;
/*!40000 ALTER TABLE `settings` DISABLE KEYS */;
INSERT INTO `settings` VALUES (1,1,'activity','/etc/defaults/timeslice','action:byName:Zivi*','2018-10-09 13:43:11','2018-10-09 13:43:11'),(2,1,'value','/etc/defaults/timeslice','30240','2018-10-09 13:43:11','2018-10-09 13:43:11'),(3,1,'startedAt','/etc/defaults/timeslice','action:nextDate','2018-10-09 13:43:11','2018-10-09 13:43:11'),(4,2,'name','/etc/defaults/1','New perspiciatis','2018-10-09 13:43:11','2018-10-09 13:43:11'),(5,4,'name','/etc/defaults/2','New dolor','2018-10-09 13:43:11','2018-10-09 13:43:11'),(6,2,'name','/etc/defaults/3','New molestias','2018-10-09 13:43:11','2018-10-09 13:43:11'),(7,5,'name','/etc/defaults/4','New in','2018-10-09 13:43:11','2018-10-09 13:43:11'),(8,5,'name','/etc/defaults/5','New qui','2018-10-09 13:43:11','2018-10-09 13:43:11'),(9,1,'Ferien','/etc/projectassignments','dime-ferien','2018-10-09 13:43:11','2018-10-09 13:43:11');
/*!40000 ALTER TABLE `settings` ENABLE KEYS */;
UNLOCK TABLES;

--
-- Table structure for table `tags`
--

DROP TABLE IF EXISTS `tags`;
/*!40101 SET @saved_cs_client     = @@character_set_client */;
/*!40101 SET character_set_client = utf8 */;
CREATE TABLE `tags` (
  `id` int(11) NOT NULL AUTO_INCREMENT,
  `user_id` int(11) DEFAULT NULL,
  `name` varchar(255) COLLATE utf8_unicode_ci NOT NULL,
  `system` tinyint(1) NOT NULL,
  `created_at` datetime NOT NULL,
  `updated_at` datetime NOT NULL,
  PRIMARY KEY (`id`),
  UNIQUE KEY `unique_tag_name_user` (`name`,`user_id`),
  KEY `IDX_6FBC9426A76ED395` (`user_id`),
  CONSTRAINT `FK_6FBC9426A76ED395` FOREIGN KEY (`user_id`) REFERENCES `users` (`id`) ON DELETE SET NULL
) ENGINE=InnoDB AUTO_INCREMENT=21 DEFAULT CHARSET=utf8 COLLATE=utf8_unicode_ci;
/*!40101 SET character_set_client = @saved_cs_client */;

--
-- Dumping data for table `tags`
--

LOCK TABLES `tags` WRITE;
/*!40000 ALTER TABLE `tags` DISABLE KEYS */;
INSERT INTO `tags` VALUES (1,2,'perspiciatis',0,'2018-10-09 13:43:11','2018-10-09 13:43:11'),(2,4,'dolor',0,'2018-10-09 13:43:11','2018-10-09 13:43:11'),(3,2,'molestias',0,'2018-10-09 13:43:11','2018-10-09 13:43:11'),(4,5,'in',0,'2018-10-09 13:43:11','2018-10-09 13:43:11'),(5,5,'qui',0,'2018-10-09 13:43:11','2018-10-09 13:43:11'),(6,3,'perspiciatis',0,'2018-10-09 13:43:11','2018-10-09 13:43:11'),(7,5,'possimus',0,'2018-10-09 13:43:11','2018-10-09 13:43:11'),(8,2,'ducimus',0,'2018-10-09 13:43:11','2018-10-09 13:43:11'),(9,5,'quam',0,'2018-10-09 13:43:11','2018-10-09 13:43:11'),(10,3,'ea',0,'2018-10-09 13:43:11','2018-10-09 13:43:11'),(11,2,'odio',0,'2018-10-09 13:43:11','2018-10-09 13:43:11'),(12,2,'est',0,'2018-10-09 13:43:11','2018-10-09 13:43:11'),(13,6,'voluptatibus',0,'2018-10-09 13:43:11','2018-10-09 13:43:11'),(14,2,'commodi',0,'2018-10-09 13:43:11','2018-10-09 13:43:11'),(15,3,'minima',0,'2018-10-09 13:43:11','2018-10-09 13:43:11'),(16,6,'laborum',0,'2018-10-09 13:43:11','2018-10-09 13:43:11'),(17,5,'molestiae',0,'2018-10-09 13:43:11','2018-10-09 13:43:11'),(18,4,'numquam',0,'2018-10-09 13:43:11','2018-10-09 13:43:11'),(19,4,'harum',0,'2018-10-09 13:43:11','2018-10-09 13:43:11'),(20,3,'est',0,'2018-10-09 13:43:11','2018-10-09 13:43:11');
/*!40000 ALTER TABLE `tags` ENABLE KEYS */;
UNLOCK TABLES;

--
-- Table structure for table `tbbc_money_doctrine_storage_ratios`
--

DROP TABLE IF EXISTS `tbbc_money_doctrine_storage_ratios`;
/*!40101 SET @saved_cs_client     = @@character_set_client */;
/*!40101 SET character_set_client = utf8 */;
CREATE TABLE `tbbc_money_doctrine_storage_ratios` (
  `id` int(11) NOT NULL AUTO_INCREMENT,
  `currency_code` varchar(3) COLLATE utf8_unicode_ci NOT NULL,
  `ratio` double NOT NULL,
  PRIMARY KEY (`id`),
  UNIQUE KEY `UNIQ_1168A609FDA273EC` (`currency_code`)
) ENGINE=InnoDB DEFAULT CHARSET=utf8 COLLATE=utf8_unicode_ci;
/*!40101 SET character_set_client = @saved_cs_client */;

--
-- Dumping data for table `tbbc_money_doctrine_storage_ratios`
--

LOCK TABLES `tbbc_money_doctrine_storage_ratios` WRITE;
/*!40000 ALTER TABLE `tbbc_money_doctrine_storage_ratios` DISABLE KEYS */;
/*!40000 ALTER TABLE `tbbc_money_doctrine_storage_ratios` ENABLE KEYS */;
UNLOCK TABLES;

--
-- Table structure for table `tbbc_money_ratio_history`
--

DROP TABLE IF EXISTS `tbbc_money_ratio_history`;
/*!40101 SET @saved_cs_client     = @@character_set_client */;
/*!40101 SET character_set_client = utf8 */;
CREATE TABLE `tbbc_money_ratio_history` (
  `id` int(11) NOT NULL AUTO_INCREMENT,
  `currency_code` varchar(3) COLLATE utf8_unicode_ci NOT NULL,
  `reference_currency_code` varchar(3) COLLATE utf8_unicode_ci NOT NULL,
  `ratio` double NOT NULL,
  `saved_at` datetime NOT NULL,
  PRIMARY KEY (`id`)
) ENGINE=InnoDB DEFAULT CHARSET=utf8 COLLATE=utf8_unicode_ci;
/*!40101 SET character_set_client = @saved_cs_client */;

--
-- Dumping data for table `tbbc_money_ratio_history`
--

LOCK TABLES `tbbc_money_ratio_history` WRITE;
/*!40000 ALTER TABLE `tbbc_money_ratio_history` DISABLE KEYS */;
/*!40000 ALTER TABLE `tbbc_money_ratio_history` ENABLE KEYS */;
UNLOCK TABLES;

--
-- Table structure for table `timeslice_tags`
--

DROP TABLE IF EXISTS `timeslice_tags`;
/*!40101 SET @saved_cs_client     = @@character_set_client */;
/*!40101 SET character_set_client = utf8 */;
CREATE TABLE `timeslice_tags` (
  `timeslice_id` int(11) NOT NULL,
  `tag_id` int(11) NOT NULL,
  PRIMARY KEY (`timeslice_id`,`tag_id`),
  KEY `IDX_4231EEB94FB5678C` (`timeslice_id`),
  KEY `IDX_4231EEB9BAD26311` (`tag_id`),
  CONSTRAINT `FK_4231EEB94FB5678C` FOREIGN KEY (`timeslice_id`) REFERENCES `timeslices` (`id`) ON DELETE CASCADE,
  CONSTRAINT `FK_4231EEB9BAD26311` FOREIGN KEY (`tag_id`) REFERENCES `tags` (`id`) ON DELETE CASCADE
) ENGINE=InnoDB DEFAULT CHARSET=utf8 COLLATE=utf8_unicode_ci;
/*!40101 SET character_set_client = @saved_cs_client */;

--
-- Dumping data for table `timeslice_tags`
--

LOCK TABLES `timeslice_tags` WRITE;
/*!40000 ALTER TABLE `timeslice_tags` DISABLE KEYS */;
INSERT INTO `timeslice_tags` VALUES (412,6),(412,8),(413,14),(413,15),(414,13),(414,14),(415,5),(415,9),(416,12),(416,20),(417,2),(417,14),(418,2),(418,20),(419,3),(419,19),(420,3),(420,9),(421,1),(421,13),(422,6),(422,11),(423,1),(423,15),(424,4),(424,8),(425,4),(425,8),(426,4),(426,16),(427,2),(427,5),(428,5),(428,7),(429,6),(429,14),(430,7),(430,19),(431,9),(431,19),(432,12),(432,17),(433,10),(433,20),(434,4),(434,15),(435,12),(435,14),(436,6),(436,20),(437,13),(437,16),(438,6),(438,13),(439,16),(439,17),(440,4),(440,11),(441,8),(441,9),(442,13),(442,17),(443,2),(443,6),(444,6),(444,14),(445,3),(445,5),(446,7),(446,18),(447,9),(447,19),(448,1),(448,7),(449,12),(449,17),(450,10),(450,15),(451,12),(451,16),(452,13),(452,15),(453,8),(453,10),(454,1),(454,13),(455,11),(455,16),(456,2),(456,12),(457,9),(457,19),(458,1),(458,17),(459,1),(459,10),(460,2),(460,12),(461,3),(461,17);
/*!40000 ALTER TABLE `timeslice_tags` ENABLE KEYS */;
UNLOCK TABLES;

--
-- Table structure for table `timeslices`
--

DROP TABLE IF EXISTS `timeslices`;
/*!40101 SET @saved_cs_client     = @@character_set_client */;
/*!40101 SET character_set_client = utf8 */;
CREATE TABLE `timeslices` (
  `id` int(11) NOT NULL AUTO_INCREMENT,
  `activity_id` int(11) NOT NULL,
  `employee_id` int(11) DEFAULT NULL,
  `user_id` int(11) DEFAULT NULL,
  `value` decimal(10,4) NOT NULL,
  `started_at` datetime DEFAULT NULL,
  `created_at` datetime NOT NULL,
  `updated_at` datetime NOT NULL,
  `deleted_at` datetime DEFAULT NULL,
  PRIMARY KEY (`id`),
  KEY `IDX_72C53BF481C06096` (`activity_id`),
  KEY `IDX_72C53BF48C03F15C` (`employee_id`),
  KEY `IDX_72C53BF4A76ED395` (`user_id`),
  CONSTRAINT `FK_72C53BF481C06096` FOREIGN KEY (`activity_id`) REFERENCES `activities` (`id`) ON DELETE CASCADE,
  CONSTRAINT `FK_72C53BF48C03F15C` FOREIGN KEY (`employee_id`) REFERENCES `users` (`id`) ON DELETE SET NULL,
  CONSTRAINT `FK_72C53BF4A76ED395` FOREIGN KEY (`user_id`) REFERENCES `users` (`id`) ON DELETE SET NULL
) ENGINE=InnoDB AUTO_INCREMENT=462 DEFAULT CHARSET=utf8 COLLATE=utf8_unicode_ci;
/*!40101 SET character_set_client = @saved_cs_client */;

--
-- Dumping data for table `timeslices`
--

LOCK TABLES `timeslices` WRITE;
/*!40000 ALTER TABLE `timeslices` DISABLE KEYS */;
INSERT INTO `timeslices` VALUES (1,2,7,2,7200.0000,'2018-08-18 21:10:59','2018-10-09 13:43:11','2018-10-09 13:43:11',NULL),(2,4,7,3,22072.0000,'2017-05-04 05:20:54','2018-10-09 13:43:11','2018-10-09 13:43:11',NULL),(3,5,16,5,6988.0000,'2017-01-06 19:21:14','2018-10-09 13:43:11','2018-10-09 13:43:11',NULL),(4,10,22,2,4716.0000,'2018-02-21 04:33:06','2018-10-09 13:43:11','2018-10-09 13:43:11',NULL),(5,8,19,3,10966.0000,'2017-07-10 09:06:13','2018-10-09 13:43:11','2018-10-09 13:43:11',NULL),(6,2,11,4,10094.0000,'2016-08-05 01:10:16','2018-10-09 13:43:11','2018-10-09 13:43:11',NULL),(7,6,22,3,21934.0000,'2016-10-22 07:33:27','2018-10-09 13:43:11','2018-10-09 13:43:11',NULL),(8,5,9,4,26661.0000,'2017-11-08 18:02:17','2018-10-09 13:43:11','2018-10-09 13:43:11',NULL),(9,8,18,3,25935.0000,'2017-12-02 18:52:18','2018-10-09 13:43:11','2018-10-09 13:43:11',NULL),(10,8,14,5,24318.0000,'2016-07-21 22:21:03','2018-10-09 13:43:11','2018-10-09 13:43:11',NULL),(11,11,13,2,19100.0000,'2016-09-25 19:13:38','2018-10-09 13:43:11','2018-10-09 13:43:11',NULL),(12,8,18,2,13178.0000,'2016-04-27 19:52:28','2018-10-09 13:43:11','2018-10-09 13:43:11',NULL),(13,3,25,5,21823.0000,'2016-02-28 09:49:18','2018-10-09 13:43:11','2018-10-09 13:43:11',NULL),(14,10,25,6,19892.0000,'2017-06-14 12:18:07','2018-10-09 13:43:11','2018-10-09 13:43:11',NULL),(15,3,19,4,10452.0000,'2017-09-18 19:38:44','2018-10-09 13:43:11','2018-10-09 13:43:11',NULL),(16,7,18,5,20524.0000,'2017-02-08 19:45:37','2018-10-09 13:43:11','2018-10-09 13:43:11',NULL),(17,9,14,6,14539.0000,'2017-09-01 14:25:16','2018-10-09 13:43:11','2018-10-09 13:43:11',NULL),(18,4,23,6,20016.0000,'2018-04-20 08:21:15','2018-10-09 13:43:11','2018-10-09 13:43:11',NULL),(19,11,21,3,16838.0000,'2018-03-30 08:08:29','2018-10-09 13:43:11','2018-10-09 13:43:11',NULL),(20,9,9,5,20465.0000,'2017-07-13 12:43:23','2018-10-09 13:43:11','2018-10-09 13:43:11',NULL),(21,6,22,3,16269.0000,'2016-07-05 13:00:41','2018-10-09 13:43:11','2018-10-09 13:43:11',NULL),(22,11,13,6,13902.0000,'2016-07-26 23:37:44','2018-10-09 13:43:11','2018-10-09 13:43:11',NULL),(23,5,12,4,13316.0000,'2018-02-11 09:49:08','2018-10-09 13:43:11','2018-10-09 13:43:11',NULL),(24,11,17,3,25400.0000,'2016-02-18 16:07:43','2018-10-09 13:43:11','2018-10-09 13:43:11',NULL),(25,10,10,3,22500.0000,'2016-03-30 13:27:43','2018-10-09 13:43:11','2018-10-09 13:43:11',NULL),(26,2,26,2,14647.0000,'2017-03-29 22:54:32','2018-10-09 13:43:11','2018-10-09 13:43:11',NULL),(27,7,17,3,19032.0000,'2016-02-16 06:32:53','2018-10-09 13:43:11','2018-10-09 13:43:11',NULL),(28,9,26,5,9291.0000,'2016-05-22 14:44:29','2018-10-09 13:43:11','2018-10-09 13:43:11',NULL),(29,3,8,6,9075.0000,'2016-07-31 19:02:47','2018-10-09 13:43:11','2018-10-09 13:43:11',NULL),(30,3,25,5,19834.0000,'2018-09-27 03:08:23','2018-10-09 13:43:11','2018-10-09 13:43:11',NULL),(31,7,24,3,10195.0000,'2017-05-09 20:22:32','2018-10-09 13:43:11','2018-10-09 13:43:11',NULL),(32,4,9,5,4891.0000,'2018-05-20 17:55:02','2018-10-09 13:43:11','2018-10-09 13:43:11',NULL),(33,8,26,2,6954.0000,'2016-01-21 02:11:48','2018-10-09 13:43:11','2018-10-09 13:43:11',NULL),(34,3,11,3,29842.0000,'2016-02-05 12:12:24','2018-10-09 13:43:11','2018-10-09 13:43:11',NULL),(35,11,11,3,27481.0000,'2018-03-24 23:14:25','2018-10-09 13:43:11','2018-10-09 13:43:11',NULL),(36,5,24,6,26931.0000,'2018-09-11 23:34:27','2018-10-09 13:43:11','2018-10-09 13:43:11',NULL),(37,11,23,6,17427.0000,'2017-12-14 02:56:53','2018-10-09 13:43:11','2018-10-09 13:43:11',NULL),(38,7,9,2,8132.0000,'2016-02-08 03:54:30','2018-10-09 13:43:11','2018-10-09 13:43:11',NULL),(39,5,23,5,4495.0000,'2017-06-03 02:45:50','2018-10-09 13:43:11','2018-10-09 13:43:11',NULL),(40,2,26,5,6427.0000,'2016-02-01 02:07:27','2018-10-09 13:43:11','2018-10-09 13:43:11',NULL),(41,7,8,3,15529.0000,'2018-08-13 03:45:37','2018-10-09 13:43:11','2018-10-09 13:43:11',NULL),(42,10,18,3,29308.0000,'2018-01-28 11:59:07','2018-10-09 13:43:11','2018-10-09 13:43:11',NULL),(43,7,15,2,10842.0000,'2017-04-03 01:16:42','2018-10-09 13:43:11','2018-10-09 13:43:11',NULL),(44,6,8,2,27588.0000,'2018-06-29 20:39:07','2018-10-09 13:43:11','2018-10-09 13:43:11',NULL),(45,2,10,3,14222.0000,'2018-07-14 16:07:26','2018-10-09 13:43:11','2018-10-09 13:43:11',NULL),(46,10,26,2,11491.0000,'2018-05-22 01:17:11','2018-10-09 13:43:11','2018-10-09 13:43:11',NULL),(47,6,23,3,16842.0000,'2018-08-25 08:37:06','2018-10-09 13:43:11','2018-10-09 13:43:11',NULL),(48,9,10,6,23946.0000,'2018-09-14 20:41:33','2018-10-09 13:43:11','2018-10-09 13:43:11',NULL),(49,2,19,6,6302.0000,'2016-07-04 05:10:58','2018-10-09 13:43:11','2018-10-09 13:43:11',NULL),(50,9,10,5,18759.0000,'2016-03-24 20:23:12','2018-10-09 13:43:11','2018-10-09 13:43:11',NULL),(51,9,16,4,13111.0000,'2018-08-29 14:06:57','2018-10-09 13:43:11','2018-10-09 13:43:11',NULL),(52,5,17,3,18773.0000,'2018-05-12 08:46:18','2018-10-09 13:43:11','2018-10-09 13:43:11',NULL),(53,10,11,2,25206.0000,'2016-12-24 02:09:18','2018-10-09 13:43:11','2018-10-09 13:43:11',NULL),(54,3,19,3,21292.0000,'2017-04-09 05:06:33','2018-10-09 13:43:11','2018-10-09 13:43:11',NULL),(55,2,24,5,9475.0000,'2018-08-26 10:27:47','2018-10-09 13:43:11','2018-10-09 13:43:11',NULL),(56,9,8,4,27957.0000,'2016-06-27 02:03:39','2018-10-09 13:43:11','2018-10-09 13:43:11',NULL),(57,9,23,3,13147.0000,'2018-05-13 11:46:25','2018-10-09 13:43:11','2018-10-09 13:43:11',NULL),(58,9,16,5,5734.0000,'2018-02-05 08:01:47','2018-10-09 13:43:11','2018-10-09 13:43:11',NULL),(59,8,23,3,22214.0000,'2017-03-21 08:04:05','2018-10-09 13:43:11','2018-10-09 13:43:11',NULL),(60,6,16,3,15001.0000,'2018-04-18 12:37:47','2018-10-09 13:43:11','2018-10-09 13:43:11',NULL),(61,7,22,4,8116.0000,'2018-01-07 05:05:37','2018-10-09 13:43:11','2018-10-09 13:43:11',NULL),(62,9,19,5,11196.0000,'2018-02-13 17:31:04','2018-10-09 13:43:11','2018-10-09 13:43:11',NULL),(63,3,9,5,12944.0000,'2017-03-23 10:43:08','2018-10-09 13:43:11','2018-10-09 13:43:11',NULL),(64,3,22,5,23526.0000,'2018-04-17 16:30:07','2018-10-09 13:43:11','2018-10-09 13:43:11',NULL),(65,2,18,6,6968.0000,'2017-11-16 16:42:19','2018-10-09 13:43:11','2018-10-09 13:43:11',NULL),(66,2,24,6,8773.0000,'2016-10-30 03:37:10','2018-10-09 13:43:11','2018-10-09 13:43:11',NULL),(67,6,24,6,21099.0000,'2017-12-24 13:53:03','2018-10-09 13:43:11','2018-10-09 13:43:11',NULL),(68,4,15,2,27248.0000,'2018-03-19 15:41:57','2018-10-09 13:43:11','2018-10-09 13:43:11',NULL),(69,4,25,6,23030.0000,'2018-01-27 12:05:25','2018-10-09 13:43:11','2018-10-09 13:43:11',NULL),(70,9,19,4,24836.0000,'2017-02-15 16:30:42','2018-10-09 13:43:11','2018-10-09 13:43:11',NULL),(71,11,14,6,14111.0000,'2018-06-14 15:56:28','2018-10-09 13:43:11','2018-10-09 13:43:11',NULL),(72,7,12,3,14496.0000,'2016-10-29 06:23:23','2018-10-09 13:43:11','2018-10-09 13:43:11',NULL),(73,8,24,4,4022.0000,'2018-09-07 21:37:08','2018-10-09 13:43:11','2018-10-09 13:43:11',NULL),(74,11,25,2,27410.0000,'2018-03-01 05:07:03','2018-10-09 13:43:11','2018-10-09 13:43:11',NULL),(75,3,25,5,9788.0000,'2018-04-25 10:52:35','2018-10-09 13:43:11','2018-10-09 13:43:11',NULL),(76,3,10,2,20469.0000,'2016-06-21 22:31:56','2018-10-09 13:43:11','2018-10-09 13:43:11',NULL),(77,5,7,3,27725.0000,'2018-05-08 07:27:26','2018-10-09 13:43:11','2018-10-09 13:43:11',NULL),(78,10,19,6,21410.0000,'2017-09-07 20:24:22','2018-10-09 13:43:11','2018-10-09 13:43:11',NULL),(79,10,18,2,10725.0000,'2018-02-05 19:40:40','2018-10-09 13:43:11','2018-10-09 13:43:11',NULL),(80,8,26,3,21522.0000,'2018-06-17 08:48:04','2018-10-09 13:43:11','2018-10-09 13:43:11',NULL),(81,9,7,2,14041.0000,'2018-02-13 08:07:22','2018-10-09 13:43:11','2018-10-09 13:43:11',NULL),(82,6,24,2,29059.0000,'2018-05-07 14:50:36','2018-10-09 13:43:11','2018-10-09 13:43:11',NULL),(83,7,15,6,6366.0000,'2018-01-06 17:22:52','2018-10-09 13:43:11','2018-10-09 13:43:11',NULL),(84,8,24,3,20695.0000,'2018-10-09 02:53:32','2018-10-09 13:43:11','2018-10-09 13:43:11',NULL),(85,11,24,5,26465.0000,'2016-04-25 13:44:31','2018-10-09 13:43:11','2018-10-09 13:43:11',NULL),(86,2,21,3,14585.0000,'2016-06-17 01:12:16','2018-10-09 13:43:11','2018-10-09 13:43:11',NULL),(87,11,25,3,9492.0000,'2018-03-03 20:35:56','2018-10-09 13:43:11','2018-10-09 13:43:11',NULL),(88,6,10,3,16809.0000,'2017-09-20 10:35:48','2018-10-09 13:43:11','2018-10-09 13:43:11',NULL),(89,11,16,3,9552.0000,'2017-12-20 02:40:33','2018-10-09 13:43:11','2018-10-09 13:43:11',NULL),(90,5,22,3,4902.0000,'2018-07-03 16:23:15','2018-10-09 13:43:11','2018-10-09 13:43:11',NULL),(91,7,21,2,25074.0000,'2018-09-25 12:32:12','2018-10-09 13:43:11','2018-10-09 13:43:11',NULL),(92,11,21,4,6643.0000,'2018-01-18 22:20:19','2018-10-09 13:43:11','2018-10-09 13:43:11',NULL),(93,2,13,5,3681.0000,'2016-04-25 22:08:13','2018-10-09 13:43:11','2018-10-09 13:43:11',NULL),(94,7,12,5,8562.0000,'2016-06-16 02:29:43','2018-10-09 13:43:11','2018-10-09 13:43:11',NULL),(95,3,7,4,21528.0000,'2016-10-18 14:24:20','2018-10-09 13:43:11','2018-10-09 13:43:11',NULL),(96,10,18,5,12428.0000,'2018-06-06 08:58:49','2018-10-09 13:43:11','2018-10-09 13:43:11',NULL),(97,2,19,3,19300.0000,'2017-01-12 08:42:38','2018-10-09 13:43:11','2018-10-09 13:43:11',NULL),(98,9,15,6,23420.0000,'2018-02-23 20:19:25','2018-10-09 13:43:11','2018-10-09 13:43:11',NULL),(99,9,13,5,7382.0000,'2017-12-26 01:16:23','2018-10-09 13:43:11','2018-10-09 13:43:11',NULL),(100,5,21,3,26241.0000,'2018-05-10 15:08:32','2018-10-09 13:43:11','2018-10-09 13:43:11',NULL),(101,11,23,4,19878.0000,'2018-07-13 01:50:23','2018-10-09 13:43:11','2018-10-09 13:43:11',NULL),(102,21,19,4,30240.0000,'2018-05-16 22:07:47','2018-10-09 13:43:11','2018-10-09 13:43:11',NULL),(103,16,18,4,30240.0000,'2018-03-02 10:11:23','2018-10-09 13:43:11','2018-10-09 13:43:11',NULL),(104,15,11,4,30240.0000,'2017-07-08 06:55:31','2018-10-09 13:43:11','2018-10-09 13:43:11',NULL),(105,15,9,3,30240.0000,'2017-02-25 15:13:14','2018-10-09 13:43:11','2018-10-09 13:43:11',NULL),(106,13,23,6,30240.0000,'2018-09-20 04:46:50','2018-10-09 13:43:11','2018-10-09 13:43:11',NULL),(107,16,15,3,30240.0000,'2016-11-22 18:44:02','2018-10-09 13:43:11','2018-10-09 13:43:11',NULL),(108,17,16,2,30240.0000,'2017-10-11 10:58:47','2018-10-09 13:43:11','2018-10-09 13:43:11',NULL),(109,21,16,4,30240.0000,'2018-04-06 03:30:09','2018-10-09 13:43:11','2018-10-09 13:43:11',NULL),(110,14,13,3,30240.0000,'2017-05-14 03:04:15','2018-10-09 13:43:11','2018-10-09 13:43:11',NULL),(111,15,19,4,30240.0000,'2016-10-06 06:52:15','2018-10-09 13:43:11','2018-10-09 13:43:11',NULL),(112,12,8,3,30240.0000,'2017-04-04 08:11:53','2018-10-09 13:43:11','2018-10-09 13:43:11',NULL),(113,14,24,5,30240.0000,'2018-02-19 01:23:49','2018-10-09 13:43:11','2018-10-09 13:43:11',NULL),(114,16,22,3,30240.0000,'2017-07-29 03:02:19','2018-10-09 13:43:11','2018-10-09 13:43:11',NULL),(115,13,20,2,30240.0000,'2017-07-05 06:48:48','2018-10-09 13:43:11','2018-10-09 13:43:11',NULL),(116,17,16,4,30240.0000,'2016-02-23 10:01:18','2018-10-09 13:43:11','2018-10-09 13:43:11',NULL),(117,20,18,4,30240.0000,'2016-03-06 08:50:36','2018-10-09 13:43:11','2018-10-09 13:43:11',NULL),(118,13,13,4,30240.0000,'2016-01-14 09:00:38','2018-10-09 13:43:11','2018-10-09 13:43:11',NULL),(119,21,13,4,30240.0000,'2016-11-19 20:02:46','2018-10-09 13:43:11','2018-10-09 13:43:11',NULL),(120,19,11,3,30240.0000,'2016-03-16 12:02:30','2018-10-09 13:43:11','2018-10-09 13:43:11',NULL),(121,15,7,4,30240.0000,'2016-04-28 16:11:00','2018-10-09 13:43:11','2018-10-09 13:43:11',NULL),(122,19,21,2,30240.0000,'2018-06-16 06:17:02','2018-10-09 13:43:11','2018-10-09 13:43:11',NULL),(123,18,12,6,30240.0000,'2018-08-22 01:57:59','2018-10-09 13:43:11','2018-10-09 13:43:11',NULL),(124,19,21,6,30240.0000,'2016-09-21 07:03:45','2018-10-09 13:43:11','2018-10-09 13:43:11',NULL),(125,13,8,3,30240.0000,'2016-05-06 03:22:45','2018-10-09 13:43:11','2018-10-09 13:43:11',NULL),(126,20,26,6,30240.0000,'2018-07-13 06:37:38','2018-10-09 13:43:11','2018-10-09 13:43:11',NULL),(127,18,25,5,30240.0000,'2018-05-11 21:47:34','2018-10-09 13:43:11','2018-10-09 13:43:11',NULL),(128,19,8,3,30240.0000,'2016-06-02 22:08:33','2018-10-09 13:43:11','2018-10-09 13:43:11',NULL),(129,21,15,3,30240.0000,'2018-02-14 07:58:11','2018-10-09 13:43:11','2018-10-09 13:43:11',NULL),(130,21,13,3,30240.0000,'2017-10-29 02:49:51','2018-10-09 13:43:11','2018-10-09 13:43:11',NULL),(131,17,19,2,30240.0000,'2017-12-14 19:41:13','2018-10-09 13:43:11','2018-10-09 13:43:11',NULL),(132,12,19,6,30240.0000,'2018-06-24 13:56:30','2018-10-09 13:43:11','2018-10-09 13:43:11',NULL),(133,18,16,3,30240.0000,'2016-05-18 17:15:31','2018-10-09 13:43:11','2018-10-09 13:43:11',NULL),(134,16,12,6,30240.0000,'2016-10-09 10:16:53','2018-10-09 13:43:11','2018-10-09 13:43:11',NULL),(135,17,11,6,30240.0000,'2018-04-17 03:21:05','2018-10-09 13:43:11','2018-10-09 13:43:11',NULL),(136,15,22,4,30240.0000,'2016-11-24 13:40:04','2018-10-09 13:43:11','2018-10-09 13:43:11',NULL),(137,20,7,6,30240.0000,'2016-12-12 05:07:34','2018-10-09 13:43:11','2018-10-09 13:43:11',NULL),(138,12,21,6,30240.0000,'2016-03-02 06:12:36','2018-10-09 13:43:11','2018-10-09 13:43:11',NULL),(139,12,19,3,30240.0000,'2016-06-08 08:37:56','2018-10-09 13:43:11','2018-10-09 13:43:11',NULL),(140,12,15,4,30240.0000,'2016-10-31 01:24:56','2018-10-09 13:43:11','2018-10-09 13:43:11',NULL),(141,19,12,6,30240.0000,'2017-05-19 22:19:12','2018-10-09 13:43:11','2018-10-09 13:43:11',NULL),(142,15,10,5,30240.0000,'2017-08-29 08:14:44','2018-10-09 13:43:11','2018-10-09 13:43:11',NULL),(143,21,24,6,30240.0000,'2018-01-12 14:51:46','2018-10-09 13:43:11','2018-10-09 13:43:11',NULL),(144,13,18,2,30240.0000,'2018-01-27 09:23:40','2018-10-09 13:43:11','2018-10-09 13:43:11',NULL),(145,13,13,2,30240.0000,'2017-09-20 18:33:23','2018-10-09 13:43:11','2018-10-09 13:43:11',NULL),(146,16,21,2,30240.0000,'2016-05-02 22:08:43','2018-10-09 13:43:11','2018-10-09 13:43:11',NULL),(147,12,10,5,30240.0000,'2016-09-07 18:52:34','2018-10-09 13:43:11','2018-10-09 13:43:11',NULL),(148,15,23,6,30240.0000,'2016-04-24 23:45:51','2018-10-09 13:43:11','2018-10-09 13:43:11',NULL),(149,18,17,2,30240.0000,'2016-06-24 10:08:56','2018-10-09 13:43:11','2018-10-09 13:43:11',NULL),(150,20,9,5,30240.0000,'2018-08-31 14:25:35','2018-10-09 13:43:11','2018-10-09 13:43:11',NULL),(151,15,12,6,30240.0000,'2016-02-03 15:35:31','2018-10-09 13:43:11','2018-10-09 13:43:11',NULL),(152,21,21,3,30240.0000,'2016-05-16 20:57:49','2018-10-09 13:43:11','2018-10-09 13:43:11',NULL),(153,20,20,2,30240.0000,'2016-09-01 20:06:04','2018-10-09 13:43:11','2018-10-09 13:43:11',NULL),(154,16,22,2,30240.0000,'2016-04-02 16:47:03','2018-10-09 13:43:11','2018-10-09 13:43:11',NULL),(155,20,8,4,30240.0000,'2017-10-05 06:43:54','2018-10-09 13:43:11','2018-10-09 13:43:11',NULL),(156,18,24,2,30240.0000,'2018-01-11 13:17:41','2018-10-09 13:43:11','2018-10-09 13:43:11',NULL),(157,14,19,4,30240.0000,'2016-07-25 23:23:22','2018-10-09 13:43:11','2018-10-09 13:43:11',NULL),(158,21,22,2,30240.0000,'2018-03-28 18:19:46','2018-10-09 13:43:11','2018-10-09 13:43:11',NULL),(159,13,25,5,30240.0000,'2016-10-03 01:35:17','2018-10-09 13:43:11','2018-10-09 13:43:11',NULL),(160,12,8,6,30240.0000,'2016-03-31 19:43:59','2018-10-09 13:43:11','2018-10-09 13:43:11',NULL),(161,12,24,6,30240.0000,'2016-08-23 08:42:35','2018-10-09 13:43:11','2018-10-09 13:43:11',NULL),(162,19,16,5,30240.0000,'2018-02-21 15:14:58','2018-10-09 13:43:11','2018-10-09 13:43:11',NULL),(163,13,13,3,30240.0000,'2017-10-13 18:16:22','2018-10-09 13:43:11','2018-10-09 13:43:11',NULL),(164,14,17,3,30240.0000,'2016-09-05 12:42:57','2018-10-09 13:43:11','2018-10-09 13:43:11',NULL),(165,21,24,6,30240.0000,'2018-09-27 20:19:11','2018-10-09 13:43:11','2018-10-09 13:43:11',NULL),(166,15,11,3,30240.0000,'2016-10-29 15:04:36','2018-10-09 13:43:11','2018-10-09 13:43:11',NULL),(167,12,20,4,30240.0000,'2016-11-01 08:43:37','2018-10-09 13:43:11','2018-10-09 13:43:11',NULL),(168,15,25,5,30240.0000,'2016-02-18 13:26:58','2018-10-09 13:43:11','2018-10-09 13:43:11',NULL),(169,17,9,5,30240.0000,'2017-04-08 21:22:28','2018-10-09 13:43:11','2018-10-09 13:43:11',NULL),(170,16,8,3,30240.0000,'2018-07-05 20:16:21','2018-10-09 13:43:11','2018-10-09 13:43:11',NULL),(171,18,15,5,30240.0000,'2017-04-10 02:35:14','2018-10-09 13:43:11','2018-10-09 13:43:11',NULL),(172,20,26,2,30240.0000,'2018-05-06 04:49:06','2018-10-09 13:43:11','2018-10-09 13:43:11',NULL),(173,12,24,3,30240.0000,'2016-10-19 16:51:51','2018-10-09 13:43:11','2018-10-09 13:43:11',NULL),(174,20,16,5,30240.0000,'2017-08-07 03:22:30','2018-10-09 13:43:11','2018-10-09 13:43:11',NULL),(175,14,9,3,30240.0000,'2017-11-05 23:50:27','2018-10-09 13:43:11','2018-10-09 13:43:11',NULL),(176,15,14,5,30240.0000,'2016-05-10 01:20:31','2018-10-09 13:43:11','2018-10-09 13:43:11',NULL),(177,16,24,6,30240.0000,'2017-06-18 03:10:50','2018-10-09 13:43:11','2018-10-09 13:43:11',NULL),(178,14,23,4,30240.0000,'2016-09-18 02:56:16','2018-10-09 13:43:11','2018-10-09 13:43:11',NULL),(179,14,17,4,30240.0000,'2018-04-11 21:29:37','2018-10-09 13:43:11','2018-10-09 13:43:11',NULL),(180,17,23,5,30240.0000,'2017-07-06 03:51:08','2018-10-09 13:43:11','2018-10-09 13:43:11',NULL),(181,14,23,6,30240.0000,'2016-08-17 05:45:48','2018-10-09 13:43:11','2018-10-09 13:43:11',NULL),(182,15,17,6,30240.0000,'2016-11-01 22:33:59','2018-10-09 13:43:11','2018-10-09 13:43:11',NULL),(183,18,11,2,30240.0000,'2017-12-04 15:30:15','2018-10-09 13:43:11','2018-10-09 13:43:11',NULL),(184,18,9,2,30240.0000,'2016-09-23 16:35:54','2018-10-09 13:43:11','2018-10-09 13:43:11',NULL),(185,18,23,2,30240.0000,'2016-03-22 15:30:56','2018-10-09 13:43:11','2018-10-09 13:43:11',NULL),(186,13,21,4,30240.0000,'2016-09-06 14:39:49','2018-10-09 13:43:11','2018-10-09 13:43:11',NULL),(187,18,23,6,30240.0000,'2018-07-10 08:00:54','2018-10-09 13:43:11','2018-10-09 13:43:11',NULL),(188,18,20,5,30240.0000,'2018-03-03 21:01:29','2018-10-09 13:43:11','2018-10-09 13:43:11',NULL),(189,15,25,5,30240.0000,'2017-09-13 12:19:06','2018-10-09 13:43:11','2018-10-09 13:43:11',NULL),(190,19,19,6,30240.0000,'2016-10-14 08:15:26','2018-10-09 13:43:11','2018-10-09 13:43:11',NULL),(191,15,24,6,30240.0000,'2016-08-01 16:20:45','2018-10-09 13:43:11','2018-10-09 13:43:11',NULL),(192,18,12,3,30240.0000,'2016-10-10 06:40:23','2018-10-09 13:43:11','2018-10-09 13:43:11',NULL),(193,20,14,5,30240.0000,'2018-04-21 20:59:39','2018-10-09 13:43:11','2018-10-09 13:43:11',NULL),(194,21,25,4,30240.0000,'2017-03-25 21:49:56','2018-10-09 13:43:11','2018-10-09 13:43:11',NULL),(195,19,8,4,30240.0000,'2018-06-30 20:51:17','2018-10-09 13:43:11','2018-10-09 13:43:11',NULL),(196,17,7,2,30240.0000,'2018-06-28 17:03:38','2018-10-09 13:43:11','2018-10-09 13:43:11',NULL),(197,12,19,2,30240.0000,'2016-06-22 22:13:19','2018-10-09 13:43:11','2018-10-09 13:43:11',NULL),(198,19,21,5,30240.0000,'2016-04-19 02:13:30','2018-10-09 13:43:11','2018-10-09 13:43:11',NULL),(199,13,23,6,30240.0000,'2017-04-26 09:23:31','2018-10-09 13:43:11','2018-10-09 13:43:11',NULL),(200,15,16,5,30240.0000,'2018-01-24 23:05:55','2018-10-09 13:43:11','2018-10-09 13:43:11',NULL),(201,12,18,6,30240.0000,'2018-08-04 20:29:22','2018-10-09 13:43:11','2018-10-09 13:43:11',NULL),(202,24,7,6,153.0000,'2016-07-18 22:57:51','2018-10-09 13:43:11','2018-10-09 13:43:11',NULL),(203,27,10,5,189.0000,'2018-02-08 03:00:12','2018-10-09 13:43:11','2018-10-09 13:43:11',NULL),(204,31,17,5,22.0000,'2018-04-26 04:36:59','2018-10-09 13:43:11','2018-10-09 13:43:11',NULL),(205,27,22,6,66.0000,'2017-04-08 20:20:15','2018-10-09 13:43:11','2018-10-09 13:43:11',NULL),(206,27,9,4,188.0000,'2016-03-09 19:33:53','2018-10-09 13:43:11','2018-10-09 13:43:11',NULL),(207,26,25,6,145.0000,'2016-09-22 02:00:45','2018-10-09 13:43:11','2018-10-09 13:43:11',NULL),(208,26,26,6,42.0000,'2018-04-19 19:06:47','2018-10-09 13:43:11','2018-10-09 13:43:11',NULL),(209,25,19,5,150.0000,'2016-10-31 13:17:32','2018-10-09 13:43:11','2018-10-09 13:43:11',NULL),(210,28,9,6,91.0000,'2017-06-21 12:48:50','2018-10-09 13:43:11','2018-10-09 13:43:11',NULL),(211,29,11,5,153.0000,'2016-01-23 08:07:35','2018-10-09 13:43:11','2018-10-09 13:43:11',NULL),(212,27,17,2,197.0000,'2017-12-26 09:33:24','2018-10-09 13:43:11','2018-10-09 13:43:11',NULL),(213,24,24,6,137.0000,'2017-07-31 20:54:08','2018-10-09 13:43:11','2018-10-09 13:43:11',NULL),(214,30,16,3,63.0000,'2018-04-15 17:06:27','2018-10-09 13:43:11','2018-10-09 13:43:11',NULL),(215,28,7,5,4.0000,'2016-12-22 06:15:11','2018-10-09 13:43:11','2018-10-09 13:43:11',NULL),(216,28,19,2,160.0000,'2018-04-01 02:45:04','2018-10-09 13:43:11','2018-10-09 13:43:11',NULL),(217,25,20,5,125.0000,'2017-08-04 07:36:54','2018-10-09 13:43:11','2018-10-09 13:43:11',NULL),(218,31,20,4,18.0000,'2018-04-27 12:15:54','2018-10-09 13:43:11','2018-10-09 13:43:11',NULL),(219,22,26,2,147.0000,'2018-07-19 10:10:52','2018-10-09 13:43:11','2018-10-09 13:43:11',NULL),(220,23,9,6,81.0000,'2016-01-21 12:56:16','2018-10-09 13:43:11','2018-10-09 13:43:11',NULL),(221,25,26,6,146.0000,'2017-02-23 07:33:26','2018-10-09 13:43:11','2018-10-09 13:43:11',NULL),(222,29,26,3,122.0000,'2016-05-12 12:49:22','2018-10-09 13:43:11','2018-10-09 13:43:11',NULL),(223,28,12,5,25.0000,'2017-08-06 18:09:36','2018-10-09 13:43:11','2018-10-09 13:43:11',NULL),(224,29,7,6,125.0000,'2017-10-09 07:47:44','2018-10-09 13:43:11','2018-10-09 13:43:11',NULL),(225,30,17,4,195.0000,'2017-12-20 02:02:17','2018-10-09 13:43:11','2018-10-09 13:43:11',NULL),(226,30,26,6,59.0000,'2017-11-08 15:31:23','2018-10-09 13:43:11','2018-10-09 13:43:11',NULL),(227,22,12,5,41.0000,'2018-01-28 10:16:02','2018-10-09 13:43:11','2018-10-09 13:43:11',NULL),(228,30,15,5,4.0000,'2016-12-23 22:07:39','2018-10-09 13:43:11','2018-10-09 13:43:11',NULL),(229,26,23,6,141.0000,'2016-04-30 03:42:42','2018-10-09 13:43:11','2018-10-09 13:43:11',NULL),(230,27,8,5,6.0000,'2016-06-16 02:21:35','2018-10-09 13:43:11','2018-10-09 13:43:11',NULL),(231,27,17,6,78.0000,'2016-03-04 23:26:13','2018-10-09 13:43:11','2018-10-09 13:43:11',NULL),(232,30,17,3,76.0000,'2016-04-04 15:49:51','2018-10-09 13:43:11','2018-10-09 13:43:11',NULL),(233,28,7,4,14.0000,'2017-10-09 23:24:48','2018-10-09 13:43:11','2018-10-09 13:43:11',NULL),(234,27,26,4,195.0000,'2018-04-01 08:19:50','2018-10-09 13:43:11','2018-10-09 13:43:11',NULL),(235,30,20,6,6.0000,'2016-11-04 01:56:16','2018-10-09 13:43:11','2018-10-09 13:43:11',NULL),(236,30,18,5,1.0000,'2017-01-19 10:03:50','2018-10-09 13:43:11','2018-10-09 13:43:11',NULL),(237,30,17,2,26.0000,'2018-06-21 10:00:15','2018-10-09 13:43:11','2018-10-09 13:43:11',NULL),(238,31,25,6,75.0000,'2016-12-24 23:00:00','2018-10-09 13:43:11','2018-10-09 13:43:11',NULL),(239,22,19,6,114.0000,'2018-08-06 15:48:23','2018-10-09 13:43:11','2018-10-09 13:43:11',NULL),(240,22,12,5,135.0000,'2018-01-06 12:09:54','2018-10-09 13:43:11','2018-10-09 13:43:11',NULL),(241,23,20,2,67.0000,'2016-11-06 14:36:06','2018-10-09 13:43:11','2018-10-09 13:43:11',NULL),(242,28,10,4,70.0000,'2017-07-08 10:38:43','2018-10-09 13:43:11','2018-10-09 13:43:11',NULL),(243,27,13,2,123.0000,'2017-07-16 11:42:42','2018-10-09 13:43:11','2018-10-09 13:43:11',NULL),(244,22,19,4,183.0000,'2018-01-10 03:25:11','2018-10-09 13:43:11','2018-10-09 13:43:11',NULL),(245,22,21,3,117.0000,'2016-07-05 20:08:06','2018-10-09 13:43:11','2018-10-09 13:43:11',NULL),(246,29,18,5,67.0000,'2016-08-28 05:53:13','2018-10-09 13:43:11','2018-10-09 13:43:11',NULL),(247,24,17,4,18.0000,'2016-12-13 22:02:27','2018-10-09 13:43:11','2018-10-09 13:43:11',NULL),(248,24,9,2,62.0000,'2018-08-01 01:57:20','2018-10-09 13:43:11','2018-10-09 13:43:11',NULL),(249,31,23,5,3.0000,'2018-08-29 08:25:42','2018-10-09 13:43:11','2018-10-09 13:43:11',NULL),(250,27,8,4,118.0000,'2018-06-11 17:50:54','2018-10-09 13:43:11','2018-10-09 13:43:11',NULL),(251,31,25,5,124.0000,'2017-05-25 14:51:50','2018-10-09 13:43:11','2018-10-09 13:43:11',NULL),(252,29,26,2,192.0000,'2016-03-04 11:38:53','2018-10-09 13:43:11','2018-10-09 13:43:11',NULL),(253,22,10,6,138.0000,'2016-10-26 23:20:34','2018-10-09 13:43:11','2018-10-09 13:43:11',NULL),(254,28,11,3,153.0000,'2017-10-02 06:43:27','2018-10-09 13:43:11','2018-10-09 13:43:11',NULL),(255,26,13,5,94.0000,'2017-10-05 21:44:58','2018-10-09 13:43:11','2018-10-09 13:43:11',NULL),(256,29,11,6,8.0000,'2016-03-02 20:50:46','2018-10-09 13:43:11','2018-10-09 13:43:11',NULL),(257,31,15,3,110.0000,'2016-05-31 16:03:03','2018-10-09 13:43:11','2018-10-09 13:43:11',NULL),(258,31,15,4,93.0000,'2017-12-03 09:43:52','2018-10-09 13:43:11','2018-10-09 13:43:11',NULL),(259,28,9,6,86.0000,'2017-05-29 06:01:48','2018-10-09 13:43:11','2018-10-09 13:43:11',NULL),(260,23,21,3,143.0000,'2018-09-15 15:32:13','2018-10-09 13:43:11','2018-10-09 13:43:11',NULL),(261,24,15,2,54.0000,'2017-03-29 07:03:18','2018-10-09 13:43:11','2018-10-09 13:43:11',NULL),(262,25,14,3,142.0000,'2017-02-04 04:23:48','2018-10-09 13:43:11','2018-10-09 13:43:11',NULL),(263,26,24,2,130.0000,'2017-02-22 08:49:13','2018-10-09 13:43:11','2018-10-09 13:43:11',NULL),(264,29,10,2,199.0000,'2016-07-21 13:44:38','2018-10-09 13:43:11','2018-10-09 13:43:11',NULL),(265,24,15,2,125.0000,'2016-09-17 21:00:31','2018-10-09 13:43:11','2018-10-09 13:43:11',NULL),(266,31,8,3,110.0000,'2018-03-07 12:39:12','2018-10-09 13:43:11','2018-10-09 13:43:11',NULL),(267,24,8,6,131.0000,'2017-03-20 18:08:50','2018-10-09 13:43:11','2018-10-09 13:43:11',NULL),(268,26,12,4,142.0000,'2016-04-14 13:46:29','2018-10-09 13:43:11','2018-10-09 13:43:11',NULL),(269,23,23,3,168.0000,'2017-06-22 08:31:24','2018-10-09 13:43:11','2018-10-09 13:43:11',NULL),(270,25,15,4,97.0000,'2018-06-12 11:41:01','2018-10-09 13:43:11','2018-10-09 13:43:11',NULL),(271,30,8,2,63.0000,'2018-01-05 03:40:11','2018-10-09 13:43:11','2018-10-09 13:43:11',NULL),(272,27,8,3,55.0000,'2018-06-11 22:25:15','2018-10-09 13:43:11','2018-10-09 13:43:11',NULL),(273,25,9,5,192.0000,'2017-12-08 09:24:40','2018-10-09 13:43:11','2018-10-09 13:43:11',NULL),(274,28,24,4,37.0000,'2016-11-02 03:18:57','2018-10-09 13:43:11','2018-10-09 13:43:11',NULL),(275,29,26,5,75.0000,'2016-10-13 05:21:33','2018-10-09 13:43:11','2018-10-09 13:43:11',NULL),(276,26,23,3,133.0000,'2016-05-29 21:56:46','2018-10-09 13:43:11','2018-10-09 13:43:11',NULL),(277,27,24,6,146.0000,'2017-12-25 14:20:28','2018-10-09 13:43:11','2018-10-09 13:43:11',NULL),(278,25,22,4,13.0000,'2017-05-21 19:00:42','2018-10-09 13:43:11','2018-10-09 13:43:11',NULL),(279,23,13,3,181.0000,'2017-03-20 08:38:17','2018-10-09 13:43:11','2018-10-09 13:43:11',NULL),(280,27,8,6,93.0000,'2017-01-18 16:20:17','2018-10-09 13:43:11','2018-10-09 13:43:11',NULL),(281,24,23,2,185.0000,'2017-10-18 19:17:06','2018-10-09 13:43:11','2018-10-09 13:43:11',NULL),(282,25,22,4,80.0000,'2016-10-07 22:17:02','2018-10-09 13:43:11','2018-10-09 13:43:11',NULL),(283,23,23,2,62.0000,'2017-01-17 16:01:52','2018-10-09 13:43:11','2018-10-09 13:43:11',NULL),(284,22,14,6,158.0000,'2017-01-18 23:39:29','2018-10-09 13:43:11','2018-10-09 13:43:11',NULL),(285,22,24,6,143.0000,'2017-02-21 08:54:33','2018-10-09 13:43:11','2018-10-09 13:43:11',NULL),(286,30,7,2,185.0000,'2016-08-09 17:05:07','2018-10-09 13:43:11','2018-10-09 13:43:11',NULL),(287,23,21,5,99.0000,'2016-07-13 22:38:05','2018-10-09 13:43:11','2018-10-09 13:43:11',NULL),(288,29,13,5,43.0000,'2018-06-23 14:38:16','2018-10-09 13:43:11','2018-10-09 13:43:11',NULL),(289,31,15,3,175.0000,'2016-03-20 21:41:05','2018-10-09 13:43:11','2018-10-09 13:43:11',NULL),(290,29,18,3,187.0000,'2017-09-29 07:56:24','2018-10-09 13:43:11','2018-10-09 13:43:11',NULL),(291,29,22,2,97.0000,'2016-06-21 15:33:26','2018-10-09 13:43:11','2018-10-09 13:43:11',NULL),(292,25,17,4,83.0000,'2016-09-15 07:57:03','2018-10-09 13:43:11','2018-10-09 13:43:11',NULL),(293,30,24,4,17.0000,'2018-06-11 17:29:45','2018-10-09 13:43:11','2018-10-09 13:43:11',NULL),(294,27,12,2,149.0000,'2018-02-22 06:18:26','2018-10-09 13:43:11','2018-10-09 13:43:11',NULL),(295,24,15,4,17.0000,'2017-02-15 22:28:02','2018-10-09 13:43:11','2018-10-09 13:43:11',NULL),(296,30,22,3,120.0000,'2018-02-05 12:40:05','2018-10-09 13:43:11','2018-10-09 13:43:11',NULL),(297,24,10,6,27.0000,'2017-04-08 05:34:57','2018-10-09 13:43:11','2018-10-09 13:43:11',NULL),(298,27,12,5,14.0000,'2017-03-08 15:10:28','2018-10-09 13:43:11','2018-10-09 13:43:11',NULL),(299,24,22,2,155.0000,'2018-09-12 12:24:16','2018-10-09 13:43:11','2018-10-09 13:43:11',NULL),(300,26,16,5,83.0000,'2016-03-16 08:30:59','2018-10-09 13:43:11','2018-10-09 13:43:11',NULL),(301,26,19,6,140.0000,'2018-04-24 10:12:47','2018-10-09 13:43:11','2018-10-09 13:43:11',NULL),(302,40,21,3,1.0000,'2018-01-13 18:16:20','2018-10-09 13:43:11','2018-10-09 13:43:11',NULL),(303,38,16,2,1.0000,'2018-05-12 10:59:16','2018-10-09 13:43:11','2018-10-09 13:43:11',NULL),(304,33,22,5,1.0000,'2017-10-09 07:21:46','2018-10-09 13:43:11','2018-10-09 13:43:11',NULL),(305,39,12,5,1.0000,'2017-12-02 11:53:52','2018-10-09 13:43:11','2018-10-09 13:43:11',NULL),(306,37,16,2,1.0000,'2018-02-10 23:36:00','2018-10-09 13:43:11','2018-10-09 13:43:11',NULL),(307,34,7,3,1.0000,'2018-03-21 03:03:32','2018-10-09 13:43:11','2018-10-09 13:43:11',NULL),(308,37,12,5,1.0000,'2016-03-27 10:33:39','2018-10-09 13:43:11','2018-10-09 13:43:11',NULL),(309,36,24,4,1.0000,'2016-10-07 22:12:56','2018-10-09 13:43:11','2018-10-09 13:43:11',NULL),(310,40,26,6,1.0000,'2017-06-05 12:40:58','2018-10-09 13:43:11','2018-10-09 13:43:11',NULL),(311,32,10,5,1.0000,'2018-03-04 16:11:58','2018-10-09 13:43:11','2018-10-09 13:43:11',NULL),(312,37,12,6,1.0000,'2018-07-08 06:58:47','2018-10-09 13:43:11','2018-10-09 13:43:11',NULL),(313,34,21,6,1.0000,'2018-02-19 14:45:21','2018-10-09 13:43:11','2018-10-09 13:43:11',NULL),(314,39,19,5,1.0000,'2018-09-12 09:26:34','2018-10-09 13:43:11','2018-10-09 13:43:11',NULL),(315,38,17,2,1.0000,'2017-04-18 03:02:14','2018-10-09 13:43:11','2018-10-09 13:43:11',NULL),(316,32,25,2,1.0000,'2017-02-16 13:02:15','2018-10-09 13:43:11','2018-10-09 13:43:11',NULL),(317,38,19,6,1.0000,'2016-08-10 11:58:12','2018-10-09 13:43:11','2018-10-09 13:43:11',NULL),(318,38,14,2,1.0000,'2017-08-10 06:26:21','2018-10-09 13:43:11','2018-10-09 13:43:11',NULL),(319,34,24,2,1.0000,'2018-04-01 17:01:23','2018-10-09 13:43:11','2018-10-09 13:43:11',NULL),(320,38,26,4,1.0000,'2017-10-29 08:44:17','2018-10-09 13:43:11','2018-10-09 13:43:11',NULL),(321,37,22,6,1.0000,'2017-08-25 12:43:48','2018-10-09 13:43:11','2018-10-09 13:43:11',NULL),(322,38,19,6,1.0000,'2016-01-14 10:00:54','2018-10-09 13:43:11','2018-10-09 13:43:11',NULL),(323,33,9,5,1.0000,'2016-03-22 12:40:09','2018-10-09 13:43:11','2018-10-09 13:43:11',NULL),(324,40,26,3,1.0000,'2017-09-27 22:51:17','2018-10-09 13:43:11','2018-10-09 13:43:11',NULL),(325,33,24,5,1.0000,'2017-09-17 14:03:22','2018-10-09 13:43:11','2018-10-09 13:43:11',NULL),(326,39,23,5,1.0000,'2016-05-27 07:29:47','2018-10-09 13:43:11','2018-10-09 13:43:11',NULL),(327,32,23,2,1.0000,'2017-05-15 03:13:21','2018-10-09 13:43:11','2018-10-09 13:43:11',NULL),(328,35,17,4,1.0000,'2016-08-02 23:55:23','2018-10-09 13:43:11','2018-10-09 13:43:11',NULL),(329,34,7,2,1.0000,'2016-09-15 12:33:42','2018-10-09 13:43:11','2018-10-09 13:43:11',NULL),(330,33,9,2,1.0000,'2017-12-06 08:36:54','2018-10-09 13:43:11','2018-10-09 13:43:11',NULL),(331,32,8,2,1.0000,'2018-07-01 21:13:00','2018-10-09 13:43:11','2018-10-09 13:43:11',NULL),(332,32,21,6,1.0000,'2018-07-20 15:00:12','2018-10-09 13:43:11','2018-10-09 13:43:11',NULL),(333,38,9,3,1.0000,'2017-09-04 08:15:32','2018-10-09 13:43:11','2018-10-09 13:43:11',NULL),(334,32,25,6,1.0000,'2016-05-12 11:52:54','2018-10-09 13:43:11','2018-10-09 13:43:11',NULL),(335,38,17,6,1.0000,'2017-11-13 05:10:24','2018-10-09 13:43:11','2018-10-09 13:43:11',NULL),(336,38,14,5,1.0000,'2016-10-25 23:06:58','2018-10-09 13:43:11','2018-10-09 13:43:11',NULL),(337,36,26,4,1.0000,'2016-10-22 12:13:22','2018-10-09 13:43:11','2018-10-09 13:43:11',NULL),(338,38,21,5,1.0000,'2016-04-08 10:52:56','2018-10-09 13:43:11','2018-10-09 13:43:11',NULL),(339,34,22,6,1.0000,'2017-02-01 20:17:20','2018-10-09 13:43:11','2018-10-09 13:43:11',NULL),(340,41,13,5,1.0000,'2017-12-24 06:47:13','2018-10-09 13:43:11','2018-10-09 13:43:11',NULL),(341,32,11,4,1.0000,'2017-09-29 11:03:19','2018-10-09 13:43:11','2018-10-09 13:43:11',NULL),(342,33,11,6,1.0000,'2018-09-13 23:08:41','2018-10-09 13:43:11','2018-10-09 13:43:11',NULL),(343,41,22,3,1.0000,'2016-10-23 07:42:30','2018-10-09 13:43:11','2018-10-09 13:43:11',NULL),(344,35,25,3,1.0000,'2018-06-07 16:25:59','2018-10-09 13:43:11','2018-10-09 13:43:11',NULL),(345,41,22,2,1.0000,'2018-06-28 06:35:20','2018-10-09 13:43:11','2018-10-09 13:43:11',NULL),(346,33,20,6,1.0000,'2017-01-31 22:10:45','2018-10-09 13:43:11','2018-10-09 13:43:11',NULL),(347,35,22,2,1.0000,'2018-08-23 22:26:37','2018-10-09 13:43:11','2018-10-09 13:43:11',NULL),(348,38,26,4,1.0000,'2018-04-24 08:12:24','2018-10-09 13:43:11','2018-10-09 13:43:11',NULL),(349,39,21,5,1.0000,'2017-04-11 12:57:34','2018-10-09 13:43:11','2018-10-09 13:43:11',NULL),(350,37,13,6,1.0000,'2016-10-21 18:10:28','2018-10-09 13:43:11','2018-10-09 13:43:11',NULL),(351,38,17,6,1.0000,'2017-11-26 05:18:01','2018-10-09 13:43:11','2018-10-09 13:43:11',NULL),(352,32,25,6,1.0000,'2016-03-05 21:55:35','2018-10-09 13:43:11','2018-10-09 13:43:11',NULL),(353,38,10,3,1.0000,'2017-07-20 02:36:16','2018-10-09 13:43:11','2018-10-09 13:43:11',NULL),(354,35,14,6,1.0000,'2016-08-17 06:27:56','2018-10-09 13:43:11','2018-10-09 13:43:11',NULL),(355,37,25,2,1.0000,'2018-08-03 03:40:36','2018-10-09 13:43:11','2018-10-09 13:43:11',NULL),(356,39,10,6,1.0000,'2016-07-09 23:36:51','2018-10-09 13:43:11','2018-10-09 13:43:11',NULL),(357,32,7,6,1.0000,'2018-02-24 16:54:11','2018-10-09 13:43:11','2018-10-09 13:43:11',NULL),(358,32,22,4,1.0000,'2017-12-23 02:56:41','2018-10-09 13:43:11','2018-10-09 13:43:11',NULL),(359,38,13,5,1.0000,'2017-12-08 05:19:06','2018-10-09 13:43:11','2018-10-09 13:43:11',NULL),(360,39,9,5,1.0000,'2017-02-23 05:53:36','2018-10-09 13:43:11','2018-10-09 13:43:11',NULL),(361,39,8,4,1.0000,'2018-05-27 07:02:44','2018-10-09 13:43:11','2018-10-09 13:43:11',NULL),(362,41,23,6,1.0000,'2016-04-19 16:45:56','2018-10-09 13:43:11','2018-10-09 13:43:11',NULL),(363,41,14,6,1.0000,'2017-01-21 17:24:18','2018-10-09 13:43:11','2018-10-09 13:43:11',NULL),(364,32,19,2,1.0000,'2018-09-21 01:50:53','2018-10-09 13:43:11','2018-10-09 13:43:11',NULL),(365,34,19,4,1.0000,'2017-06-26 03:41:16','2018-10-09 13:43:11','2018-10-09 13:43:11',NULL),(366,41,11,3,1.0000,'2017-10-11 16:22:54','2018-10-09 13:43:11','2018-10-09 13:43:11',NULL),(367,35,23,6,1.0000,'2016-03-04 08:19:29','2018-10-09 13:43:11','2018-10-09 13:43:11',NULL),(368,39,21,4,1.0000,'2016-07-19 21:00:28','2018-10-09 13:43:11','2018-10-09 13:43:11',NULL),(369,33,18,5,1.0000,'2017-09-03 22:41:44','2018-10-09 13:43:11','2018-10-09 13:43:11',NULL),(370,41,16,3,1.0000,'2016-06-14 20:47:33','2018-10-09 13:43:11','2018-10-09 13:43:11',NULL),(371,41,25,5,1.0000,'2016-04-24 13:02:37','2018-10-09 13:43:11','2018-10-09 13:43:11',NULL),(372,32,9,6,1.0000,'2017-06-09 23:55:37','2018-10-09 13:43:11','2018-10-09 13:43:11',NULL),(373,34,16,5,1.0000,'2017-11-17 09:40:50','2018-10-09 13:43:11','2018-10-09 13:43:11',NULL),(374,40,17,6,1.0000,'2018-09-03 07:43:07','2018-10-09 13:43:11','2018-10-09 13:43:11',NULL),(375,36,16,4,1.0000,'2017-05-30 21:41:56','2018-10-09 13:43:11','2018-10-09 13:43:11',NULL),(376,35,16,4,1.0000,'2017-04-23 12:33:34','2018-10-09 13:43:11','2018-10-09 13:43:11',NULL),(377,32,8,2,1.0000,'2016-05-03 23:38:38','2018-10-09 13:43:11','2018-10-09 13:43:11',NULL),(378,38,13,5,1.0000,'2016-03-28 16:45:13','2018-10-09 13:43:11','2018-10-09 13:43:11',NULL),(379,38,24,6,1.0000,'2016-08-27 22:16:04','2018-10-09 13:43:11','2018-10-09 13:43:11',NULL),(380,33,9,3,1.0000,'2017-07-03 12:12:50','2018-10-09 13:43:11','2018-10-09 13:43:11',NULL),(381,38,13,4,1.0000,'2018-08-21 20:35:56','2018-10-09 13:43:11','2018-10-09 13:43:11',NULL),(382,34,9,3,1.0000,'2017-11-18 03:47:27','2018-10-09 13:43:11','2018-10-09 13:43:11',NULL),(383,41,24,3,1.0000,'2017-01-22 12:15:32','2018-10-09 13:43:11','2018-10-09 13:43:11',NULL),(384,37,26,4,1.0000,'2016-06-12 11:48:55','2018-10-09 13:43:11','2018-10-09 13:43:11',NULL),(385,35,8,3,1.0000,'2016-04-26 16:35:31','2018-10-09 13:43:11','2018-10-09 13:43:11',NULL),(386,40,20,6,1.0000,'2017-07-13 15:19:27','2018-10-09 13:43:11','2018-10-09 13:43:11',NULL),(387,36,14,3,1.0000,'2017-02-17 04:06:06','2018-10-09 13:43:11','2018-10-09 13:43:11',NULL),(388,33,13,4,1.0000,'2018-07-08 18:21:48','2018-10-09 13:43:11','2018-10-09 13:43:11',NULL),(389,39,11,3,1.0000,'2017-01-24 22:11:06','2018-10-09 13:43:11','2018-10-09 13:43:11',NULL),(390,33,19,5,1.0000,'2017-05-16 17:04:28','2018-10-09 13:43:11','2018-10-09 13:43:11',NULL),(391,38,10,5,1.0000,'2017-06-29 01:41:44','2018-10-09 13:43:11','2018-10-09 13:43:11',NULL),(392,33,11,3,1.0000,'2017-05-26 15:29:07','2018-10-09 13:43:11','2018-10-09 13:43:11',NULL),(393,40,16,6,1.0000,'2018-06-21 14:45:21','2018-10-09 13:43:11','2018-10-09 13:43:11',NULL),(394,41,17,3,1.0000,'2017-01-07 23:18:35','2018-10-09 13:43:11','2018-10-09 13:43:11',NULL),(395,35,12,3,1.0000,'2018-02-15 17:13:36','2018-10-09 13:43:11','2018-10-09 13:43:11',NULL),(396,34,26,3,1.0000,'2018-04-30 18:51:10','2018-10-09 13:43:11','2018-10-09 13:43:11',NULL),(397,41,14,4,1.0000,'2016-04-27 05:19:33','2018-10-09 13:43:11','2018-10-09 13:43:11',NULL),(398,37,15,3,1.0000,'2017-12-06 14:37:18','2018-10-09 13:43:11','2018-10-09 13:43:11',NULL),(399,35,16,5,1.0000,'2018-01-09 23:04:01','2018-10-09 13:43:11','2018-10-09 13:43:11',NULL),(400,40,14,3,1.0000,'2018-03-11 09:27:03','2018-10-09 13:43:11','2018-10-09 13:43:11',NULL),(401,36,11,3,1.0000,'2016-01-31 23:45:20','2018-10-09 13:43:11','2018-10-09 13:43:11',NULL),(402,42,7,4,1.0000,'2016-10-12 21:32:03','2018-10-09 13:43:11','2018-10-09 13:43:11',NULL),(403,42,18,2,1.0000,'2017-12-03 06:11:25','2018-10-09 13:43:11','2018-10-09 13:43:11',NULL),(404,42,16,5,1.0000,'2016-02-06 08:26:24','2018-10-09 13:43:11','2018-10-09 13:43:11',NULL),(405,42,8,2,1.0000,'2018-03-05 09:49:30','2018-10-09 13:43:11','2018-10-09 13:43:11',NULL),(406,42,19,5,1.0000,'2016-06-05 14:18:20','2018-10-09 13:43:11','2018-10-09 13:43:11',NULL),(407,43,26,3,1.0000,'2017-04-02 19:37:52','2018-10-09 13:43:11','2018-10-09 13:43:11',NULL),(408,43,25,5,1.0000,'2016-12-16 09:05:11','2018-10-09 13:43:11','2018-10-09 13:43:11',NULL),(409,43,10,3,1.0000,'2017-08-24 19:02:38','2018-10-09 13:43:11','2018-10-09 13:43:11',NULL),(410,43,24,3,1.0000,'2018-02-15 11:42:21','2018-10-09 13:43:11','2018-10-09 13:43:11',NULL),(411,43,14,3,1.0000,'2018-03-27 12:01:54','2018-10-09 13:43:11','2018-10-09 13:43:11',NULL),(412,16,13,2,46.0000,'2018-09-24 16:01:18','2018-10-09 13:43:11','2018-10-09 13:43:11',NULL),(413,21,21,6,87.0000,'2013-08-22 08:46:02','2018-10-09 13:43:11','2018-10-09 13:43:11',NULL),(414,13,15,6,192.0000,'2013-08-07 23:38:21','2018-10-09 13:43:11','2018-10-09 13:43:11',NULL),(415,15,22,4,39.0000,'2018-07-18 23:22:05','2018-10-09 13:43:11','2018-10-09 13:43:11',NULL),(416,21,21,2,127.0000,'2015-12-17 16:13:57','2018-10-09 13:43:11','2018-10-09 13:43:11',NULL),(417,15,22,3,199.0000,'2016-05-08 05:54:25','2018-10-09 13:43:11','2018-10-09 13:43:11',NULL),(418,14,7,4,50.0000,'2013-06-20 06:47:49','2018-10-09 13:43:11','2018-10-09 13:43:11',NULL),(419,12,15,3,193.0000,'2016-08-12 06:06:40','2018-10-09 13:43:11','2018-10-09 13:43:11',NULL),(420,18,14,5,131.0000,'2017-04-12 16:13:34','2018-10-09 13:43:11','2018-10-09 13:43:11',NULL),(421,13,24,5,85.0000,'2017-07-09 17:33:02','2018-10-09 13:43:11','2018-10-09 13:43:11',NULL),(422,21,13,2,188.0000,'2016-10-12 13:20:27','2018-10-09 13:43:11','2018-10-09 13:43:11',NULL),(423,17,12,4,83.0000,'2015-01-23 12:34:47','2018-10-09 13:43:11','2018-10-09 13:43:11',NULL),(424,17,17,5,47.0000,'2015-06-05 13:09:24','2018-10-09 13:43:11','2018-10-09 13:43:11',NULL),(425,18,25,2,8.0000,'2014-08-17 23:47:57','2018-10-09 13:43:11','2018-10-09 13:43:11',NULL),(426,21,8,2,66.0000,'2018-04-05 05:24:35','2018-10-09 13:43:11','2018-10-09 13:43:11',NULL),(427,20,26,5,99.0000,'2014-09-07 02:26:39','2018-10-09 13:43:11','2018-10-09 13:43:11',NULL),(428,13,12,2,125.0000,'2015-04-03 05:00:21','2018-10-09 13:43:11','2018-10-09 13:43:11',NULL),(429,13,26,2,52.0000,'2015-04-12 13:39:59','2018-10-09 13:43:11','2018-10-09 13:43:11',NULL),(430,18,23,3,189.0000,'2014-05-05 21:58:16','2018-10-09 13:43:11','2018-10-09 13:43:11',NULL),(431,20,11,3,38.0000,'2016-06-13 08:48:38','2018-10-09 13:43:11','2018-10-09 13:43:11',NULL),(432,13,14,5,91.0000,'2017-04-26 19:18:14','2018-10-09 13:43:11','2018-10-09 13:43:11',NULL),(433,12,18,4,7.0000,'2017-03-12 13:30:26','2018-10-09 13:43:11','2018-10-09 13:43:11',NULL),(434,17,19,6,200.0000,'2014-06-24 07:54:14','2018-10-09 13:43:11','2018-10-09 13:43:11',NULL),(435,16,10,4,165.0000,'2015-09-02 01:00:04','2018-10-09 13:43:11','2018-10-09 13:43:11',NULL),(436,15,14,4,98.0000,'2014-01-05 22:47:04','2018-10-09 13:43:11','2018-10-09 13:43:11',NULL),(437,15,25,6,185.0000,'2017-12-31 12:43:31','2018-10-09 13:43:11','2018-10-09 13:43:11',NULL),(438,16,14,3,128.0000,'2016-08-09 18:29:19','2018-10-09 13:43:11','2018-10-09 13:43:11',NULL),(439,15,14,2,120.0000,'2013-11-07 08:47:55','2018-10-09 13:43:11','2018-10-09 13:43:11',NULL),(440,14,7,2,4.0000,'2015-08-26 08:19:43','2018-10-09 13:43:11','2018-10-09 13:43:11',NULL),(441,12,15,5,33.0000,'2017-10-10 17:43:32','2018-10-09 13:43:11','2018-10-09 13:43:11',NULL),(442,21,24,5,189.0000,'2013-09-15 17:21:14','2018-10-09 13:43:11','2018-10-09 13:43:11',NULL),(443,12,7,2,6.0000,'2016-06-24 10:42:00','2018-10-09 13:43:11','2018-10-09 13:43:11',NULL),(444,16,25,5,160.0000,'2014-01-20 20:36:59','2018-10-09 13:43:11','2018-10-09 13:43:11',NULL),(445,13,25,2,126.0000,'2016-10-22 19:05:22','2018-10-09 13:43:11','2018-10-09 13:43:11',NULL),(446,21,18,4,5.0000,'2013-09-24 08:37:31','2018-10-09 13:43:11','2018-10-09 13:43:11',NULL),(447,12,21,5,140.0000,'2016-04-18 01:48:12','2018-10-09 13:43:11','2018-10-09 13:43:11',NULL),(448,17,8,3,76.0000,'2018-03-11 05:41:53','2018-10-09 13:43:11','2018-10-09 13:43:11',NULL),(449,17,13,4,122.0000,'2017-01-20 23:59:54','2018-10-09 13:43:11','2018-10-09 13:43:11',NULL),(450,12,25,2,59.0000,'2014-11-25 14:06:39','2018-10-09 13:43:11','2018-10-09 13:43:11',NULL),(451,20,18,5,197.0000,'2016-04-27 02:06:12','2018-10-09 13:43:11','2018-10-09 13:43:11',NULL),(452,12,16,5,190.0000,'2014-01-26 12:37:09','2018-10-09 13:43:11','2018-10-09 13:43:11',NULL),(453,15,26,3,178.0000,'2016-09-06 18:25:20','2018-10-09 13:43:11','2018-10-09 13:43:11',NULL),(454,18,22,5,9.0000,'2015-12-06 19:43:08','2018-10-09 13:43:11','2018-10-09 13:43:11',NULL),(455,21,17,3,58.0000,'2017-08-19 08:33:29','2018-10-09 13:43:11','2018-10-09 13:43:11',NULL),(456,20,16,6,128.0000,'2014-02-28 09:38:14','2018-10-09 13:43:11','2018-10-09 13:43:11',NULL),(457,19,22,5,132.0000,'2015-08-12 16:26:12','2018-10-09 13:43:11','2018-10-09 13:43:11',NULL),(458,15,26,5,86.0000,'2018-02-06 15:39:58','2018-10-09 13:43:11','2018-10-09 13:43:11',NULL),(459,17,10,4,100.0000,'2017-05-01 07:00:34','2018-10-09 13:43:11','2018-10-09 13:43:11',NULL),(460,12,16,6,51.0000,'2013-10-03 04:34:36','2018-10-09 13:43:11','2018-10-09 13:43:11',NULL),(461,13,23,2,154.0000,'2017-05-16 07:26:23','2018-10-09 13:43:11','2018-10-09 13:43:11',NULL);
/*!40000 ALTER TABLE `timeslices` ENABLE KEYS */;
UNLOCK TABLES;

--
-- Table structure for table `users`
--

DROP TABLE IF EXISTS `users`;
/*!40101 SET @saved_cs_client     = @@character_set_client */;
/*!40101 SET character_set_client = utf8 */;
CREATE TABLE `users` (
  `id` int(11) NOT NULL AUTO_INCREMENT,
  `username` varchar(180) COLLATE utf8_unicode_ci NOT NULL,
  `username_canonical` varchar(180) COLLATE utf8_unicode_ci NOT NULL,
  `email` varchar(180) COLLATE utf8_unicode_ci NOT NULL,
  `email_canonical` varchar(180) COLLATE utf8_unicode_ci NOT NULL,
  `enabled` tinyint(1) NOT NULL,
  `salt` varchar(255) COLLATE utf8_unicode_ci DEFAULT NULL,
  `password` varchar(255) COLLATE utf8_unicode_ci NOT NULL,
  `last_login` datetime DEFAULT NULL,
  `confirmation_token` varchar(180) COLLATE utf8_unicode_ci DEFAULT NULL,
  `password_requested_at` datetime DEFAULT NULL,
  `roles` longtext COLLATE utf8_unicode_ci NOT NULL COMMENT '(DC2Type:array)',
  `firstname` varchar(255) COLLATE utf8_unicode_ci DEFAULT NULL,
  `lastname` varchar(255) COLLATE utf8_unicode_ci DEFAULT NULL,
  `created_at` datetime NOT NULL,
  `updated_at` datetime NOT NULL,
  `employeeholiday` int(11) DEFAULT NULL,
  `discr` varchar(255) COLLATE utf8_unicode_ci NOT NULL,
  `extend_timetrack` tinyint(1) DEFAULT NULL,
  PRIMARY KEY (`id`),
  UNIQUE KEY `UNIQ_1483A5E992FC23A8` (`username_canonical`),
  UNIQUE KEY `UNIQ_1483A5E9A0D96FBF` (`email_canonical`),
  UNIQUE KEY `UNIQ_1483A5E9C05FB297` (`confirmation_token`)
) ENGINE=InnoDB AUTO_INCREMENT=27 DEFAULT CHARSET=utf8 COLLATE=utf8_unicode_ci;
/*!40101 SET character_set_client = @saved_cs_client */;

--
-- Dumping data for table `users`
--

LOCK TABLES `users` WRITE;
/*!40000 ALTER TABLE `users` DISABLE KEYS */;
INSERT INTO `users` VALUES (1,'admin','admin','admin@example.com','admin@example.com',1,'W2Jih6NYUJFtS8QzVs6Uux6s0LRofTxm7rRUNfWSKbU','eMcQI7V1Oyo0eBiBal3J2RQGEMFVdxjs9kpjaAY46PvLLuXol4PdkwDpJ0oa62Pwz3YhMUs/XPHR245iwHpb3w==',NULL,NULL,NULL,'a:1:{i:0;s:16:\"ROLE_SUPER_ADMIN\";}','Default','User','2018-10-09 13:43:11','2018-10-09 13:43:11',20,'employee',1),(2,'probst.jose','probst.jose','richard.maurer@zehnder.com','richard.maurer@zehnder.com',1,'ftTZB029OI4eJnuCyjueM4cFlT2UkXMWlhojSY.P3ks','JivcwL09bZD6JCbvvBSlZmQsq6aSHq15udjw9FsoBA0gAtlS3n8UxnuAZVfdEL2R5GMjSGCEdGZTAKXUJ71uBg==',NULL,NULL,NULL,'a:0:{}','Frank','Schütz','2018-10-09 13:43:11','2018-10-09 13:43:11',20,'employee',1),(3,'hans.mathys','hans.mathys','marc58@hunziker.ch','marc58@hunziker.ch',0,'7dxvYx7AkNsZLbP3WgSrdYcip.Ups5u7/bmrwegCbi0','Af916EP1yKmLQGhiOtUuwznVlQovCtgGldio1/crCaJh9+Meb1sRokLPDAfvwsSMpTnL64u/VdzGd3mvYnq7sw==',NULL,NULL,NULL,'a:0:{}','Rolf','Tobler','2018-10-09 13:43:11','2018-10-09 13:43:11',20,'employee',1),(4,'nhanni','nhanni','ibetschart@ulrich.net','ibetschart@ulrich.net',1,'mzrNQQP/5tS0RppvExS.4AMSM4OGPAyfqpXAt4BKcXw','Sz6ZqTTWj6eGQIsMMLZEV1ONDWeEAwSCP7fB1HEUVeeyiABnUSlQUsmQzMJ6OoXG5pT6r87MhLw3rrvI8ift/A==',NULL,NULL,NULL,'a:0:{}','Stefanie','Bürki','2018-10-09 13:43:11','2018-10-09 13:43:11',20,'employee',1),(5,'ramon17','ramon17','schmid.michaela@eugster.ch','schmid.michaela@eugster.ch',0,'DzpAdNuoCwj30udxUYe87a/4H/BRObr5A1Kk05l0Gv0','fRnc0w5Cs6Qd02A1IRrLWumB5Mn6t5E0oRU6TGqCY2/C6BlOLAFnCe+durHw3KFpBo1oxR40KagdEwO0PfJ1Mw==',NULL,NULL,NULL,'a:0:{}','Hugo','Egger','2018-10-09 13:43:11','2018-10-09 13:43:11',20,'employee',1),(6,'christina07','christina07','bettina99@steffen.ch','bettina99@steffen.ch',1,'4GAdseQUZ7f7ukAQSoBEzO2M8gUTC0DjWKISG7yVB8E','xOD7tgpYukCRXcPo5JeiIsv/K3zpkJjK5poCP+AG2dIYHgBL7ui4kL+wh2S50vzdexRDkUgE0DmGt0Mbf1thiw==',NULL,NULL,NULL,'a:0:{}','Helena','Wüthrich','2018-10-09 13:43:11','2018-10-09 13:43:11',20,'employee',1),(7,'keller.jonathan','keller.jonathan','employee1@example.org','employee1@example.org',1,'UyxB/ZD/6vPeBSwIu1/qERVzB3Gaj0uQ6tbQdqjq5MU','NslMw/yX3cUeWINrAHS94jbgjWq9SH1w9NW1ozTFqWzhydgp1nDYLQCrkV+kr8aO4zFXfpzORNLohdiZSm1KTg==',NULL,NULL,NULL,'a:1:{i:0;s:16:\"ROLE_SUPER_ADMIN\";}','Default','User','2018-10-09 13:43:11','2018-10-09 13:43:11',20,'employee',1),(8,'marianna50','marianna50','ott.mike@swissonline.ch','ott.mike@swissonline.ch',0,'O5ag/JziVW5YPpDwRSCAHtdyQ5pDdGe13CZEB0hQKhA','MoKb042HxhgKEF3UQ1oYGa0l/UEmZf3zJZ1ecsdZmveuuUnysodV0+dBrDDNwXWjHdAObZpse/QFgZ/aVLWhwQ==',NULL,NULL,NULL,'a:0:{}','Matthias','Haller','2018-10-09 13:43:11','2018-10-09 13:43:11',20,'employee',1),(9,'ilutz','ilutz','marco98@krebs.ch','marco98@krebs.ch',0,'7tEkUFb2ikYGFLvvNa/Clml/E5kitmXNoEL1/gbhejo','gjViecml87QIRUAg6figSkJNR0mUeO6vAMAzazu5coIPmABDw+3S8JEbDjlmqKowFZNq7BcaJJZ9roeSFqNh1Q==',NULL,NULL,NULL,'a:0:{}','Aline','Brunner','2018-10-09 13:43:11','2018-10-09 13:43:11',20,'employee',1),(10,'georg.brunner','georg.brunner','adrian.wagner@lutz.net','adrian.wagner@lutz.net',0,'452WtekQtFtuAFiQStDJLMGKqhkE4GMsV.EyazzEowA','ZIHdGtDyygV60XpXPCBcqr3JSi2RV89AXOQvmvBDiEE6DGHnPa4FQMvV87xBF0mEagU76nbLmPmXrQPpzNkHLQ==',NULL,NULL,NULL,'a:0:{}','Nora','Sigrist','2018-10-09 13:43:11','2018-10-09 13:43:11',20,'employee',1),(11,'jennifer.walser','jennifer.walser','petra.burri@scherrer.li','petra.burri@scherrer.li',1,'3hHwi53VaQ7BzN/pqPC2bvrBG0l885poxMl7Q8npgrg','bXvUmnYwMKgNM2/iQkYtk1giOQTaccMtm0UaeLogo68SX/NuJqLtigz0AAsCJuYP5/CofYo4GwRaQiv/Kr7czw==',NULL,NULL,NULL,'a:0:{}','Gabriela','Zwahlen','2018-10-09 13:43:11','2018-10-09 13:43:11',20,'employee',1),(12,'raphael48','raphael48','anna99@gmail.com','anna99@gmail.com',1,'l..pvsX.7tt8M69SdCndACs9PiE9EUZ56IRWdif1J8k','2vbbw9EFA965jWf8Mq/ITwoc7lLEOPT9jT5dlI4lPZXGf75qLzWMnhPiKX1rok73kAskEq4q2OyJnV40iPE6lw==',NULL,NULL,NULL,'a:0:{}','Armin','Meister','2018-10-09 13:43:11','2018-10-09 13:43:11',20,'employee',1),(13,'betschart.sandro','betschart.sandro','rgisler@gmx.ch','rgisler@gmx.ch',0,'utO9Uket/geZJwLCX.4dhPljBwpm896gRKzXQeJ5S2o','j46DnCwQCuHtO03u5pFgf1/P5fL5R0nlDqRGa1I5D0fCRO06VChfiTD/v4iAPZvDymR0Y/fKwZyatxRtmJwd8w==',NULL,NULL,NULL,'a:0:{}','Pia','Stutz','2018-10-09 13:43:11','2018-10-09 13:43:11',20,'employee',1),(14,'reber.esther','reber.esther','pascal.brunner@jost.li','pascal.brunner@jost.li',1,'w.9PEVwm6HCrwjfnjX14qnkxUUlKlvIAq.8ARzvP7yM','vK6ywjGAz1NlL97X/rnFK2MHalrwKItrCwU+8bmqAa/cn6OVC57FwJz84mkWAK3Y1+6SUpirOAIAB+fgABSyWw==',NULL,NULL,NULL,'a:0:{}','Sandro','Achermann','2018-10-09 13:43:11','2018-10-09 13:43:11',20,'employee',1),(15,'beck.milena','beck.milena','shafliger@bieri.net','shafliger@bieri.net',1,'toogI86zuv0Dlc49CcqqR67HNJW/TR.uMkNM6ws2CzE','dEA+oCEb5PMolszepLDp6YP8D67GKDPKG6DY9xcIvZJfzbOQzhMAcA+HbFm/SvqviBCUP1QJY/CD9QpuBcV/Lg==',NULL,NULL,NULL,'a:0:{}','Alex','Koller','2018-10-09 13:43:11','2018-10-09 13:43:11',20,'employee',1),(16,'ipeter','ipeter','kevin14@gmx.ch','kevin14@gmx.ch',0,'YPuLg31g8gzO2slVqA6PE07c1fKeC.PoC8foLWhZX70','VX1Mpr4B13mRZAJP00sfwj6NTKgZzpoM3FpjrX9UrdytF0bGRoVoUkwb7PdT5SnmKiDDj6fcVQBDPlbrx7qojw==',NULL,NULL,NULL,'a:0:{}','Jonathan','Sutter','2018-10-09 13:43:11','2018-10-09 13:43:11',20,'employee',1),(17,'jessica83','jessica83','katja68@hotmail.com','katja68@hotmail.com',1,'1RWpKcitGxBgEtxxmQtmljRc6HEFdnpgX9pwzckUIrk','pCqddaepuPzkUUlXVIGg9DtMtdBnErpvaNfg2TyOR14IZGW2VD/n/dS//Xyztj2MKsRl8L5oHwUbF9vDedDJrQ==',NULL,NULL,NULL,'a:0:{}','Joel','Gerber','2018-10-09 13:43:11','2018-10-09 13:43:11',20,'employee',1),(18,'bwuthrich','bwuthrich','aschmid@gasser.com','aschmid@gasser.com',0,'ywkxHjrazoBvFOM4Zb48ljvqzydRrlVIfHFyOdhUqnQ','dq6CrZx3PeaIwq+09833KHOE/js1OUo5+Tzg1n3YBZSLmx/Nj6akMY3cyRcRi+cohcBqLOqnWITOu//x6sWqpQ==',NULL,NULL,NULL,'a:0:{}','Gisela','Niederberger','2018-10-09 13:43:11','2018-10-09 13:43:11',20,'employee',1),(19,'jlehmann','jlehmann','mehmet.kuster@gmx.ch','mehmet.kuster@gmx.ch',1,'uUwv8/sSwWF.LHT06nCTKcCVQx0J9GPkpXsslOUS0No','5JCHQRWbbLMYARg8/Idag2jqli9fYPo0wZTAySOYIUoitYFAdr6z1+ZPWp+3VYHP9Jn59D447suXR5MG7vYALQ==',NULL,NULL,NULL,'a:0:{}','Wilhelm','Sommer','2018-10-09 13:43:11','2018-10-09 13:43:11',20,'employee',1),(20,'arnold.elisabeth','arnold.elisabeth','rohrer.pius@frei.ch','rohrer.pius@frei.ch',0,'lm9.aRAUKle8RO9hUXJ.4Stqx1xVzOmG.hwhNHHl390','QrqXJ5R0fAk8oESZK7JoyL+JAP4eLxB71TYqKrT+ROCkYWU0FHGA3+m0wtMMsig4d93NVREZOdm9pHd+1x4Efg==',NULL,NULL,NULL,'a:0:{}','Nadja','Christen','2018-10-09 13:43:11','2018-10-09 13:43:11',20,'employee',1),(21,'stadelmann.denis','stadelmann.denis','tlutz@swissonline.ch','tlutz@swissonline.ch',1,'ggAzP.1GQ6lFRL3AjnJTrNCBeJ6W5nwYXEwaxsROZOc','9/F/nJUQfAziLkqjj7evWIlUdsQmLxM0JpV64zhat8opKLy6oub1UxJgXJTVnN7ijfQriwEpTAbq5rj9npcYkw==',NULL,NULL,NULL,'a:0:{}','Stephanie','Ott','2018-10-09 13:43:11','2018-10-09 13:43:11',20,'employee',1),(22,'kilian84','kilian84','yschar@googlemail.com','yschar@googlemail.com',0,'kf6DImyQByfa9CR2KS4lLPcIlHDjVMI1kpM93wCvxJw','tJeAFk+tkfpP2E/huXPJG/UwvFLMkRqoFIvgWWx+83sg/jOPAfr+RlhxUrSkjFvjqV2V6f5fvXuDhEBF/GawyQ==',NULL,NULL,NULL,'a:0:{}','Elsbeth','Steiner','2018-10-09 13:43:11','2018-10-09 13:43:11',20,'employee',1),(23,'eichenberger.ana','eichenberger.ana','marty.jonas@wirth.com','marty.jonas@wirth.com',0,'AnSXilZY1Yh8BDiAESIdHOv7iYeSgXX9ZPWZya7cV7Q','UcY0l4YrJEZqnl3V6UAfPnpBgRy/1tTUaXUMGfpR6xET4tejg0bpVx8MizUIGErNF4chhxP0a9J5nWlF2AWI3g==',NULL,NULL,NULL,'a:0:{}','Anna','Kuster','2018-10-09 13:43:11','2018-10-09 13:43:11',20,'employee',1),(24,'dieter51','dieter51','fischer.louis@buhler.com','fischer.louis@buhler.com',0,'EbD63x1GVkUyPeSwkH7acXk9PkrhYz/50jZWAohzL98','XZRGFKoToPVEmMoBXWbq1/0qUs0WV7HtKcpzUBQFyOCvWCwBbd/0+P2NnVapKS1+sOig3H11UqX70wei5wHM8Q==',NULL,NULL,NULL,'a:0:{}','Tim','Rohner','2018-10-09 13:43:11','2018-10-09 13:43:11',20,'employee',1),(25,'burgi.richard','burgi.richard','jweiss@yahoo.com','jweiss@yahoo.com',1,'QhEgAPqT8xxfSIh0ukz09Bqmuh/65CeQP7.4tfXpmzI','bypdaEyuhl26AKn7F8BKF+R6kFd2Vie3m2o2cQ307q0MYM9ey9MTKjSvHhdrxz7+FyUggL7JRznoYd/O5/ipTA==',NULL,NULL,NULL,'a:0:{}','Paul','Mathis','2018-10-09 13:43:11','2018-10-09 13:43:11',20,'employee',1),(26,'alexandra82','alexandra82','stockli.michel@googlemail.com','stockli.michel@googlemail.com',0,'WXMNQL4l6ZH1.VliriSHT/u6dovgKPZunc6NWX/suaY','PGN1awW6yqIQI1Mh5ovlcen1AULa/Agf5S3Ui37WHhR0l4v8I7Oo1gguN/RMlJ6j8k7jV0yM/HgCzUtBGHUjPA==',NULL,NULL,NULL,'a:0:{}','Georg','Bühler','2018-10-09 13:43:11','2018-10-09 13:43:11',20,'employee',1);
/*!40000 ALTER TABLE `users` ENABLE KEYS */;
UNLOCK TABLES;
/*!40103 SET TIME_ZONE=@OLD_TIME_ZONE */;

/*!40101 SET SQL_MODE=@OLD_SQL_MODE */;
/*!40014 SET FOREIGN_KEY_CHECKS=@OLD_FOREIGN_KEY_CHECKS */;
/*!40014 SET UNIQUE_CHECKS=@OLD_UNIQUE_CHECKS */;
/*!40101 SET CHARACTER_SET_CLIENT=@OLD_CHARACTER_SET_CLIENT */;
/*!40101 SET CHARACTER_SET_RESULTS=@OLD_CHARACTER_SET_RESULTS */;
/*!40101 SET COLLATION_CONNECTION=@OLD_COLLATION_CONNECTION */;
/*!40111 SET SQL_NOTES=@OLD_SQL_NOTES */;

-- Dump completed on 2018-10-09 11:43:13
